2025-10-23 00:51:54,707 - INFO - Model and TF-IDF vectorizer loaded successfully.
2025-10-23 00:51:55,153 - WARNING -  * Debugger is active!
2025-10-23 00:51:55,155 - INFO -  * Debugger PIN: 603-667-668
2025-10-23 00:51:57,675 - INFO -  * Detected change in 'C:\\Users\\Muiz\\OneDrive\\Desktop\\Mini Project Sem 5\\Fake_News_Detection\\api.py', reloading
2025-10-23 00:52:00,887 - INFO - Model and TF-IDF vectorizer loaded successfully.
2025-10-23 00:52:01,336 - WARNING -  * Debugger is active!
2025-10-23 00:52:01,338 - INFO -  * Debugger PIN: 603-667-668
2025-10-23 00:53:09,213 - INFO -  * Detected change in 'C:\\Users\\Muiz\\OneDrive\\Desktop\\Mini Project Sem 5\\Fake_News_Detection\\api.py', reloading
2025-10-23 00:53:09,219 - INFO -  * Detected change in 'C:\\Users\\Muiz\\OneDrive\\Desktop\\Mini Project Sem 5\\Fake_News_Detection\\api.py', reloading
2025-10-23 00:53:12,920 - INFO - Model and TF-IDF vectorizer loaded successfully.
2025-10-23 00:53:13,358 - WARNING -  * Debugger is active!
2025-10-23 00:53:13,360 - INFO -  * Debugger PIN: 603-667-668
2025-10-23 00:53:53,481 - INFO -  * Detected change in 'C:\\Users\\Muiz\\OneDrive\\Desktop\\Mini Project Sem 5\\Fake_News_Detection\\api.py', reloading
2025-10-23 00:53:53,483 - INFO -  * Detected change in 'C:\\Users\\Muiz\\OneDrive\\Desktop\\Mini Project Sem 5\\Fake_News_Detection\\api.py', reloading
2025-10-23 00:53:55,875 - INFO - Model and TF-IDF vectorizer loaded successfully.
2025-10-23 00:53:56,311 - WARNING -  * Debugger is active!
2025-10-23 00:53:56,313 - INFO -  * Debugger PIN: 603-667-668
2025-10-23 00:54:20,384 - INFO -  * Detected change in 'C:\\Users\\Muiz\\OneDrive\\Desktop\\Mini Project Sem 5\\Fake_News_Detection\\api.py', reloading
2025-10-23 00:54:22,688 - INFO - Model and TF-IDF vectorizer loaded successfully.
2025-10-23 00:54:23,195 - WARNING -  * Debugger is active!
2025-10-23 00:54:23,197 - INFO -  * Debugger PIN: 603-667-668
2025-10-23 00:56:23,049 - INFO - Model and TF-IDF vectorizer loaded successfully.
2025-10-23 00:56:23,539 - INFO - [31m[1mWARNING: This is a development server. Do not use it in a production deployment. Use a production WSGI server instead.[0m
 * Running on http://127.0.0.1:5000
2025-10-23 00:56:23,539 - INFO - [33mPress CTRL+C to quit[0m
2025-10-23 00:56:23,552 - INFO -  * Restarting with watchdog (windowsapi)
2025-10-23 00:56:25,687 - INFO - Model and TF-IDF vectorizer loaded successfully.
2025-10-23 00:56:26,166 - WARNING -  * Debugger is active!
2025-10-23 00:56:26,168 - INFO -  * Debugger PIN: 603-667-668
2025-10-23 00:56:27,597 - INFO - 127.0.0.1 - - [23/Oct/2025 00:56:27] "GET / HTTP/1.1" 200 -
2025-10-23 00:56:31,343 - INFO - 127.0.0.1 - - [23/Oct/2025 00:56:31] "GET /load_dataset HTTP/1.1" 200 -
2025-10-23 00:56:33,492 - INFO - 127.0.0.1 - - [23/Oct/2025 00:56:33] "GET /selected_features HTTP/1.1" 200 -
2025-10-23 00:56:40,455 - INFO - 127.0.0.1 - - [23/Oct/2025 00:56:40] "GET /selected_features HTTP/1.1" 200 -
2025-10-23 00:56:50,527 - ERROR - Error preprocessing text: 
**********************************************************************
  Resource [93mpunkt_tab[0m not found.
  Please use the NLTK Downloader to obtain the resource:

  [31m>>> import nltk
  >>> nltk.download('punkt_tab')
  [0m
  For more information see: https://www.nltk.org/data.html

  Attempted to load [93mtokenizers/punkt_tab/english/[0m

  Searched in:
    - 'C:\\Users\\Muiz/nltk_data'
    - 'C:\\Users\\Muiz\\AppData\\Local\\Programs\\Python\\Python313\\nltk_data'
    - 'C:\\Users\\Muiz\\AppData\\Local\\Programs\\Python\\Python313\\share\\nltk_data'
    - 'C:\\Users\\Muiz\\AppData\\Local\\Programs\\Python\\Python313\\lib\\nltk_data'
    - 'C:\\Users\\Muiz\\AppData\\Roaming\\nltk_data'
    - 'C:\\nltk_data'
    - 'D:\\nltk_data'
    - 'E:\\nltk_data'
**********************************************************************

2025-10-23 00:56:50,577 - INFO - 127.0.0.1 - - [23/Oct/2025 00:56:50] "POST /predict HTTP/1.1" 200 -
2025-10-23 01:02:52,079 - INFO - Model and TF-IDF vectorizer loaded successfully.
2025-10-23 01:02:52,536 - INFO - [31m[1mWARNING: This is a development server. Do not use it in a production deployment. Use a production WSGI server instead.[0m
 * Running on http://127.0.0.1:5000
2025-10-23 01:02:52,536 - INFO - [33mPress CTRL+C to quit[0m
2025-10-23 01:02:52,547 - INFO -  * Restarting with watchdog (windowsapi)
2025-10-23 01:02:54,760 - INFO - Model and TF-IDF vectorizer loaded successfully.
2025-10-23 01:02:55,186 - WARNING -  * Debugger is active!
2025-10-23 01:02:55,189 - INFO -  * Debugger PIN: 603-667-668
2025-10-23 01:02:56,599 - INFO - 127.0.0.1 - - [23/Oct/2025 01:02:56] "GET / HTTP/1.1" 200 -
2025-10-23 01:02:57,364 - INFO - 127.0.0.1 - - [23/Oct/2025 01:02:57] "GET /load_dataset HTTP/1.1" 200 -
2025-10-23 01:02:57,905 - INFO - 127.0.0.1 - - [23/Oct/2025 01:02:57] "GET / HTTP/1.1" 200 -
2025-10-23 01:02:58,596 - INFO - 127.0.0.1 - - [23/Oct/2025 01:02:58] "GET /load_dataset HTTP/1.1" 200 -
2025-10-23 01:03:00,520 - INFO - 127.0.0.1 - - [23/Oct/2025 01:03:00] "GET /selected_features HTTP/1.1" 200 -
2025-10-23 01:03:23,276 - ERROR - Error preprocessing text: 
**********************************************************************
  Resource [93mpunkt_tab[0m not found.
  Please use the NLTK Downloader to obtain the resource:

  [31m>>> import nltk
  >>> nltk.download('punkt_tab')
  [0m
  For more information see: https://www.nltk.org/data.html

  Attempted to load [93mtokenizers/punkt_tab/english/[0m

  Searched in:
    - 'C:\\Users\\Muiz/nltk_data'
    - 'C:\\Users\\Muiz\\AppData\\Local\\Programs\\Python\\Python313\\nltk_data'
    - 'C:\\Users\\Muiz\\AppData\\Local\\Programs\\Python\\Python313\\share\\nltk_data'
    - 'C:\\Users\\Muiz\\AppData\\Local\\Programs\\Python\\Python313\\lib\\nltk_data'
    - 'C:\\Users\\Muiz\\AppData\\Roaming\\nltk_data'
    - 'C:\\nltk_data'
    - 'D:\\nltk_data'
    - 'E:\\nltk_data'
**********************************************************************

2025-10-23 01:03:23,292 - INFO - 127.0.0.1 - - [23/Oct/2025 01:03:23] "POST /predict HTTP/1.1" 200 -
2025-10-23 01:04:22,813 - INFO - 127.0.0.1 - - [23/Oct/2025 01:04:22] "GET / HTTP/1.1" 200 -
2025-10-23 01:04:23,408 - INFO - 127.0.0.1 - - [23/Oct/2025 01:04:23] "GET /load_dataset HTTP/1.1" 200 -
2025-10-23 01:04:26,270 - INFO - 127.0.0.1 - - [23/Oct/2025 01:04:26] "GET /selected_features HTTP/1.1" 200 -
2025-10-23 01:04:39,462 - ERROR - Error preprocessing text: 
**********************************************************************
  Resource [93mpunkt_tab[0m not found.
  Please use the NLTK Downloader to obtain the resource:

  [31m>>> import nltk
  >>> nltk.download('punkt_tab')
  [0m
  For more information see: https://www.nltk.org/data.html

  Attempted to load [93mtokenizers/punkt_tab/english/[0m

  Searched in:
    - 'C:\\Users\\Muiz/nltk_data'
    - 'C:\\Users\\Muiz\\AppData\\Local\\Programs\\Python\\Python313\\nltk_data'
    - 'C:\\Users\\Muiz\\AppData\\Local\\Programs\\Python\\Python313\\share\\nltk_data'
    - 'C:\\Users\\Muiz\\AppData\\Local\\Programs\\Python\\Python313\\lib\\nltk_data'
    - 'C:\\Users\\Muiz\\AppData\\Roaming\\nltk_data'
    - 'C:\\nltk_data'
    - 'D:\\nltk_data'
    - 'E:\\nltk_data'
**********************************************************************

2025-10-23 01:04:39,482 - INFO - 127.0.0.1 - - [23/Oct/2025 01:04:39] "POST /predict HTTP/1.1" 200 -
2025-10-23 01:05:04,281 - ERROR - Error preprocessing text: 
**********************************************************************
  Resource [93mpunkt_tab[0m not found.
  Please use the NLTK Downloader to obtain the resource:

  [31m>>> import nltk
  >>> nltk.download('punkt_tab')
  [0m
  For more information see: https://www.nltk.org/data.html

  Attempted to load [93mtokenizers/punkt_tab/english/[0m

  Searched in:
    - 'C:\\Users\\Muiz/nltk_data'
    - 'C:\\Users\\Muiz\\AppData\\Local\\Programs\\Python\\Python313\\nltk_data'
    - 'C:\\Users\\Muiz\\AppData\\Local\\Programs\\Python\\Python313\\share\\nltk_data'
    - 'C:\\Users\\Muiz\\AppData\\Local\\Programs\\Python\\Python313\\lib\\nltk_data'
    - 'C:\\Users\\Muiz\\AppData\\Roaming\\nltk_data'
    - 'C:\\nltk_data'
    - 'D:\\nltk_data'
    - 'E:\\nltk_data'
**********************************************************************

2025-10-23 01:05:04,298 - INFO - 127.0.0.1 - - [23/Oct/2025 01:05:04] "POST /predict HTTP/1.1" 200 -
2025-10-23 01:16:00,824 - INFO - 127.0.0.1 - - [23/Oct/2025 01:16:00] "GET / HTTP/1.1" 200 -
2025-10-23 01:16:01,897 - INFO - 127.0.0.1 - - [23/Oct/2025 01:16:01] "GET /load_dataset HTTP/1.1" 200 -
2025-10-23 01:16:01,912 - INFO - 127.0.0.1 - - [23/Oct/2025 01:16:01] "GET /selected_features HTTP/1.1" 200 -
2025-10-23 01:16:13,555 - ERROR - Error preprocessing text: 
**********************************************************************
  Resource [93mpunkt_tab[0m not found.
  Please use the NLTK Downloader to obtain the resource:

  [31m>>> import nltk
  >>> nltk.download('punkt_tab')
  [0m
  For more information see: https://www.nltk.org/data.html

  Attempted to load [93mtokenizers/punkt_tab/english/[0m

  Searched in:
    - 'C:\\Users\\Muiz/nltk_data'
    - 'C:\\Users\\Muiz\\AppData\\Local\\Programs\\Python\\Python313\\nltk_data'
    - 'C:\\Users\\Muiz\\AppData\\Local\\Programs\\Python\\Python313\\share\\nltk_data'
    - 'C:\\Users\\Muiz\\AppData\\Local\\Programs\\Python\\Python313\\lib\\nltk_data'
    - 'C:\\Users\\Muiz\\AppData\\Roaming\\nltk_data'
    - 'C:\\nltk_data'
    - 'D:\\nltk_data'
    - 'E:\\nltk_data'
**********************************************************************

2025-10-23 01:16:13,579 - INFO - 127.0.0.1 - - [23/Oct/2025 01:16:13] "POST /predict HTTP/1.1" 200 -
2025-10-23 01:20:00,691 - INFO -  * Detected change in 'C:\\Users\\Muiz\\OneDrive\\Desktop\\Mini Project Sem 5\\Fake_News_Detection\\api.py', reloading
2025-10-23 01:20:00,712 - INFO -  * Detected change in 'C:\\Users\\Muiz\\OneDrive\\Desktop\\Mini Project Sem 5\\Fake_News_Detection\\api.py', reloading
2025-10-23 01:20:00,761 - INFO -  * Detected change in 'C:\\Users\\Muiz\\OneDrive\\Desktop\\Mini Project Sem 5\\Fake_News_Detection\\api.py', reloading
2025-10-23 01:20:00,946 - INFO -  * Detected change in 'C:\\Users\\Muiz\\OneDrive\\Desktop\\Mini Project Sem 5\\Fake_News_Detection\\api.py', reloading
2025-10-23 01:20:00,952 - INFO -  * Detected change in 'C:\\Users\\Muiz\\OneDrive\\Desktop\\Mini Project Sem 5\\Fake_News_Detection\\api.py', reloading
2025-10-23 01:20:00,954 - INFO -  * Detected change in 'C:\\Users\\Muiz\\OneDrive\\Desktop\\Mini Project Sem 5\\Fake_News_Detection\\api.py', reloading
2025-10-23 01:20:01,842 - INFO -  * Restarting with watchdog (windowsapi)
2025-10-23 01:20:02,076 - INFO -  * Restarting with watchdog (windowsapi)
2025-10-23 01:20:23,733 - INFO - Model and TF-IDF vectorizer loaded successfully.
2025-10-23 01:20:23,801 - INFO - Model and TF-IDF vectorizer loaded successfully.
2025-10-23 01:20:23,806 - INFO - Model and TF-IDF vectorizer loaded successfully.
2025-10-23 01:20:24,618 - WARNING -  * Debugger is active!
2025-10-23 01:20:24,620 - WARNING -  * Debugger is active!
2025-10-23 01:20:24,622 - WARNING -  * Debugger is active!
2025-10-23 01:20:24,629 - INFO -  * Debugger PIN: 603-667-668
2025-10-23 01:20:24,631 - INFO -  * Debugger PIN: 603-667-668
2025-10-23 01:20:24,634 - INFO -  * Debugger PIN: 603-667-668
2025-10-23 01:20:24,789 - INFO - 127.0.0.1 - - [23/Oct/2025 01:20:24] "GET / HTTP/1.1" 200 -
2025-10-23 01:20:25,830 - INFO - 127.0.0.1 - - [23/Oct/2025 01:20:25] "GET /load_dataset HTTP/1.1" 200 -
2025-10-23 01:20:36,309 - ERROR - Error preprocessing text: 
**********************************************************************
  Resource [93mpunkt_tab[0m not found.
  Please use the NLTK Downloader to obtain the resource:

  [31m>>> import nltk
  >>> nltk.download('punkt_tab')
  [0m
  For more information see: https://www.nltk.org/data.html

  Attempted to load [93mtokenizers/punkt_tab/english/[0m

  Searched in:
    - 'C:\\Users\\Muiz/nltk_data'
    - 'C:\\Users\\Muiz\\AppData\\Local\\Programs\\Python\\Python313\\nltk_data'
    - 'C:\\Users\\Muiz\\AppData\\Local\\Programs\\Python\\Python313\\share\\nltk_data'
    - 'C:\\Users\\Muiz\\AppData\\Local\\Programs\\Python\\Python313\\lib\\nltk_data'
    - 'C:\\Users\\Muiz\\AppData\\Roaming\\nltk_data'
    - 'C:\\nltk_data'
    - 'D:\\nltk_data'
    - 'E:\\nltk_data'
**********************************************************************

2025-10-23 01:20:36,317 - INFO - 127.0.0.1 - - [23/Oct/2025 01:20:36] "[31m[1mPOST /predict HTTP/1.1[0m" 400 -
2025-10-23 01:20:40,446 - ERROR - Error preprocessing text: 
**********************************************************************
  Resource [93mpunkt_tab[0m not found.
  Please use the NLTK Downloader to obtain the resource:

  [31m>>> import nltk
  >>> nltk.download('punkt_tab')
  [0m
  For more information see: https://www.nltk.org/data.html

  Attempted to load [93mtokenizers/punkt_tab/english/[0m

  Searched in:
    - 'C:\\Users\\Muiz/nltk_data'
    - 'C:\\Users\\Muiz\\AppData\\Local\\Programs\\Python\\Python313\\nltk_data'
    - 'C:\\Users\\Muiz\\AppData\\Local\\Programs\\Python\\Python313\\share\\nltk_data'
    - 'C:\\Users\\Muiz\\AppData\\Local\\Programs\\Python\\Python313\\lib\\nltk_data'
    - 'C:\\Users\\Muiz\\AppData\\Roaming\\nltk_data'
    - 'C:\\nltk_data'
    - 'D:\\nltk_data'
    - 'E:\\nltk_data'
**********************************************************************

2025-10-23 01:20:40,449 - INFO - 127.0.0.1 - - [23/Oct/2025 01:20:40] "[31m[1mPOST /predict HTTP/1.1[0m" 400 -
2025-10-23 01:22:51,160 - INFO -  * Detected change in 'C:\\Users\\Muiz\\OneDrive\\Desktop\\Mini Project Sem 5\\Fake_News_Detection\\api.py', reloading
2025-10-23 01:22:51,175 - INFO -  * Detected change in 'C:\\Users\\Muiz\\OneDrive\\Desktop\\Mini Project Sem 5\\Fake_News_Detection\\api.py', reloading
2025-10-23 01:22:51,178 - INFO -  * Detected change in 'C:\\Users\\Muiz\\OneDrive\\Desktop\\Mini Project Sem 5\\Fake_News_Detection\\api.py', reloading
2025-10-23 01:22:51,181 - INFO -  * Detected change in 'C:\\Users\\Muiz\\OneDrive\\Desktop\\Mini Project Sem 5\\Fake_News_Detection\\api.py', reloading
2025-10-23 01:22:52,197 - INFO -  * Restarting with watchdog (windowsapi)
2025-10-23 01:22:52,229 - INFO -  * Restarting with watchdog (windowsapi)
2025-10-23 01:22:53,790 - INFO - Model and TF-IDF vectorizer loaded successfully.
2025-10-23 01:22:53,795 - INFO - Model and TF-IDF vectorizer loaded successfully.
2025-10-23 01:22:54,283 - WARNING -  * Debugger is active!
2025-10-23 01:22:54,283 - WARNING -  * Debugger is active!
2025-10-23 01:22:54,287 - INFO -  * Debugger PIN: 603-667-668
2025-10-23 01:22:54,290 - INFO -  * Debugger PIN: 603-667-668
2025-10-23 01:22:54,350 - WARNING -  * Debugger is active!
2025-10-23 01:22:54,353 - INFO -  * Debugger PIN: 603-667-668
2025-10-23 01:22:54,502 - INFO -  * Detected change in 'C:\\Users\\Muiz\\OneDrive\\Desktop\\Mini Project Sem 5\\Fake_News_Detection\\api.py', reloading
2025-10-23 01:22:54,503 - INFO -  * Detected change in 'C:\\Users\\Muiz\\OneDrive\\Desktop\\Mini Project Sem 5\\Fake_News_Detection\\api.py', reloading
2025-10-23 01:22:54,508 - INFO -  * Detected change in 'C:\\Users\\Muiz\\OneDrive\\Desktop\\Mini Project Sem 5\\Fake_News_Detection\\api.py', reloading
2025-10-23 01:22:54,509 - INFO -  * Detected change in 'C:\\Users\\Muiz\\OneDrive\\Desktop\\Mini Project Sem 5\\Fake_News_Detection\\api.py', reloading
2025-10-23 01:22:55,655 - INFO -  * Restarting with watchdog (windowsapi)
2025-10-23 01:22:55,665 - INFO -  * Restarting with watchdog (windowsapi)
2025-10-23 01:22:57,131 - INFO - Model and TF-IDF vectorizer loaded successfully.
2025-10-23 01:22:57,132 - INFO - Model and TF-IDF vectorizer loaded successfully.
2025-10-23 01:22:57,134 - INFO - Model and TF-IDF vectorizer loaded successfully.
2025-10-23 01:22:57,623 - WARNING -  * Debugger is active!
2025-10-23 01:22:57,628 - INFO -  * Debugger PIN: 603-667-668
2025-10-23 01:22:57,648 - WARNING -  * Debugger is active!
2025-10-23 01:22:57,650 - INFO -  * Debugger PIN: 603-667-668
2025-10-23 01:22:57,651 - INFO -  * Debugger PIN: 603-667-668
2025-10-23 01:24:11,881 - INFO - 127.0.0.1 - - [23/Oct/2025 01:24:11] "GET / HTTP/1.1" 200 -
2025-10-23 01:24:12,935 - INFO - 127.0.0.1 - - [23/Oct/2025 01:24:12] "GET /load_dataset HTTP/1.1" 200 -
2025-10-23 01:24:23,338 - ERROR - Error preprocessing text: 
**********************************************************************
  Resource [93mpunkt_tab[0m not found.
  Please use the NLTK Downloader to obtain the resource:

  [31m>>> import nltk
  >>> nltk.download('punkt_tab')
  [0m
  For more information see: https://www.nltk.org/data.html

  Attempted to load [93mtokenizers/punkt_tab/english/[0m

  Searched in:
    - 'C:\\Users\\Muiz/nltk_data'
    - 'C:\\Users\\Muiz\\AppData\\Local\\Programs\\Python\\Python313\\nltk_data'
    - 'C:\\Users\\Muiz\\AppData\\Local\\Programs\\Python\\Python313\\share\\nltk_data'
    - 'C:\\Users\\Muiz\\AppData\\Local\\Programs\\Python\\Python313\\lib\\nltk_data'
    - 'C:\\Users\\Muiz\\AppData\\Roaming\\nltk_data'
    - 'C:\\nltk_data'
    - 'D:\\nltk_data'
    - 'E:\\nltk_data'
**********************************************************************

2025-10-23 01:24:23,360 - INFO - 127.0.0.1 - - [23/Oct/2025 01:24:23] "POST /predict HTTP/1.1" 200 -
2025-10-23 01:24:23,378 - INFO - 127.0.0.1 - - [23/Oct/2025 01:24:23] "GET /selected_features HTTP/1.1" 200 -
2025-10-23 01:26:47,396 - INFO -  * Detected change in 'C:\\Users\\Muiz\\OneDrive\\Desktop\\Mini Project Sem 5\\Fake_News_Detection\\api.py', reloading
2025-10-23 01:26:47,399 - INFO -  * Detected change in 'C:\\Users\\Muiz\\OneDrive\\Desktop\\Mini Project Sem 5\\Fake_News_Detection\\api.py', reloading
2025-10-23 01:26:47,402 - INFO -  * Detected change in 'C:\\Users\\Muiz\\OneDrive\\Desktop\\Mini Project Sem 5\\Fake_News_Detection\\api.py', reloading
2025-10-23 01:26:47,404 - INFO -  * Detected change in 'C:\\Users\\Muiz\\OneDrive\\Desktop\\Mini Project Sem 5\\Fake_News_Detection\\api.py', reloading
2025-10-23 01:26:48,441 - INFO -  * Restarting with watchdog (windowsapi)
2025-10-23 01:26:48,472 - INFO -  * Restarting with watchdog (windowsapi)
2025-10-23 01:42:46,280 - INFO -  * Restarting with watchdog (windowsapi)
2025-10-23 01:42:46,302 - INFO -  * Restarting with watchdog (windowsapi)
2025-10-23 01:42:51,137 - INFO -  * Restarting with watchdog (windowsapi)
2025-10-23 01:42:51,149 - INFO -  * Restarting with watchdog (windowsapi)
2025-10-23 01:42:55,005 - INFO -  * Restarting with watchdog (windowsapi)
2025-10-23 01:42:55,015 - INFO -  * Restarting with watchdog (windowsapi)
2025-10-23 01:42:56,711 - INFO - Model and TF-IDF vectorizer loaded successfully.
2025-10-23 01:42:56,776 - INFO - Model and TF-IDF vectorizer loaded successfully.
2025-10-23 01:42:57,241 - WARNING -  * Debugger is active!
2025-10-23 01:42:57,244 - INFO -  * Debugger PIN: 603-667-668
2025-10-23 01:42:57,258 - INFO - Model and TF-IDF vectorizer loaded successfully.
2025-10-23 01:42:57,359 - WARNING -  * Debugger is active!
2025-10-23 01:42:57,362 - INFO -  * Debugger PIN: 603-667-668
2025-10-23 01:42:57,642 - WARNING -  * Debugger is active!
2025-10-23 01:42:57,644 - INFO -  * Debugger PIN: 603-667-668
2025-10-23 01:43:08,701 - INFO -  * Detected change in 'C:\\Users\\Muiz\\OneDrive\\Desktop\\Mini Project Sem 5\\Fake_News_Detection\\api.py', reloading
2025-10-23 01:43:08,705 - INFO -  * Detected change in 'C:\\Users\\Muiz\\OneDrive\\Desktop\\Mini Project Sem 5\\Fake_News_Detection\\api.py', reloading
2025-10-23 01:43:09,072 - INFO -  * Detected change in 'C:\\Users\\Muiz\\OneDrive\\Desktop\\Mini Project Sem 5\\Fake_News_Detection\\api.py', reloading
2025-10-23 01:43:09,072 - INFO -  * Detected change in 'C:\\Users\\Muiz\\OneDrive\\Desktop\\Mini Project Sem 5\\Fake_News_Detection\\api.py', reloading
2025-10-23 01:43:09,074 - INFO -  * Detected change in 'C:\\Users\\Muiz\\OneDrive\\Desktop\\Mini Project Sem 5\\Fake_News_Detection\\api.py', reloading
2025-10-23 01:43:09,719 - INFO -  * Restarting with watchdog (windowsapi)
2025-10-23 01:43:09,820 - INFO -  * Restarting with watchdog (windowsapi)
2025-10-23 01:47:40,521 - INFO -  * Restarting with watchdog (windowsapi)
2025-10-23 01:47:40,546 - INFO -  * Restarting with watchdog (windowsapi)
2025-10-23 01:49:15,120 - INFO -  * Restarting with watchdog (windowsapi)
2025-10-23 01:49:15,149 - INFO -  * Restarting with watchdog (windowsapi)
2025-10-23 01:49:17,037 - INFO - Model and TF-IDF vectorizer loaded successfully.
2025-10-23 01:49:17,075 - INFO - Model and TF-IDF vectorizer loaded successfully.
2025-10-23 01:49:17,080 - INFO - Model and TF-IDF vectorizer loaded successfully.
2025-10-23 01:49:17,434 - WARNING -  * Debugger is active!
2025-10-23 01:49:17,436 - INFO -  * Debugger PIN: 603-667-668
2025-10-23 01:49:17,444 - WARNING -  * Debugger is active!
2025-10-23 01:49:17,450 - INFO -  * Debugger PIN: 603-667-668
2025-10-23 01:49:17,455 - WARNING -  * Debugger is active!
2025-10-23 01:49:17,459 - INFO -  * Debugger PIN: 603-667-668
2025-10-23 01:50:04,094 - INFO - 127.0.0.1 - - [23/Oct/2025 01:50:04] "GET / HTTP/1.1" 200 -
2025-10-23 01:50:04,748 - INFO - 127.0.0.1 - - [23/Oct/2025 01:50:04] "GET /load_dataset HTTP/1.1" 200 -
2025-10-23 01:50:17,285 - ERROR - Error preprocessing text: 
**********************************************************************
  Resource [93mpunkt_tab[0m not found.
  Please use the NLTK Downloader to obtain the resource:

  [31m>>> import nltk
  >>> nltk.download('punkt_tab')
  [0m
  For more information see: https://www.nltk.org/data.html

  Attempted to load [93mtokenizers/punkt_tab/english/[0m

  Searched in:
    - 'C:\\Users\\Muiz/nltk_data'
    - 'C:\\Users\\Muiz\\AppData\\Local\\Programs\\Python\\Python313\\nltk_data'
    - 'C:\\Users\\Muiz\\AppData\\Local\\Programs\\Python\\Python313\\share\\nltk_data'
    - 'C:\\Users\\Muiz\\AppData\\Local\\Programs\\Python\\Python313\\lib\\nltk_data'
    - 'C:\\Users\\Muiz\\AppData\\Roaming\\nltk_data'
    - 'C:\\nltk_data'
    - 'D:\\nltk_data'
    - 'E:\\nltk_data'
**********************************************************************

2025-10-23 01:50:17,299 - INFO - 127.0.0.1 - - [23/Oct/2025 01:50:17] "POST /predict HTTP/1.1" 200 -
2025-10-23 01:50:17,344 - INFO - 127.0.0.1 - - [23/Oct/2025 01:50:17] "GET /selected_features HTTP/1.1" 200 -
2025-10-23 01:53:49,122 - INFO -  * Detected change in 'C:\\Users\\Muiz\\OneDrive\\Desktop\\Mini Project Sem 5\\Fake_News_Detection\\api.py', reloading
2025-10-23 01:53:49,149 - INFO -  * Detected change in 'C:\\Users\\Muiz\\OneDrive\\Desktop\\Mini Project Sem 5\\Fake_News_Detection\\api.py', reloading
2025-10-23 01:53:49,151 - INFO -  * Detected change in 'C:\\Users\\Muiz\\OneDrive\\Desktop\\Mini Project Sem 5\\Fake_News_Detection\\api.py', reloading
2025-10-23 01:53:49,152 - INFO -  * Detected change in 'C:\\Users\\Muiz\\OneDrive\\Desktop\\Mini Project Sem 5\\Fake_News_Detection\\api.py', reloading
2025-10-23 01:53:49,154 - INFO -  * Detected change in 'C:\\Users\\Muiz\\OneDrive\\Desktop\\Mini Project Sem 5\\Fake_News_Detection\\api.py', reloading
2025-10-23 01:53:49,155 - INFO -  * Detected change in 'C:\\Users\\Muiz\\OneDrive\\Desktop\\Mini Project Sem 5\\Fake_News_Detection\\api.py', reloading
2025-10-23 01:53:49,189 - INFO -  * Detected change in 'C:\\Users\\Muiz\\OneDrive\\Desktop\\Mini Project Sem 5\\Fake_News_Detection\\api.py', reloading
2025-10-23 01:53:49,189 - INFO -  * Detected change in 'C:\\Users\\Muiz\\OneDrive\\Desktop\\Mini Project Sem 5\\Fake_News_Detection\\api.py', reloading
2025-10-23 01:53:49,189 - INFO -  * Detected change in 'C:\\Users\\Muiz\\OneDrive\\Desktop\\Mini Project Sem 5\\Fake_News_Detection\\api.py', reloading
2025-10-23 01:53:49,191 - INFO -  * Detected change in 'C:\\Users\\Muiz\\OneDrive\\Desktop\\Mini Project Sem 5\\Fake_News_Detection\\api.py', reloading
2025-10-23 01:53:49,191 - INFO -  * Detected change in 'C:\\Users\\Muiz\\OneDrive\\Desktop\\Mini Project Sem 5\\Fake_News_Detection\\api.py', reloading
2025-10-23 01:53:50,928 - INFO -  * Restarting with watchdog (windowsapi)
2025-10-23 01:53:50,950 - INFO -  * Restarting with watchdog (windowsapi)
2025-10-23 01:53:53,172 - INFO - Model and TF-IDF vectorizer loaded successfully.
2025-10-23 01:53:53,173 - INFO - Model and TF-IDF vectorizer loaded successfully.
2025-10-23 01:53:53,181 - INFO - Model and TF-IDF vectorizer loaded successfully.
2025-10-23 01:53:54,174 - WARNING -  * Debugger is active!
2025-10-23 01:53:54,176 - INFO -  * Debugger PIN: 603-667-668
2025-10-23 01:53:54,180 - WARNING -  * Debugger is active!
2025-10-23 01:53:54,182 - INFO -  * Debugger PIN: 603-667-668
2025-10-23 01:53:54,206 - WARNING -  * Debugger is active!
2025-10-23 01:53:54,208 - INFO -  * Debugger PIN: 603-667-668
2025-10-23 01:54:47,347 - INFO - 127.0.0.1 - - [23/Oct/2025 01:54:47] "GET / HTTP/1.1" 200 -
2025-10-23 01:54:47,959 - INFO - 127.0.0.1 - - [23/Oct/2025 01:54:47] "GET /load_dataset HTTP/1.1" 200 -
2025-10-23 01:54:59,332 - ERROR - Error preprocessing text: 
**********************************************************************
  Resource [93mpunkt_tab[0m not found.
  Please use the NLTK Downloader to obtain the resource:

  [31m>>> import nltk
  >>> nltk.download('punkt_tab')
  [0m
  For more information see: https://www.nltk.org/data.html

  Attempted to load [93mtokenizers/punkt_tab/english/[0m

  Searched in:
    - 'C:\\Users\\Muiz/nltk_data'
    - 'C:\\Users\\Muiz\\AppData\\Local\\Programs\\Python\\Python313\\nltk_data'
    - 'C:\\Users\\Muiz\\AppData\\Local\\Programs\\Python\\Python313\\share\\nltk_data'
    - 'C:\\Users\\Muiz\\AppData\\Local\\Programs\\Python\\Python313\\lib\\nltk_data'
    - 'C:\\Users\\Muiz\\AppData\\Roaming\\nltk_data'
    - 'C:\\nltk_data'
    - 'D:\\nltk_data'
    - 'E:\\nltk_data'
**********************************************************************

2025-10-23 01:54:59,347 - INFO - 127.0.0.1 - - [23/Oct/2025 01:54:59] "POST /predict HTTP/1.1" 200 -
2025-10-23 01:54:59,360 - ERROR - Feature load error: Object of type float32 is not JSON serializable
2025-10-23 01:54:59,361 - INFO - 127.0.0.1 - - [23/Oct/2025 01:54:59] "[35m[1mGET /selected_features HTTP/1.1[0m" 500 -
2025-10-23 01:57:28,104 - INFO -  * Detected change in 'C:\\Users\\Muiz\\OneDrive\\Desktop\\Mini Project Sem 5\\Fake_News_Detection\\api.py', reloading
2025-10-23 01:57:28,105 - INFO -  * Detected change in 'C:\\Users\\Muiz\\OneDrive\\Desktop\\Mini Project Sem 5\\Fake_News_Detection\\api.py', reloading
2025-10-23 01:57:28,127 - INFO -  * Detected change in 'C:\\Users\\Muiz\\OneDrive\\Desktop\\Mini Project Sem 5\\Fake_News_Detection\\api.py', reloading
2025-10-23 01:57:28,131 - INFO -  * Detected change in 'C:\\Users\\Muiz\\OneDrive\\Desktop\\Mini Project Sem 5\\Fake_News_Detection\\api.py', reloading
2025-10-23 01:57:28,506 - INFO -  * Detected change in 'C:\\Users\\Muiz\\OneDrive\\Desktop\\Mini Project Sem 5\\Fake_News_Detection\\api.py', reloading
2025-10-23 01:57:28,507 - INFO -  * Detected change in 'C:\\Users\\Muiz\\OneDrive\\Desktop\\Mini Project Sem 5\\Fake_News_Detection\\api.py', reloading
2025-10-23 01:57:28,535 - INFO -  * Detected change in 'C:\\Users\\Muiz\\OneDrive\\Desktop\\Mini Project Sem 5\\Fake_News_Detection\\api.py', reloading
2025-10-23 01:57:28,537 - INFO -  * Detected change in 'C:\\Users\\Muiz\\OneDrive\\Desktop\\Mini Project Sem 5\\Fake_News_Detection\\api.py', reloading
2025-10-23 01:57:28,537 - INFO -  * Detected change in 'C:\\Users\\Muiz\\OneDrive\\Desktop\\Mini Project Sem 5\\Fake_News_Detection\\api.py', reloading
2025-10-23 01:57:30,390 - INFO -  * Restarting with watchdog (windowsapi)
2025-10-23 01:57:30,411 - INFO -  * Restarting with watchdog (windowsapi)
2025-10-23 01:57:32,322 - INFO - Model and TF-IDF vectorizer loaded successfully.
2025-10-23 01:57:32,331 - INFO - Model and TF-IDF vectorizer loaded successfully.
2025-10-23 01:57:32,347 - INFO - Model and TF-IDF vectorizer loaded successfully.
2025-10-23 01:57:32,753 - WARNING -  * Debugger is active!
2025-10-23 01:57:32,755 - WARNING -  * Debugger is active!
8
2025-10-23 01:57:32,758 - INFO -  * Debugger PIN: 603-667-668
2025-10-23 01:59:02,501 - INFO - 127.0.0.1 - - [23/Oct/2025 01:59:02] "GET / HTTP/1.1" 200 -
2025-10-23 01:59:03,077 - INFO - 127.0.0.1 - - [23/Oct/2025 01:59:03] "GET /load_dataset HTTP/1.1" 200 -
2025-10-23 01:59:15,324 - ERROR - Error preprocessing text: 
**********************************************************************
  Resource [93mpunkt_tab[0m not found.
  Please use the NLTK Downloader to obtain the resource:

  [31m>>> import nltk
  >>> nltk.download('punkt_tab')
  [0m
  For more information see: https://www.nltk.org/data.html

  Attempted to load [93mtokenizers/punkt_tab/english/[0m

  Searched in:
    - 'C:\\Users\\Muiz/nltk_data'
    - 'C:\\Users\\Muiz\\AppData\\Local\\Programs\\Python\\Python313\\nltk_data'
    - 'C:\\Users\\Muiz\\AppData\\Local\\Programs\\Python\\Python313\\share\\nltk_data'
    - 'C:\\Users\\Muiz\\AppData\\Local\\Programs\\Python\\Python313\\lib\\nltk_data'
    - 'C:\\Users\\Muiz\\AppData\\Roaming\\nltk_data'
    - 'C:\\nltk_data'
    - 'D:\\nltk_data'
    - 'E:\\nltk_data'
**********************************************************************

2025-10-23 01:59:15,337 - INFO - 127.0.0.1 - - [23/Oct/2025 01:59:15] "POST /predict HTTP/1.1" 200 -
2025-10-23 01:59:15,351 - INFO - 127.0.0.1 - - [23/Oct/2025 01:59:15] "GET /selected_features HTTP/1.1" 200 -
2025-10-23 02:02:46,487 - INFO -  * Detected change in 'C:\\Users\\Muiz\\OneDrive\\Desktop\\Mini Project Sem 5\\Fake_News_Detection\\api.py', reloading
2025-10-23 02:02:46,488 - INFO -  * Detected change in 'C:\\Users\\Muiz\\OneDrive\\Desktop\\Mini Project Sem 5\\Fake_News_Detection\\api.py', reloading
2025-10-23 02:02:46,512 - INFO -  * Detected change in 'C:\\Users\\Muiz\\OneDrive\\Desktop\\Mini Project Sem 5\\Fake_News_Detection\\api.py', reloading
2025-10-23 02:02:46,791 - INFO -  * Detected change in 'C:\\Users\\Muiz\\OneDrive\\Desktop\\Mini Project Sem 5\\Fake_News_Detection\\api.py', reloading
2025-10-23 02:02:46,791 - INFO -  * Detected change in 'C:\\Users\\Muiz\\OneDrive\\Desktop\\Mini Project Sem 5\\Fake_News_Detection\\api.py', reloading
2025-10-23 02:02:46,792 - INFO -  * Detected change in 'C:\\Users\\Muiz\\OneDrive\\Desktop\\Mini Project Sem 5\\Fake_News_Detection\\api.py', reloading
2025-10-23 02:02:46,794 - INFO -  * Detected change in 'C:\\Users\\Muiz\\OneDrive\\Desktop\\Mini Project Sem 5\\Fake_News_Detection\\api.py', reloading
2025-10-23 02:02:46,794 - INFO -  * Detected change in 'C:\\Users\\Muiz\\OneDrive\\Desktop\\Mini Project Sem 5\\Fake_News_Detection\\api.py', reloading
2025-10-23 02:02:48,924 - INFO -  * Restarting with watchdog (windowsapi)
2025-10-23 02:02:48,940 - INFO -  * Restarting with watchdog (windowsapi)
2025-10-23 02:02:50,922 - INFO - Model and TF-IDF vectorizer loaded successfully.
2025-10-23 02:02:50,924 - INFO - Model and TF-IDF vectorizer loaded successfully.
2025-10-23 02:02:50,950 - INFO - Model and TF-IDF vectorizer loaded successfully.
2025-10-23 02:02:51,459 - WARNING -  * Debugger is active!
2025-10-23 02:02:51,462 - INFO -  * Debugger PIN: 603-667-668
2025-10-23 02:02:51,571 - WARNING -  * Debugger is active!
2025-10-23 02:02:51,573 - INFO -  * Debugger PIN: 603-667-668
2025-10-23 02:02:51,770 - WARNING -  * Debugger is active!
2025-10-23 02:02:51,772 - INFO -  * Debugger PIN: 603-667-668
2025-10-23 02:03:38,542 - INFO -  * Detected change in 'C:\\Users\\Muiz\\AppData\\Local\\Programs\\Python\\Python313\\Lib\\site-packages\\nltk\\__init__.py', reloading
2025-10-23 02:03:38,621 - INFO -  * Detected change in 'C:\\Users\\Muiz\\AppData\\Local\\Programs\\Python\\Python313\\Lib\\site-packages\\nltk\\collocations.py', reloading
2025-10-23 02:03:38,623 - INFO -  * Detected change in 'C:\\Users\\Muiz\\AppData\\Local\\Programs\\Python\\Python313\\Lib\\site-packages\\nltk\\collocations.py', reloading
2025-10-23 02:03:38,623 - INFO -  * Detected change in 'C:\\Users\\Muiz\\AppData\\Local\\Programs\\Python\\Python313\\Lib\\site-packages\\nltk\\collocations.py', reloading
2025-10-23 02:03:38,686 - INFO -  * Detected change in 'C:\\Users\\Muiz\\AppData\\Local\\Programs\\Python\\Python313\\Lib\\site-packages\\nltk\\featstruct.py', reloading
2025-10-23 02:03:38,689 - INFO -  * Detected change in 'C:\\Users\\Muiz\\AppData\\Local\\Programs\\Python\\Python313\\Lib\\site-packages\\nltk\\featstruct.py', reloading
2025-10-23 02:03:38,855 - INFO -  * Detected change in 'C:\\Users\\Muiz\\AppData\\Local\\Programs\\Python\\Python313\\Lib\\site-packages\\nltk\\grammar.py', reloading
2025-10-23 02:03:38,914 - INFO -  * Detected change in 'C:\\Users\\Muiz\\AppData\\Local\\Programs\\Python\\Python313\\Lib\\site-packages\\nltk\\probability.py', reloading
2025-10-23 02:03:40,094 - INFO -  * Restarting with watchdog (windowsapi)
2025-10-23 02:03:40,139 - INFO -  * Restarting with watchdog (windowsapi)
2025-10-23 02:03:41,873 - INFO - Model and TF-IDF vectorizer loaded successfully.
2025-10-23 02:03:41,873 - INFO - Model and TF-IDF vectorizer loaded successfully.
2025-10-23 02:03:41,876 - INFO - Model and TF-IDF vectorizer loaded successfully.
2025-10-23 02:03:42,343 - WARNING -  * Debugger is active!
2025-10-23 02:03:42,345 - INFO -  * Debugger PIN: 603-667-668
2025-10-23 02:03:42,348 - WARNING -  * Debugger is active!
2025-10-23 02:03:42,349 - WARNING -  * Debugger is active!
2025-10-23 02:03:42,350 - INFO -  * Debugger PIN: 603-667-668
2025-10-23 02:03:42,351 - INFO -  * Debugger PIN: 603-667-668
2025-10-23 02:03:56,049 - INFO - 127.0.0.1 - - [23/Oct/2025 02:03:56] "GET / HTTP/1.1" 200 -
2025-10-23 02:03:56,654 - INFO - 127.0.0.1 - - [23/Oct/2025 02:03:56] "GET /load_dataset HTTP/1.1" 200 -
2025-10-23 02:04:07,031 - ERROR - Error preprocessing text: 
**********************************************************************
  Resource [93mpunkt_tab[0m not found.
  Please use the NLTK Downloader to obtain the resource:

  [31m>>> import nltk
  >>> nltk.download('punkt_tab')
  [0m
  For more information see: https://www.nltk.org/data.html

  Attempted to load [93mtokenizers/punkt_tab/english/[0m

  Searched in:
    - 'C:\\Users\\Muiz/nltk_data'
    - 'C:\\Users\\Muiz\\AppData\\Local\\Programs\\Python\\Python313\\nltk_data'
    - 'C:\\Users\\Muiz\\AppData\\Local\\Programs\\Python\\Python313\\share\\nltk_data'
    - 'C:\\Users\\Muiz\\AppData\\Local\\Programs\\Python\\Python313\\lib\\nltk_data'
    - 'C:\\Users\\Muiz\\AppData\\Roaming\\nltk_data'
    - 'C:\\nltk_data'
    - 'D:\\nltk_data'
    - 'E:\\nltk_data'
**********************************************************************

2025-10-23 02:04:07,077 - ERROR - Prediction error: Object of type float32 is not JSON serializable
2025-10-23 02:04:07,079 - INFO - 127.0.0.1 - - [23/Oct/2025 02:04:07] "[35m[1mPOST /predict HTTP/1.1[0m" 500 -
2025-10-23 02:07:46,621 - INFO -  * Detected change in 'C:\\Users\\Muiz\\OneDrive\\Desktop\\Mini Project Sem 5\\Fake_News_Detection\\api.py', reloading
2025-10-23 02:07:46,622 - INFO -  * Detected change in 'C:\\Users\\Muiz\\OneDrive\\Desktop\\Mini Project Sem 5\\Fake_News_Detection\\api.py', reloading
2025-10-23 02:07:46,624 - INFO -  * Detected change in 'C:\\Users\\Muiz\\OneDrive\\Desktop\\Mini Project Sem 5\\Fake_News_Detection\\api.py', reloading
2025-10-23 02:07:46,645 - INFO -  * Detected change in 'C:\\Users\\Muiz\\OneDrive\\Desktop\\Mini Project Sem 5\\Fake_News_Detection\\api.py', reloading
2025-10-23 02:07:46,646 - INFO -  * Detected change in 'C:\\Users\\Muiz\\OneDrive\\Desktop\\Mini Project Sem 5\\Fake_News_Detection\\api.py', reloading
2025-10-23 02:07:47,611 - INFO -  * Restarting with watchdog (windowsapi)
2025-10-23 02:07:47,633 - INFO -  * Restarting with watchdog (windowsapi)
2025-10-23 02:07:49,469 - INFO - Model and TF-IDF vectorizer loaded successfully.
2025-10-23 02:07:49,478 - INFO - Model and TF-IDF vectorizer loaded successfully.
2025-10-23 02:07:49,534 - INFO - Model and TF-IDF vectorizer loaded successfully.
2025-10-23 02:07:49,898 - WARNING -  * Debugger is active!
2025-10-23 02:07:49,900 - INFO -  * Debugger PIN: 603-667-668
2025-10-23 02:07:49,939 - WARNING -  * Debugger is active!
2025-10-23 02:07:49,941 - INFO -  * Debugger PIN: 603-667-668
2025-10-23 02:07:49,957 - WARNING -  * Debugger is active!
2025-10-23 02:07:49,959 - INFO -  * Debugger PIN: 603-667-668
2025-10-23 02:08:05,688 - INFO - 127.0.0.1 - - [23/Oct/2025 02:08:05] "GET / HTTP/1.1" 200 -
2025-10-23 02:08:06,344 - INFO - 127.0.0.1 - - [23/Oct/2025 02:08:06] "GET /load_dataset HTTP/1.1" 200 -
2025-10-23 02:08:21,827 - ERROR - Error preprocessing text: 
**********************************************************************
  Resource [93mpunkt_tab[0m not found.
  Please use the NLTK Downloader to obtain the resource:

  [31m>>> import nltk
  >>> nltk.download('punkt_tab')
  [0m
  For more information see: https://www.nltk.org/data.html

  Attempted to load [93mtokenizers/punkt_tab/english/[0m

  Searched in:
    - 'C:\\Users\\Muiz/nltk_data'
    - 'C:\\Users\\Muiz\\AppData\\Local\\Programs\\Python\\Python313\\nltk_data'
    - 'C:\\Users\\Muiz\\AppData\\Local\\Programs\\Python\\Python313\\share\\nltk_data'
    - 'C:\\Users\\Muiz\\AppData\\Local\\Programs\\Python\\Python313\\lib\\nltk_data'
    - 'C:\\Users\\Muiz\\AppData\\Roaming\\nltk_data'
    - 'C:\\nltk_data'
    - 'D:\\nltk_data'
    - 'E:\\nltk_data'
**********************************************************************

2025-10-23 02:08:21,841 - INFO - 127.0.0.1 - - [23/Oct/2025 02:08:21] "POST /predict HTTP/1.1" 200 -
2025-10-23 02:08:21,853 - INFO - 127.0.0.1 - - [23/Oct/2025 02:08:21] "GET /selected_features HTTP/1.1" 200 -
2025-10-23 02:12:50,390 - INFO -  * Detected change in 'C:\\Users\\Muiz\\OneDrive\\Desktop\\Mini Project Sem 5\\Fake_News_Detection\\check_accuracy.py', reloading
2025-10-23 02:12:50,391 - INFO -  * Detected change in 'C:\\Users\\Muiz\\OneDrive\\Desktop\\Mini Project Sem 5\\Fake_News_Detection\\check_accuracy.py', reloading
2025-10-23 02:12:50,392 - INFO -  * Detected change in 'C:\\Users\\Muiz\\OneDrive\\Desktop\\Mini Project Sem 5\\Fake_News_Detection\\check_accuracy.py', reloading
2025-10-23 02:12:53,248 - INFO -  * Restarting with watchdog (windowsapi)
2025-10-23 02:12:53,359 - INFO -  * Restarting with watchdog (windowsapi)
2025-10-23 02:12:55,500 - INFO - Model and TF-IDF vectorizer loaded successfully.
2025-10-23 02:12:55,801 - WARNING -  * Debugger is active!
2025-10-23 02:12:55,803 - INFO -  * Debugger PIN: 603-667-668
2025-10-23 02:12:55,967 - INFO - Model and TF-IDF vectorizer loaded successfully.
2025-10-23 02:12:56,040 - INFO - Model and TF-IDF vectorizer loaded successfully.
2025-10-23 02:12:56,261 - WARNING -  * Debugger is active!
2025-10-23 02:12:56,263 - INFO -  * Debugger PIN: 603-667-668
2025-10-23 02:12:56,365 - WARNING -  * Debugger is active!
2025-10-23 02:12:56,367 - INFO -  * Debugger PIN: 603-667-668
2025-10-23 02:12:58,328 - INFO -  * Detected change in 'C:\\Users\\Muiz\\AppData\\Local\\Programs\\Python\\Python313\\Lib\\idlelib\\__init__.py', reloading
2025-10-23 02:12:58,329 - INFO -  * Detected change in 'C:\\Users\\Muiz\\AppData\\Local\\Programs\\Python\\Python313\\Lib\\idlelib\\__init__.py', reloading
2025-10-23 02:12:58,339 - INFO -  * Detected change in 'C:\\Users\\Muiz\\AppData\\Local\\Programs\\Python\\Python313\\Lib\\test\\__init__.py', reloading
2025-10-23 02:12:58,339 - INFO -  * Detected change in 'C:\\Users\\Muiz\\AppData\\Local\\Programs\\Python\\Python313\\Lib\\test\\__init__.py', reloading
2025-10-23 02:12:58,352 - INFO -  * Detected change in 'C:\\Users\\Muiz\\AppData\\Local\\Programs\\Python\\Python313\\Lib\\turtledemo\\__init__.py', reloading
2025-10-23 02:12:58,352 - INFO -  * Detected change in 'C:\\Users\\Muiz\\AppData\\Local\\Programs\\Python\\Python313\\Lib\\turtledemo\\__init__.py', reloading
2025-10-23 02:12:58,366 - INFO -  * Detected change in 'C:\\Users\\Muiz\\AppData\\Local\\Programs\\Python\\Python313\\Lib\\__phello__\\__init__.py', reloading
2025-10-23 02:12:58,367 - INFO -  * Detected change in 'C:\\Users\\Muiz\\AppData\\Local\\Programs\\Python\\Python313\\Lib\\__phello__\\__init__.py', reloading
2025-10-23 02:12:58,642 - INFO -  * Detected change in 'C:\\Users\\Muiz\\AppData\\Local\\Programs\\Python\\Python313\\Lib\\site-packages\\sympy\\core\\intfunc.py', reloading
2025-10-23 02:12:58,643 - INFO -  * Detected change in 'C:\\Users\\Muiz\\AppData\\Local\\Programs\\Python\\Python313\\Lib\\site-packages\\sympy\\core\\intfunc.py', reloading
2025-10-23 02:12:58,645 - INFO -  * Restarting with watchdog (windowsapi)
2025-10-23 02:12:58,696 - INFO -  * Detected change in 'C:\\Users\\Muiz\\AppData\\Local\\Programs\\Python\\Python313\\Lib\\site-packages\\sympy\\functions\\elementary\\integers.py', reloading
2025-10-23 02:12:58,696 - INFO -  * Detected change in 'C:\\Users\\Muiz\\AppData\\Local\\Programs\\Python\\Python313\\Lib\\site-packages\\sympy\\functions\\elementary\\integers.py', reloading
2025-10-23 02:12:58,719 - INFO -  * Detected change in 'C:\\Users\\Muiz\\AppData\\Local\\Programs\\Python\\Python313\\Lib\\site-packages\\sympy\\geometry\\exceptions.py', reloading
2025-10-23 02:12:58,720 - INFO -  * Detected change in 'C:\\Users\\Muiz\\AppData\\Local\\Programs\\Python\\Python313\\Lib\\site-packages\\sympy\\geometry\\exceptions.py', reloading
2025-10-23 02:12:58,788 - INFO -  * Detected change in 'C:\\Users\\Muiz\\AppData\\Local\\Programs\\Python\\Python313\\Lib\\site-packages\\sympy\\matrices\\exceptions.py', reloading
2025-10-23 02:12:58,789 - INFO -  * Detected change in 'C:\\Users\\Muiz\\AppData\\Local\\Programs\\Python\\Python313\\Lib\\site-packages\\sympy\\matrices\\exceptions.py', reloading
2025-10-23 02:12:58,801 - INFO -  * Detected change in 'C:\\Users\\Muiz\\AppData\\Local\\Programs\\Python\\Python313\\Lib\\site-packages\\sympy\\matrices\\sparsetools.py', reloading
2025-10-23 02:12:58,801 - INFO -  * Detected change in 'C:\\Users\\Muiz\\AppData\\Local\\Programs\\Python\\Python313\\Lib\\site-packages\\sympy\\matrices\\sparsetools.py', reloading
2025-10-23 02:12:58,879 - INFO -  * Detected change in 'C:\\Users\\Muiz\\AppData\\Local\\Programs\\Python\\Python313\\Lib\\site-packages\\sympy\\polys\\domains\\gmpyfinitefield.py', reloading
2025-10-23 02:12:58,898 - INFO -  * Detected change in 'C:\\Users\\Muiz\\AppData\\Local\\Programs\\Python\\Python313\\Lib\\site-packages\\sympy\\polys\\domains\\pythonfinitefield.py', reloading
2025-10-23 02:12:58,956 - INFO -  * Detected change in 'C:\\Users\\Muiz\\AppData\\Local\\Programs\\Python\\Python313\\Lib\\site-packages\\sympy\\printing\\smtlib.py', reloading
2025-10-23 02:12:58,988 - INFO -  * Detected change in 'C:\\Users\\Muiz\\AppData\\Local\\Programs\\Python\\Python313\\Lib\\site-packages\\sympy\\release.py', reloading
2025-10-23 02:12:59,013 - INFO -  * Detected change in 'C:\\Users\\Muiz\\AppData\\Local\\Programs\\Python\\Python313\\Lib\\site-packages\\sympy\\series\\residues.py', reloading
2025-10-23 02:12:59,023 - INFO -  * Detected change in 'C:\\Users\\Muiz\\AppData\\Local\\Programs\\Python\\Python313\\Lib\\site-packages\\sympy\\series\\series.py', reloading
2025-10-23 02:12:59,110 - INFO -  * Detected change in 'C:\\Users\\Muiz\\AppData\\Local\\Programs\\Python\\Python313\\Lib\\site-packages\\adodbapi\\__init__.py', reloading
2025-10-23 02:12:59,126 - INFO -  * Detected change in 'C:\\Users\\Muiz\\AppData\\Local\\Programs\\Python\\Python313\\Lib\\site-packages\\aiohappyeyeballs\\__init__.py', reloading
2025-10-23 02:12:59,137 - INFO -  * Detected change in 'C:\\Users\\Muiz\\AppData\\Local\\Programs\\Python\\Python313\\Lib\\site-packages\\aiohappyeyeballs\\impl.py', reloading
2025-10-23 02:12:59,148 - INFO -  * Detected change in 'C:\\Users\\Muiz\\AppData\\Local\\Programs\\Python\\Python313\\Lib\\site-packages\\aiohappyeyeballs\\types.py', reloading
2025-10-23 02:12:59,159 - INFO -  * Detected change in 'C:\\Users\\Muiz\\AppData\\Local\\Programs\\Python\\Python313\\Lib\\site-packages\\aiohappyeyeballs\\utils.py', reloading
2025-10-23 02:12:59,171 - INFO -  * Detected change in 'C:\\Users\\Muiz\\AppData\\Local\\Programs\\Python\\Python313\\Lib\\site-packages\\aiohttp\\__init__.py', reloading
2025-10-23 02:12:59,189 - INFO -  * Detected change in 'C:\\Users\\Muiz\\AppData\\Local\\Programs\\Python\\Python313\\Lib\\site-packages\\aiohttp\\client.py', reloading
2025-10-23 02:12:59,211 - INFO -  * Detected change in 'C:\\Users\\Muiz\\AppData\\Local\\Programs\\Python\\Python313\\Lib\\site-packages\\aiohttp\\connector.py', reloading
2025-10-23 02:12:59,229 - INFO -  * Detected change in 'C:\\Users\\Muiz\\AppData\\Local\\Programs\\Python\\Python313\\Lib\\site-packages\\aiohttp\\client_exceptions.py', reloading
2025-10-23 02:12:59,245 - INFO -  * Detected change in 'C:\\Users\\Muiz\\AppData\\Local\\Programs\\Python\\Python313\\Lib\\site-packages\\aiohttp\\client_reqrep.py', reloading
2025-10-23 02:12:59,261 - INFO -  * Detected change in 'C:\\Users\\Muiz\\AppData\\Local\\Programs\\Python\\Python313\\Lib\\site-packages\\aiohttp\\client_ws.py', reloading
2025-10-23 02:12:59,276 - INFO -  * Detected change in 'C:\\Users\\Muiz\\AppData\\Local\\Programs\\Python\\Python313\\Lib\\site-packages\\aiohttp\\client_middleware_digest_auth.py', reloading
2025-10-23 02:13:00,761 - INFO - Model and TF-IDF vectorizer loaded successfully.
2025-10-23 02:13:00,883 - INFO -  * Restarting with watchdog (windowsapi)
2025-10-23 02:13:01,051 - WARNING -  * Debugger is active!
2025-10-23 02:13:01,054 - INFO -  * Debugger PIN: 603-667-668
2025-10-23 02:13:01,126 - INFO -  * Detected change in 'C:\\Users\\Muiz\\AppData\\Local\\Programs\\Python\\Python313\\Lib\\site-packages\\async_lru\\__init__.py', reloading
2025-10-23 02:13:01,246 - INFO -  * Detected change in 'C:\\Users\\Muiz\\AppData\\Local\\Programs\\Python\\Python313\\Lib\\site-packages\\babel\\__init__.py', reloading
2025-10-23 02:13:01,260 - INFO -  * Detected change in 'C:\\Users\\Muiz\\AppData\\Local\\Programs\\Python\\Python313\\Lib\\site-packages\\babel\\core.py', reloading
2025-10-23 02:13:01,300 - INFO -  * Detected change in 'C:\\Users\\Muiz\\AppData\\Local\\Programs\\Python\\Python313\\Lib\\site-packages\\blinker\\__init__.py', reloading
2025-10-23 02:13:01,352 - INFO -  * Detected change in 'C:\\Users\\Muiz\\AppData\\Local\\Programs\\Python\\Python313\\Lib\\site-packages\\blinker\\base.py', reloading
2025-10-23 02:13:01,435 - INFO - Model and TF-IDF vectorizer loaded successfully.
2025-10-23 02:13:01,470 - INFO -  * Detected change in 'C:\\Users\\Muiz\\AppData\\Local\\Programs\\Python\\Python313\\Lib\\site-packages\\bs4\\__init__.py', reloading
2025-10-23 02:13:01,534 - INFO -  * Detected change in 'C:\\Users\\Muiz\\AppData\\Local\\Programs\\Python\\Python313\\Lib\\site-packages\\bs4\\dammit.py', reloading
2025-10-23 02:13:01,570 - INFO -  * Detected change in 'C:\\Users\\Muiz\\AppData\\Local\\Programs\\Python\\Python313\\Lib\\site-packages\\bs4\\css.py', reloading
2025-10-23 02:13:01,597 - INFO -  * Detected change in 'C:\\Users\\Muiz\\AppData\\Local\\Programs\\Python\\Python313\\Lib\\site-packages\\bs4\\element.py', reloading
2025-10-23 02:13:01,714 - INFO -  * Detected change in 'C:\\Users\\Muiz\\AppData\\Local\\Programs\\Python\\Python313\\Lib\\site-packages\\bs4\\filter.py', reloading
2025-10-23 02:13:01,748 - WARNING -  * Debugger is active!
2025-10-23 02:13:01,755 - INFO -  * Debugger PIN: 603-667-668
2025-10-23 02:13:01,771 - INFO -  * Detected change in 'C:\\Users\\Muiz\\AppData\\Local\\Programs\\Python\\Python313\\Lib\\site-packages\\bs4\\exceptions.py', reloading
2025-10-23 02:13:01,790 - INFO -  * Detected change in 'C:\\Users\\Muiz\\AppData\\Local\\Programs\\Python\\Python313\\Lib\\site-packages\\bs4\\_warnings.py', reloading
2025-10-23 02:13:01,791 - INFO -  * Detected change in 'C:\\Users\\Muiz\\AppData\\Local\\Programs\\Python\\Python313\\Lib\\site-packages\\bs4\\_warnings.py', reloading
2025-10-23 02:13:01,924 - INFO -  * Detected change in 'C:\\Users\\Muiz\\AppData\\Local\\Programs\\Python\\Python313\\Lib\\site-packages\\certifi\\__init__.py', reloading
2025-10-23 02:13:01,925 - INFO -  * Detected change in 'C:\\Users\\Muiz\\AppData\\Local\\Programs\\Python\\Python313\\Lib\\site-packages\\certifi\\__init__.py', reloading
2025-10-23 02:13:02,081 - INFO -  * Detected change in 'C:\\Users\\Muiz\\AppData\\Local\\Programs\\Python\\Python313\\Lib\\site-packages\\certifi\\core.py', reloading
2025-10-23 02:13:02,195 - INFO -  * Detected change in 'C:\\Users\\Muiz\\AppData\\Local\\Programs\\Python\\Python313\\Lib\\site-packages\\charset_normalizer\\__init__.py', reloading
2025-10-23 02:13:02,346 - INFO -  * Detected change in 'C:\\Users\\Muiz\\AppData\\Local\\Programs\\Python\\Python313\\Lib\\site-packages\\charset_normalizer\\api.py', reloading
2025-10-23 02:13:02,393 - INFO -  * Restarting with watchdog (windowsapi)
2025-10-23 02:13:02,459 - INFO -  * Detected change in 'C:\\Users\\Muiz\\AppData\\Local\\Programs\\Python\\Python313\\Lib\\site-packages\\charset_normalizer\\legacy.py', reloading
2025-10-23 02:13:02,604 - INFO -  * Detected change in 'C:\\Users\\Muiz\\AppData\\Local\\Programs\\Python\\Python313\\Lib\\site-packages\\charset_normalizer\\models.py', reloading
2025-10-23 02:13:02,714 - INFO -  * Detected change in 'C:\\Users\\Muiz\\AppData\\Local\\Programs\\Python\\Python313\\Lib\\site-packages\\charset_normalizer\\utils.py', reloading
2025-10-23 02:13:02,735 - INFO -  * Detected change in 'C:\\Users\\Muiz\\AppData\\Local\\Programs\\Python\\Python313\\Lib\\site-packages\\charset_normalizer\\version.py', reloading
2025-10-23 02:13:03,269 - INFO - Model and TF-IDF vectorizer loaded successfully.
2025-10-23 02:13:03,646 - WARNING -  * Debugger is active!
2025-10-23 02:13:03,654 - INFO -  * Debugger PIN: 603-667-668
2025-10-23 02:13:03,703 - INFO -  * Detected change in 'C:\\Users\\Muiz\\AppData\\Local\\Programs\\Python\\Python313\\Lib\\site-packages\\CORScanner\\__init__.py', reloading
2025-10-23 02:13:03,719 - INFO -  * Detected change in 'C:\\Users\\Muiz\\AppData\\Local\\Programs\\Python\\Python313\\Lib\\site-packages\\cryptography\\__init__.py', reloading
2025-10-23 02:13:03,738 - INFO -  * Detected change in 'C:\\Users\\Muiz\\AppData\\Local\\Programs\\Python\\Python313\\Lib\\site-packages\\cryptography\\__about__.py', reloading
2025-10-23 02:13:03,761 - INFO -  * Detected change in 'C:\\Users\\Muiz\\AppData\\Local\\Programs\\Python\\Python313\\Lib\\site-packages\\cycler\\__init__.py', reloading
2025-10-23 02:13:03,783 - INFO -  * Detected change in 'C:\\Users\\Muiz\\AppData\\Local\\Programs\\Python\\Python313\\Lib\\site-packages\\debugpy\\__init__.py', reloading
2025-10-23 02:13:03,864 - INFO -  * Detected change in 'C:\\Users\\Muiz\\AppData\\Local\\Programs\\Python\\Python313\\Lib\\site-packages\\debugpy\\public_api.py', reloading
2025-10-23 02:13:03,917 - INFO -  * Detected change in 'C:\\Users\\Muiz\\AppData\\Local\\Programs\\Python\\Python313\\Lib\\site-packages\\et_xmlfile\\__init__.py', reloading
2025-10-23 02:13:03,968 - INFO -  * Detected change in 'C:\\Users\\Muiz\\AppData\\Local\\Programs\\Python\\Python313\\Lib\\site-packages\\executing\\__init__.py', reloading
2025-10-23 02:13:04,073 - INFO -  * Detected change in 'C:\\Users\\Muiz\\AppData\\Local\\Programs\\Python\\Python313\\Lib\\site-packages\\executing\\executing.py', reloading
2025-10-23 02:13:04,169 - INFO -  * Detected change in 'C:\\Users\\Muiz\\AppData\\Local\\Programs\\Python\\Python313\\Lib\\site-packages\\executing\\_pytest_utils.py', reloading
2025-10-23 02:13:04,202 - INFO -  * Detected change in 'C:\\Users\\Muiz\\AppData\\Local\\Programs\\Python\\Python313\\Lib\\site-packages\\fastjsonschema\\__init__.py', reloading
2025-10-23 02:13:04,224 - INFO -  * Detected change in 'C:\\Users\\Muiz\\AppData\\Local\\Programs\\Python\\Python313\\Lib\\site-packages\\fastjsonschema\\exceptions.py', reloading
2025-10-23 02:13:04,238 - INFO -  * Detected change in 'C:\\Users\\Muiz\\AppData\\Local\\Programs\\Python\\Python313\\Lib\\site-packages\\fastjsonschema\\version.py', reloading
2025-10-23 02:13:04,275 - INFO -  * Detected change in 'C:\\Users\\Muiz\\AppData\\Local\\Programs\\Python\\Python313\\Lib\\site-packages\\filelock\\__init__.py', reloading
2025-10-23 02:13:04,289 - INFO -  * Detected change in 'C:\\Users\\Muiz\\AppData\\Local\\Programs\\Python\\Python313\\Lib\\site-packages\\filelock\\_api.py', reloading
2025-10-23 02:13:04,302 - INFO -  * Detected change in 'C:\\Users\\Muiz\\AppData\\Local\\Programs\\Python\\Python313\\Lib\\site-packages\\filelock\\_error.py', reloading
2025-10-23 02:13:04,393 - INFO -  * Detected change in 'C:\\Users\\Muiz\\AppData\\Local\\Programs\\Python\\Python313\\Lib\\site-packages\\filelock\\_soft.py', reloading
2025-10-23 02:13:04,420 - INFO -  * Detected change in 'C:\\Users\\Muiz\\AppData\\Local\\Programs\\Python\\Python313\\Lib\\site-packages\\filelock\\_unix.py', reloading
2025-10-23 02:13:04,449 - INFO -  * Detected change in 'C:\\Users\\Muiz\\AppData\\Local\\Programs\\Python\\Python313\\Lib\\site-packages\\filelock\\_windows.py', reloading
2025-10-23 02:13:04,471 - INFO -  * Detected change in 'C:\\Users\\Muiz\\AppData\\Local\\Programs\\Python\\Python313\\Lib\\site-packages\\filelock\\asyncio.py', reloading
2025-10-23 02:13:04,576 - INFO -  * Detected change in 'C:\\Users\\Muiz\\AppData\\Local\\Programs\\Python\\Python313\\Lib\\site-packages\\flask\\app.py', reloading
2025-10-23 02:13:04,661 - INFO - Model and TF-IDF vectorizer loaded successfully.
2025-10-23 02:13:04,935 - WARNING -  * Debugger is active!
2025-10-23 02:13:04,967 - INFO -  * Debugger PIN: 603-667-668
2025-10-23 02:13:04,967 - INFO -  * Restarting with watchdog (windowsapi)
2025-10-23 02:13:05,020 - INFO -  * Detected change in 'C:\\Users\\Muiz\\AppData\\Local\\Programs\\Python\\Python313\\Lib\\site-packages\\flask\\ctx.py', reloading
2025-10-23 02:13:05,111 - INFO -  * Detected change in 'C:\\Users\\Muiz\\AppData\\Local\\Programs\\Python\\Python313\\Lib\\site-packages\\flask\\debughelpers.py', reloading
2025-10-23 02:13:05,135 - INFO -  * Detected change in 'C:\\Users\\Muiz\\AppData\\Local\\Programs\\Python\\Python313\\Lib\\site-packages\\flask\\globals.py', reloading
2025-10-23 02:13:05,192 - INFO -  * Detected change in 'C:\\Users\\Muiz\\AppData\\Local\\Programs\\Python\\Python313\\Lib\\site-packages\\flask\\helpers.py', reloading
2025-10-23 02:13:05,267 - INFO - Model and TF-IDF vectorizer loaded successfully.
2025-10-23 02:13:05,303 - INFO -  * Detected change in 'C:\\Users\\Muiz\\AppData\\Local\\Programs\\Python\\Python313\\Lib\\site-packages\\flask\\json\\__init__.py', reloading
2025-10-23 02:13:05,322 - INFO -  * Detected change in 'C:\\Users\\Muiz\\AppData\\Local\\Programs\\Python\\Python313\\Lib\\site-packages\\flask\\logging.py', reloading
2025-10-23 02:13:05,341 - INFO -  * Detected change in 'C:\\Users\\Muiz\\AppData\\Local\\Programs\\Python\\Python313\\Lib\\site-packages\\flask\\sessions.py', reloading
2025-10-23 02:13:05,359 - INFO -  * Detected change in 'C:\\Users\\Muiz\\AppData\\Local\\Programs\\Python\\Python313\\Lib\\site-packages\\flask\\signals.py', reloading
2025-10-23 02:13:05,397 - INFO -  * Detected change in 'C:\\Users\\Muiz\\AppData\\Local\\Programs\\Python\\Python313\\Lib\\site-packages\\flask\\templating.py', reloading
2025-10-23 02:13:05,443 - INFO -  * Detected change in 'C:\\Users\\Muiz\\AppData\\Local\\Programs\\Python\\Python313\\Lib\\site-packages\\flask\\testing.py', reloading
2025-10-23 02:13:05,475 - INFO -  * Detected change in 'C:\\Users\\Muiz\\AppData\\Local\\Programs\\Python\\Python313\\Lib\\site-packages\\flask\\typing.py', reloading
2025-10-23 02:13:05,499 - INFO -  * Detected change in 'C:\\Users\\Muiz\\AppData\\Local\\Programs\\Python\\Python313\\Lib\\site-packages\\flask\\views.py', reloading
2025-10-23 02:13:05,526 - INFO -  * Detected change in 'C:\\Users\\Muiz\\AppData\\Local\\Programs\\Python\\Python313\\Lib\\site-packages\\flask\\wrappers.py', reloading
2025-10-23 02:13:05,543 - INFO -  * Detected change in 'C:\\Users\\Muiz\\AppData\\Local\\Programs\\Python\\Python313\\Lib\\site-packages\\flask\\__main__.py', reloading
2025-10-23 02:13:05,548 - WARNING -  * Debugger is active!
2025-10-23 02:13:05,552 - INFO -  * Debugger PIN: 603-667-668
2025-10-23 02:13:05,560 - INFO -  * Detected change in 'C:\\Users\\Muiz\\AppData\\Local\\Programs\\Python\\Python313\\Lib\\site-packages\\flask_sqlalchemy\\__init__.py', reloading
2025-10-23 02:13:05,588 - INFO -  * Detected change in 'C:\\Users\\Muiz\\AppData\\Local\\Programs\\Python\\Python313\\Lib\\site-packages\\flask_sqlalchemy\\extension.py', reloading
2025-10-23 02:13:05,588 - INFO -  * Detected change in 'C:\\Users\\Muiz\\AppData\\Local\\Programs\\Python\\Python313\\Lib\\site-packages\\flask_sqlalchemy\\extension.py', reloading
2025-10-23 02:13:05,621 - INFO -  * Detected change in 'C:\\Users\\Muiz\\AppData\\Local\\Programs\\Python\\Python313\\Lib\\site-packages\\fontTools\\__init__.py', reloading
2025-10-23 02:13:05,621 - INFO -  * Detected change in 'C:\\Users\\Muiz\\AppData\\Local\\Programs\\Python\\Python313\\Lib\\site-packages\\fontTools\\__init__.py', reloading
2025-10-23 02:13:05,637 - INFO -  * Detected change in 'C:\\Users\\Muiz\\AppData\\Local\\Programs\\Python\\Python313\\Lib\\site-packages\\fontTools\\misc\\loggingTools.py', reloading
2025-10-23 02:13:05,637 - INFO -  * Detected change in 'C:\\Users\\Muiz\\AppData\\Local\\Programs\\Python\\Python313\\Lib\\site-packages\\fontTools\\misc\\loggingTools.py', reloading
2025-10-23 02:13:05,665 - INFO -  * Detected change in 'C:\\Users\\Muiz\\AppData\\Local\\Programs\\Python\\Python313\\Lib\\site-packages\\fqdn\\__init__.py', reloading
2025-10-23 02:13:05,704 - INFO -  * Detected change in 'C:\\Users\\Muiz\\AppData\\Local\\Programs\\Python\\Python313\\Lib\\site-packages\\fsspec\\__init__.py', reloading
2025-10-23 02:13:05,724 - INFO -  * Detected change in 'C:\\Users\\Muiz\\AppData\\Local\\Programs\\Python\\Python313\\Lib\\site-packages\\fsspec\\callbacks.py', reloading
2025-10-23 02:13:05,724 - INFO -  * Detected change in 'C:\\Users\\Muiz\\AppData\\Local\\Programs\\Python\\Python313\\Lib\\site-packages\\fsspec\\callbacks.py', reloading
2025-10-23 02:13:05,768 - INFO -  * Detected change in 'C:\\Users\\Muiz\\AppData\\Local\\Programs\\Python\\Python313\\Lib\\site-packages\\fsspec\\compression.py', reloading
2025-10-23 02:13:05,892 - INFO -  * Detected change in 'C:\\Users\\Muiz\\AppData\\Local\\Programs\\Python\\Python313\\Lib\\site-packages\\fsspec\\core.py', reloading
2025-10-23 02:13:05,892 - INFO -  * Detected change in 'C:\\Users\\Muiz\\AppData\\Local\\Programs\\Python\\Python313\\Lib\\site-packages\\fsspec\\core.py', reloading
2025-10-23 02:13:05,917 - INFO -  * Detected change in 'C:\\Users\\Muiz\\AppData\\Local\\Programs\\Python\\Python313\\Lib\\site-packages\\fsspec\\exceptions.py', reloading
2025-10-23 02:13:05,917 - INFO -  * Detected change in 'C:\\Users\\Muiz\\AppData\\Local\\Programs\\Python\\Python313\\Lib\\site-packages\\fsspec\\exceptions.py', reloading
2025-10-23 02:13:06,045 - INFO -  * Detected change in 'C:\\Users\\Muiz\\AppData\\Local\\Programs\\Python\\Python313\\Lib\\site-packages\\fsspec\\mapping.py', reloading
2025-10-23 02:13:06,064 - INFO -  * Detected change in 'C:\\Users\\Muiz\\AppData\\Local\\Programs\\Python\\Python313\\Lib\\site-packages\\fsspec\\registry.py', reloading
2025-10-23 02:13:06,242 - INFO -  * Detected change in 'C:\\Users\\Muiz\\AppData\\Local\\Programs\\Python\\Python313\\Lib\\site-packages\\fsspec\\spec.py', reloading
2025-10-23 02:13:06,361 - INFO -  * Restarting with watchdog (windowsapi)
2025-10-23 02:13:06,413 - INFO -  * Detected change in 'C:\\Users\\Muiz\\AppData\\Local\\Programs\\Python\\Python313\\Lib\\site-packages\\functorch\\__init__.py', reloading
2025-10-23 02:13:06,551 - INFO -  * Detected change in 'C:\\Users\\Muiz\\AppData\\Local\\Programs\\Python\\Python313\\Lib\\site-packages\\future\\__init__.py', reloading
2025-10-23 02:13:07,325 - INFO - Model and TF-IDF vectorizer loaded successfully.
2025-10-23 02:13:07,649 - WARNING -  * Debugger is active!
2025-10-23 02:13:07,653 - INFO -  * Debugger PIN: 603-667-668
2025-10-23 02:13:07,675 - INFO -  * Detected change in 'C:\\Users\\Muiz\\AppData\\Local\\Programs\\Python\\Python313\\Lib\\site-packages\\git\\objects\\tree.py', reloading
2025-10-23 02:13:07,710 - INFO -  * Detected change in 'C:\\Users\\Muiz\\AppData\\Local\\Programs\\Python\\Python313\\Lib\\site-packages\\git\\refs\\__init__.py', reloading
2025-10-23 02:13:07,797 - INFO -  * Detected change in 'C:\\Users\\Muiz\\AppData\\Local\\Programs\\Python\\Python313\\Lib\\site-packages\\git\\refs\\head.py', reloading
2025-10-23 02:13:07,825 - INFO -  * Detected change in 'C:\\Users\\Muiz\\AppData\\Local\\Programs\\Python\\Python313\\Lib\\site-packages\\git\\refs\\log.py', reloading
2025-10-23 02:13:07,848 - INFO -  * Detected change in 'C:\\Users\\Muiz\\AppData\\Local\\Programs\\Python\\Python313\\Lib\\site-packages\\git\\refs\\reference.py', reloading
2025-10-23 02:13:07,877 - INFO -  * Detected change in 'C:\\Users\\Muiz\\AppData\\Local\\Programs\\Python\\Python313\\Lib\\site-packages\\git\\refs\\remote.py', reloading
2025-10-23 02:13:07,980 - INFO -  * Detected change in 'C:\\Users\\Muiz\\AppData\\Local\\Programs\\Python\\Python313\\Lib\\site-packages\\git\\refs\\symbolic.py', reloading
2025-10-23 02:13:08,009 - INFO -  * Detected change in 'C:\\Users\\Muiz\\AppData\\Local\\Programs\\Python\\Python313\\Lib\\site-packages\\git\\refs\\tag.py', reloading
2025-10-23 02:13:08,036 - INFO -  * Detected change in 'C:\\Users\\Muiz\\AppData\\Local\\Programs\\Python\\Python313\\Lib\\site-packages\\git\\diff.py', reloading
2025-10-23 02:13:08,093 - INFO -  * Detected change in 'C:\\Users\\Muiz\\AppData\\Local\\Programs\\Python\\Python313\\Lib\\site-packages\\git\\db.py', reloading
2025-10-23 02:13:08,175 - INFO -  * Detected change in 'C:\\Users\\Muiz\\AppData\\Local\\Programs\\Python\\Python313\\Lib\\site-packages\\gitdb\\db\\__init__.py', reloading
2025-10-23 02:13:08,190 - INFO -  * Detected change in 'C:\\Users\\Muiz\\AppData\\Local\\Programs\\Python\\Python313\\Lib\\site-packages\\gitdb\\db\\base.py', reloading
2025-10-23 02:13:08,219 - INFO -  * Detected change in 'C:\\Users\\Muiz\\AppData\\Local\\Programs\\Python\\Python313\\Lib\\site-packages\\gitdb\\db\\loose.py', reloading
2025-10-23 02:13:08,372 - INFO -  * Detected change in 'C:\\Users\\Muiz\\AppData\\Local\\Programs\\Python\\Python313\\Lib\\site-packages\\gitdb\\db\\mem.py', reloading
2025-10-23 02:13:08,545 - INFO -  * Detected change in 'C:\\Users\\Muiz\\AppData\\Local\\Programs\\Python\\Python313\\Lib\\site-packages\\gitdb\\db\\pack.py', reloading
2025-10-23 02:13:08,929 - INFO - Model and TF-IDF vectorizer loaded successfully.
2025-10-23 02:13:08,969 - INFO -  * Restarting with watchdog (windowsapi)
2025-10-23 02:13:09,370 - INFO - Model and TF-IDF vectorizer loaded successfully.
2025-10-23 02:13:09,556 - WARNING -  * Debugger is active!
2025-10-23 02:13:09,567 - INFO -  * Debugger PIN: 603-667-668
2025-10-23 02:13:09,696 - WARNING -  * Debugger is active!
2025-10-23 02:13:09,706 - INFO -  * Detected change in 'C:\\Users\\Muiz\\AppData\\Local\\Programs\\Python\\Python313\\Lib\\site-packages\\git\\index\\typ.py', reloading
2025-10-23 02:13:09,734 - INFO -  * Debugger PIN: 603-667-668
2025-10-23 02:13:09,800 - INFO -  * Detected change in 'C:\\Users\\Muiz\\AppData\\Local\\Programs\\Python\\Python313\\Lib\\site-packages\\git\\index\\base.py', reloading
2025-10-23 02:13:09,800 - INFO -  * Detected change in 'C:\\Users\\Muiz\\AppData\\Local\\Programs\\Python\\Python313\\Lib\\site-packages\\git\\index\\base.py', reloading
2025-10-23 02:13:09,926 - INFO -  * Detected change in 'C:\\Users\\Muiz\\AppData\\Local\\Programs\\Python\\Python313\\Lib\\site-packages\\gitdb\\__init__.py', reloading
2025-10-23 02:13:09,926 - INFO -  * Detected change in 'C:\\Users\\Muiz\\AppData\\Local\\Programs\\Python\\Python313\\Lib\\site-packages\\gitdb\\__init__.py', reloading
2025-10-23 02:13:09,996 - INFO -  * Detected change in 'C:\\Users\\Muiz\\AppData\\Local\\Programs\\Python\\Python313\\Lib\\site-packages\\h11\\__init__.py', reloading
2025-10-23 02:13:09,996 - INFO -  * Detected change in 'C:\\Users\\Muiz\\AppData\\Local\\Programs\\Python\\Python313\\Lib\\site-packages\\h11\\__init__.py', reloading
2025-10-23 02:13:10,486 - INFO -  * Detected change in 'C:\\Users\\Muiz\\AppData\\Local\\Programs\\Python\\Python313\\Lib\\site-packages\\h11\\_connection.py', reloading
2025-10-23 02:13:10,486 - INFO -  * Detected change in 'C:\\Users\\Muiz\\AppData\\Local\\Programs\\Python\\Python313\\Lib\\site-packages\\h11\\_connection.py', reloading
2025-10-23 02:13:10,516 - INFO -  * Detected change in 'C:\\Users\\Muiz\\AppData\\Local\\Programs\\Python\\Python313\\Lib\\site-packages\\h11\\_events.py', reloading
2025-10-23 02:13:10,517 - INFO -  * Detected change in 'C:\\Users\\Muiz\\AppData\\Local\\Programs\\Python\\Python313\\Lib\\site-packages\\h11\\_events.py', reloading
2025-10-23 02:13:10,532 - INFO -  * Detected change in 'C:\\Users\\Muiz\\AppData\\Local\\Programs\\Python\\Python313\\Lib\\site-packages\\h11\\_state.py', reloading
2025-10-23 02:13:10,533 - INFO -  * Detected change in 'C:\\Users\\Muiz\\AppData\\Local\\Programs\\Python\\Python313\\Lib\\site-packages\\h11\\_state.py', reloading
2025-10-23 02:13:10,540 - INFO -  * Detected change in 'C:\\Users\\Muiz\\AppData\\Local\\Programs\\Python\\Python313\\Lib\\site-packages\\numpy\\_typing\\__init__.py', reloading
2025-10-23 02:13:10,540 - INFO -  * Detected change in 'C:\\Users\\Muiz\\AppData\\Local\\Programs\\Python\\Python313\\Lib\\site-packages\\numpy\\_typing\\__init__.py', reloading
2025-10-23 02:13:10,768 - INFO -  * Detected change in 'C:\\Users\\Muiz\\AppData\\Local\\Programs\\Python\\Python313\\Lib\\site-packages\\numpy\\_typing\\_shape.py', reloading
2025-10-23 02:13:10,919 - INFO -  * Restarting with watchdog (windowsapi)
2025-10-23 02:13:11,509 - INFO - Model and TF-IDF vectorizer loaded successfully.
2025-10-23 02:13:11,777 - WARNING -  * Debugger is active!
2025-10-23 02:13:11,780 - INFO -  * Debugger PIN: 603-667-668
2025-10-23 02:13:11,799 - INFO -  * Detected change in 'C:\\Users\\Muiz\\AppData\\Local\\Programs\\Python\\Python313\\Lib\\site-packages\\huggingface_hub\\_space_api.py', reloading
2025-10-23 02:13:11,811 - INFO -  * Detected change in 'C:\\Users\\Muiz\\AppData\\Local\\Programs\\Python\\Python313\\Lib\\site-packages\\huggingface_hub\\_tensorboard_logger.py', reloading
2025-10-23 02:13:11,827 - INFO -  * Detected change in 'C:\\Users\\Muiz\\AppData\\Local\\Programs\\Python\\Python313\\Lib\\site-packages\\huggingface_hub\\_webhooks_payload.py', reloading
2025-10-23 02:13:11,842 - INFO -  * Detected change in 'C:\\Users\\Muiz\\AppData\\Local\\Programs\\Python\\Python313\\Lib\\site-packages\\huggingface_hub\\_webhooks_server.py', reloading
2025-10-23 02:13:11,857 - INFO -  * Detected change in 'C:\\Users\\Muiz\\AppData\\Local\\Programs\\Python\\Python313\\Lib\\site-packages\\huggingface_hub\\community.py', reloading
2025-10-23 02:13:11,873 - INFO -  * Detected change in 'C:\\Users\\Muiz\\AppData\\Local\\Programs\\Python\\Python313\\Lib\\site-packages\\huggingface_hub\\constants.py', reloading
2025-10-23 02:13:11,886 - INFO -  * Detected change in 'C:\\Users\\Muiz\\AppData\\Local\\Programs\\Python\\Python313\\Lib\\site-packages\\huggingface_hub\\fastai_utils.py', reloading
2025-10-23 02:13:11,905 - INFO -  * Detected change in 'C:\\Users\\Muiz\\AppData\\Local\\Programs\\Python\\Python313\\Lib\\site-packages\\huggingface_hub\\file_download.py', reloading
2025-10-23 02:13:12,083 - INFO -  * Detected change in 'C:\\Users\\Muiz\\AppData\\Local\\Programs\\Python\\Python313\\Lib\\site-packages\\huggingface_hub\\hf_api.py', reloading
2025-10-23 02:13:12,118 - INFO -  * Detected change in 'C:\\Users\\Muiz\\AppData\\Local\\Programs\\Python\\Python313\\Lib\\site-packages\\huggingface_hub\\_commit_api.py', reloading
2025-10-23 02:13:12,137 - INFO -  * Detected change in 'C:\\Users\\Muiz\\AppData\\Local\\Programs\\Python\\Python313\\Lib\\site-packages\\huggingface_hub\\hf_file_system.py', reloading
2025-10-23 02:13:12,157 - INFO -  * Detected change in 'C:\\Users\\Muiz\\AppData\\Local\\Programs\\Python\\Python313\\Lib\\site-packages\\huggingface_hub\\hub_mixin.py', reloading
2025-10-23 02:13:12,197 - INFO -  * Detected change in 'C:\\Users\\Muiz\\AppData\\Local\\Programs\\Python\\Python313\\Lib\\site-packages\\huggingface_hub\\inference\\_client.py', reloading
2025-10-23 02:13:12,222 - INFO -  * Detected change in 'C:\\Users\\Muiz\\AppData\\Local\\Programs\\Python\\Python313\\Lib\\site-packages\\huggingface_hub\\inference\\_generated\\_async_client.py', reloading
2025-10-23 02:13:12,240 - INFO -  * Detected change in 'C:\\Users\\Muiz\\AppData\\Local\\Programs\\Python\\Python313\\Lib\\site-packages\\huggingface_hub\\inference\\_generated\\types\\__init__.py', reloading
2025-10-23 02:13:12,253 - INFO -  * Detected change in 'C:\\Users\\Muiz\\AppData\\Local\\Programs\\Python\\Python313\\Lib\\site-packages\\huggingface_hub\\inference\\_generated\\types\\audio_classification.py', reloading
2025-10-23 02:13:12,265 - INFO -  * Detected change in 'C:\\Users\\Muiz\\AppData\\Local\\Programs\\Python\\Python313\\Lib\\site-packages\\huggingface_hub\\inference\\_generated\\types\\audio_to_audio.py', reloading
2025-10-23 02:13:12,276 - INFO -  * Detected change in 'C:\\Users\\Muiz\\AppData\\Local\\Programs\\Python\\Python313\\Lib\\site-packages\\huggingface_hub\\inference\\_generated\\types\\automatic_speech_recognition.py', reloading
2025-10-23 02:13:12,324 - INFO -  * Detected change in 'C:\\Users\\Muiz\\AppData\\Local\\Programs\\Python\\Python313\\Lib\\site-packages\\huggingface_hub\\inference\\_generated\\types\\chat_completion.py', reloading
2025-10-23 02:13:12,359 - INFO -  * Detected change in 'C:\\Users\\Muiz\\AppData\\Local\\Programs\\Python\\Python313\\Lib\\site-packages\\huggingface_hub\\inference\\_generated\\types\\depth_estimation.py', reloading
2025-10-23 02:13:12,391 - INFO -  * Detected change in 'C:\\Users\\Muiz\\AppData\\Local\\Programs\\Python\\Python313\\Lib\\site-packages\\huggingface_hub\\inference\\_generated\\types\\document_question_answering.py', reloading
2025-10-23 02:13:12,414 - INFO -  * Detected change in 'C:\\Users\\Muiz\\AppData\\Local\\Programs\\Python\\Python313\\Lib\\site-packages\\huggingface_hub\\inference\\_generated\\types\\feature_extraction.py', reloading
2025-10-23 02:13:12,440 - INFO -  * Detected change in 'C:\\Users\\Muiz\\AppData\\Local\\Programs\\Python\\Python313\\Lib\\site-packages\\huggingface_hub\\inference\\_generated\\types\\fill_mask.py', reloading
2025-10-23 02:13:12,468 - INFO -  * Detected change in 'C:\\Users\\Muiz\\AppData\\Local\\Programs\\Python\\Python313\\Lib\\site-packages\\huggingface_hub\\inference\\_generated\\types\\image_classification.py', reloading
2025-10-23 02:13:12,519 - INFO -  * Detected change in 'C:\\Users\\Muiz\\AppData\\Local\\Programs\\Python\\Python313\\Lib\\site-packages\\huggingface_hub\\inference\\_generated\\types\\image_segmentation.py', reloading
2025-10-23 02:13:12,556 - INFO -  * Detected change in 'C:\\Users\\Muiz\\AppData\\Local\\Programs\\Python\\Python313\\Lib\\site-packages\\huggingface_hub\\inference\\_generated\\types\\image_to_image.py', reloading
2025-10-23 02:13:12,602 - INFO -  * Detected change in 'C:\\Users\\Muiz\\AppData\\Local\\Programs\\Python\\Python313\\Lib\\site-packages\\huggingface_hub\\inference\\_generated\\types\\image_to_text.py', reloading
2025-10-23 02:13:12,641 - INFO -  * Detected change in 'C:\\Users\\Muiz\\AppData\\Local\\Programs\\Python\\Python313\\Lib\\site-packages\\huggingface_hub\\inference\\_generated\\types\\image_to_video.py', reloading
2025-10-23 02:13:12,673 - INFO -  * Detected change in 'C:\\Users\\Muiz\\AppData\\Local\\Programs\\Python\\Python313\\Lib\\site-packages\\huggingface_hub\\inference\\_generated\\types\\object_detection.py', reloading
2025-10-23 02:13:12,719 - INFO -  * Detected change in 'C:\\Users\\Muiz\\AppData\\Local\\Programs\\Python\\Python313\\Lib\\site-packages\\huggingface_hub\\inference\\_generated\\types\\table_question_answering.py', reloading
2025-10-23 02:13:12,756 - INFO -  * Detected change in 'C:\\Users\\Muiz\\AppData\\Local\\Programs\\Python\\Python313\\Lib\\site-packages\\huggingface_hub\\inference\\_generated\\types\\question_answering.py', reloading
2025-10-23 02:13:12,790 - INFO -  * Detected change in 'C:\\Users\\Muiz\\AppData\\Local\\Programs\\Python\\Python313\\Lib\\site-packages\\huggingface_hub\\inference\\_generated\\types\\sentence_similarity.py', reloading
2025-10-23 02:13:13,118 - INFO -  * Restarting with watchdog (windowsapi)
2025-10-23 02:13:13,262 - INFO - Model and TF-IDF vectorizer loaded successfully.
2025-10-23 02:13:13,343 - INFO - Model and TF-IDF vectorizer loaded successfully.
2025-10-23 02:13:13,575 - WARNING -  * Debugger is active!
2025-10-23 02:13:13,578 - INFO -  * Debugger PIN: 603-667-668
2025-10-23 02:13:13,599 - INFO -  * Detected change in 'C:\\Users\\Muiz\\AppData\\Local\\Programs\\Python\\Python313\\Lib\\site-packages\\huggingface_hub\\utils\\_cache_manager.py', reloading
2025-10-23 02:13:13,640 - WARNING -  * Debugger is active!
2025-10-23 02:13:13,643 - INFO -  * Debugger PIN: 603-667-668
2025-10-23 02:13:13,676 - INFO -  * Detected change in 'C:\\Users\\Muiz\\AppData\\Local\\Programs\\Python\\Python313\\Lib\\site-packages\\huggingface_hub\\utils\\_cache_assets.py', reloading
2025-10-23 02:13:13,767 - INFO -  * Detected change in 'C:\\Users\\Muiz\\AppData\\Local\\Programs\\Python\\Python313\\Lib\\site-packages\\huggingface_hub\\utils\\_http.py', reloading
2025-10-23 02:13:13,911 - INFO -  * Restarting with watchdog (windowsapi)
2025-10-23 02:13:13,918 - INFO -  * Detected change in 'C:\\Users\\Muiz\\AppData\\Local\\Programs\\Python\\Python313\\Lib\\site-packages\\huggingface_hub\\utils\\_runtime.py', reloading
2025-10-23 02:13:13,944 - INFO -  * Detected change in 'C:\\Users\\Muiz\\AppData\\Local\\Programs\\Python\\Python313\\Lib\\site-packages\\huggingface_hub\\utils\\_auth.py', reloading
2025-10-23 02:13:14,005 - INFO -  * Detected change in 'C:\\Users\\Muiz\\AppData\\Local\\Programs\\Python\\Python313\\Lib\\site-packages\\idna\\__init__.py', reloading
2025-10-23 02:13:14,065 - INFO -  * Detected change in 'C:\\Users\\Muiz\\AppData\\Local\\Programs\\Python\\Python313\\Lib\\site-packages\\idna\\core.py', reloading
2025-10-23 02:13:14,105 - INFO -  * Detected change in 'C:\\Users\\Muiz\\AppData\\Local\\Programs\\Python\\Python313\\Lib\\site-packages\\idna\\intranges.py', reloading
2025-10-23 02:13:14,170 - INFO -  * Detected change in 'C:\\Users\\Muiz\\AppData\\Local\\Programs\\Python\\Python313\\Lib\\site-packages\\idna\\package_data.py', reloading
2025-10-23 02:13:14,199 - INFO -  * Detected change in 'C:\\Users\\Muiz\\AppData\\Local\\Programs\\Python\\Python313\\Lib\\site-packages\\ipykernel\\__init__.py', reloading
2025-10-23 02:13:14,237 - INFO -  * Detected change in 'C:\\Users\\Muiz\\AppData\\Local\\Programs\\Python\\Python313\\Lib\\site-packages\\ipykernel\\connect.py', reloading
2025-10-23 02:13:14,256 - INFO -  * Detected change in 'C:\\Users\\Muiz\\AppData\\Local\\Programs\\Python\\Python313\\Lib\\site-packages\\jupyter_client\\__init__.py', reloading
2025-10-23 02:13:14,272 - INFO -  * Detected change in 'C:\\Users\\Muiz\\AppData\\Local\\Programs\\Python\\Python313\\Lib\\site-packages\\jupyter_client\\connect.py', reloading
2025-10-23 02:13:14,290 - INFO -  * Detected change in 'C:\\Users\\Muiz\\AppData\\Local\\Programs\\Python\\Python313\\Lib\\site-packages\\jupyter_client\\launcher.py', reloading
2025-10-23 02:13:14,303 - INFO -  * Detected change in 'C:\\Users\\Muiz\\AppData\\Local\\Programs\\Python\\Python313\\Lib\\site-packages\\ipywidgets\\__init__.py', reloading
2025-10-23 02:13:14,314 - INFO -  * Detected change in 'C:\\Users\\Muiz\\AppData\\Local\\Programs\\Python\\Python313\\Lib\\site-packages\\isoduration\\__init__.py', reloading
2025-10-23 02:13:14,325 - INFO -  * Detected change in 'C:\\Users\\Muiz\\AppData\\Local\\Programs\\Python\\Python313\\Lib\\site-packages\\isoduration\\formatter\\__init__.py', reloading
2025-10-23 02:13:14,339 - INFO -  * Detected change in 'C:\\Users\\Muiz\\AppData\\Local\\Programs\\Python\\Python313\\Lib\\site-packages\\isoduration\\formatter\\exceptions.py', reloading
2025-10-23 02:13:14,349 - INFO -  * Detected change in 'C:\\Users\\Muiz\\AppData\\Local\\Programs\\Python\\Python313\\Lib\\site-packages\\isoduration\\parser\\__init__.py', reloading
2025-10-23 02:13:14,421 - INFO -  * Detected change in 'C:\\Users\\Muiz\\AppData\\Local\\Programs\\Python\\Python313\\Lib\\site-packages\\isoduration\\parser\\exceptions.py', reloading
2025-10-23 02:13:14,562 - INFO -  * Detected change in 'C:\\Users\\Muiz\\AppData\\Local\\Programs\\Python\\Python313\\Lib\\site-packages\\itsdangerous\\__init__.py', reloading
2025-10-23 02:13:15,412 - INFO - Model and TF-IDF vectorizer loaded successfully.
2025-10-23 02:13:15,806 - WARNING -  * Debugger is active!
2025-10-23 02:13:15,809 - INFO -  * Debugger PIN: 603-667-668
2025-10-23 02:13:15,854 - INFO -  * Detected change in 'C:\\Users\\Muiz\\AppData\\Local\\Programs\\Python\\Python313\\Lib\\site-packages\\jupyter_events\\schema.py', reloading
2025-10-23 02:13:15,879 - INFO -  * Detected change in 'C:\\Users\\Muiz\\AppData\\Local\\Programs\\Python\\Python313\\Lib\\site-packages\\jupyter_lsp\\__init__.py', reloading
2025-10-23 02:13:15,905 - INFO -  * Detected change in 'C:\\Users\\Muiz\\AppData\\Local\\Programs\\Python\\Python313\\Lib\\site-packages\\jupyter_server\\__init__.py', reloading
2025-10-23 02:13:15,933 - INFO -  * Detected change in 'C:\\Users\\Muiz\\AppData\\Local\\Programs\\Python\\Python313\\Lib\\site-packages\\jupyter_server\\_version.py', reloading
2025-10-23 02:13:15,970 - INFO -  * Detected change in 'C:\\Users\\Muiz\\AppData\\Local\\Programs\\Python\\Python313\\Lib\\site-packages\\jupyter_server\\base\\call_context.py', reloading
2025-10-23 02:13:16,003 - INFO -  * Detected change in 'C:\\Users\\Muiz\\AppData\\Local\\Programs\\Python\\Python313\\Lib\\site-packages\\jupyter_server_terminals\\__init__.py', reloading
2025-10-23 02:13:16,138 - INFO -  * Detected change in 'C:\\Users\\Muiz\\AppData\\Local\\Programs\\Python\\Python313\\Lib\\site-packages\\kiwisolver\\__init__.py', reloading
2025-10-23 02:13:16,168 - INFO - Model and TF-IDF vectorizer loaded successfully.
2025-10-23 02:13:16,195 - INFO -  * Detected change in 'C:\\Users\\Muiz\\AppData\\Local\\Programs\\Python\\Python313\\Lib\\site-packages\\kiwisolver\\exceptions.py', reloading
2025-10-23 02:13:16,209 - INFO -  * Detected change in 'C:\\Users\\Muiz\\AppData\\Local\\Programs\\Python\\Python313\\Lib\\site-packages\\lark\\__init__.py', reloading
2025-10-23 02:13:16,229 - INFO -  * Detected change in 'C:\\Users\\Muiz\\AppData\\Local\\Programs\\Python\\Python313\\Lib\\site-packages\\lark\\exceptions.py', reloading
2025-10-23 02:13:16,244 - INFO -  * Detected change in 'C:\\Users\\Muiz\\AppData\\Local\\Programs\\Python\\Python313\\Lib\\site-packages\\lark\\lark.py', reloading
2025-10-23 02:13:16,260 - INFO -  * Detected change in 'C:\\Users\\Muiz\\AppData\\Local\\Programs\\Python\\Python313\\Lib\\site-packages\\lark\\lexer.py', reloading
2025-10-23 02:13:16,275 - INFO -  * Detected change in 'C:\\Users\\Muiz\\AppData\\Local\\Programs\\Python\\Python313\\Lib\\site-packages\\lark\\tree.py', reloading
2025-10-23 02:13:16,293 - INFO -  * Detected change in 'C:\\Users\\Muiz\\AppData\\Local\\Programs\\Python\\Python313\\Lib\\site-packages\\lark\\utils.py', reloading
2025-10-23 02:13:16,307 - INFO -  * Detected change in 'C:\\Users\\Muiz\\AppData\\Local\\Programs\\Python\\Python313\\Lib\\site-packages\\lark\\visitors.py', reloading
2025-10-23 02:13:16,323 - INFO -  * Detected change in 'C:\\Users\\Muiz\\AppData\\Local\\Programs\\Python\\Python313\\Lib\\site-packages\\libfuturize\\__init__.py', reloading
2025-10-23 02:13:16,325 - INFO -  * Detected change in 'C:\\Users\\Muiz\\AppData\\Local\\Programs\\Python\\Python313\\Lib\\site-packages\\libpasteurize\\__init__.py', reloading
2025-10-23 02:13:16,338 - INFO -  * Detected change in 'C:\\Users\\Muiz\\AppData\\Local\\Programs\\Python\\Python313\\Lib\\site-packages\\markupsafe\\__init__.py', reloading
2025-10-23 02:13:16,355 - INFO -  * Detected change in 'C:\\Users\\Muiz\\AppData\\Local\\Programs\\Python\\Python313\\Lib\\site-packages\\matplotlib_inline\\__init__.py', reloading
2025-10-23 02:13:16,366 - INFO -  * Detected change in 'C:\\Users\\Muiz\\AppData\\Local\\Programs\\Python\\Python313\\Lib\\site-packages\\mistune\\__init__.py', reloading
2025-10-23 02:13:16,380 - INFO -  * Detected change in 'C:\\Users\\Muiz\\AppData\\Local\\Programs\\Python\\Python313\\Lib\\site-packages\\mistune\\block_parser.py', reloading
2025-10-23 02:13:16,393 - INFO -  * Detected change in 'C:\\Users\\Muiz\\AppData\\Local\\Programs\\Python\\Python313\\Lib\\site-packages\\mistune\\core.py', reloading
2025-10-23 02:13:16,408 - INFO -  * Detected change in 'C:\\Users\\Muiz\\AppData\\Local\\Programs\\Python\\Python313\\Lib\\site-packages\\mistune\\inline_parser.py', reloading
2025-10-23 02:13:16,420 - INFO -  * Detected change in 'C:\\Users\\Muiz\\AppData\\Local\\Programs\\Python\\Python313\\Lib\\site-packages\\mistune\\markdown.py', reloading
2025-10-23 02:13:16,439 - INFO -  * Detected change in 'C:\\Users\\Muiz\\AppData\\Local\\Programs\\Python\\Python313\\Lib\\site-packages\\mistune\\renderers\\html.py', reloading
2025-10-23 02:13:16,450 - INFO -  * Detected change in 'C:\\Users\\Muiz\\AppData\\Local\\Programs\\Python\\Python313\\Lib\\site-packages\\mistune\\util.py', reloading
2025-10-23 02:13:16,451 - WARNING -  * Debugger is active!
2025-10-23 02:13:16,453 - INFO -  * Debugger PIN: 603-667-668
2025-10-23 02:13:16,472 - INFO -  * Detected change in 'C:\\Users\\Muiz\\AppData\\Local\\Programs\\Python\\Python313\\Lib\\site-packages\\mpmath\\__init__.py', reloading
2025-10-23 02:13:16,472 - INFO -  * Detected change in 'C:\\Users\\Muiz\\AppData\\Local\\Programs\\Python\\Python313\\Lib\\site-packages\\mpmath\\__init__.py', reloading
2025-10-23 02:13:16,491 - INFO -  * Detected change in 'C:\\Users\\Muiz\\AppData\\Local\\Programs\\Python\\Python313\\Lib\\site-packages\\multidict\\__init__.py', reloading
2025-10-23 02:13:16,491 - INFO -  * Detected change in 'C:\\Users\\Muiz\\AppData\\Local\\Programs\\Python\\Python313\\Lib\\site-packages\\multidict\\__init__.py', reloading
2025-10-23 02:13:16,511 - INFO -  * Detected change in 'C:\\Users\\Muiz\\AppData\\Local\\Programs\\Python\\Python313\\Lib\\site-packages\\multidict\\_abc.py', reloading
2025-10-23 02:13:16,511 - INFO -  * Detected change in 'C:\\Users\\Muiz\\AppData\\Local\\Programs\\Python\\Python313\\Lib\\site-packages\\multidict\\_abc.py', reloading
2025-10-23 02:13:16,535 - INFO -  * Detected change in 'C:\\Users\\Muiz\\AppData\\Local\\Programs\\Python\\Python313\\Lib\\site-packages\\multidict\\_multidict_py.py', reloading
2025-10-23 02:13:16,557 - INFO -  * Detected change in 'C:\\Users\\Muiz\\AppData\\Local\\Programs\\Python\\Python313\\Lib\\site-packages\\narwhals\\__init__.py', reloading
2025-10-23 02:13:16,557 - INFO -  * Detected change in 'C:\\Users\\Muiz\\AppData\\Local\\Programs\\Python\\Python313\\Lib\\site-packages\\narwhals\\__init__.py', reloading
2025-10-23 02:13:16,575 - INFO -  * Detected change in 'C:\\Users\\Muiz\\AppData\\Local\\Programs\\Python\\Python313\\Lib\\site-packages\\narwhals\\_utils.py', reloading
2025-10-23 02:13:16,575 - INFO -  * Detected change in 'C:\\Users\\Muiz\\AppData\\Local\\Programs\\Python\\Python313\\Lib\\site-packages\\narwhals\\_utils.py', reloading
2025-10-23 02:13:16,600 - INFO -  * Detected change in 'C:\\Users\\Muiz\\AppData\\Local\\Programs\\Python\\Python313\\Lib\\site-packages\\narwhals\\dataframe.py', reloading
2025-10-23 02:13:16,600 - INFO -  * Detected change in 'C:\\Users\\Muiz\\AppData\\Local\\Programs\\Python\\Python313\\Lib\\site-packages\\narwhals\\dataframe.py', reloading
2025-10-23 02:13:16,616 - INFO -  * Detected change in 'C:\\Users\\Muiz\\AppData\\Local\\Programs\\Python\\Python313\\Lib\\site-packages\\narwhals\\dtypes.py', reloading
2025-10-23 02:13:16,617 - INFO -  * Detected change in 'C:\\Users\\Muiz\\AppData\\Local\\Programs\\Python\\Python313\\Lib\\site-packages\\narwhals\\dtypes.py', reloading
2025-10-23 02:13:16,634 - INFO -  * Detected change in 'C:\\Users\\Muiz\\AppData\\Local\\Programs\\Python\\Python313\\Lib\\site-packages\\narwhals\\expr.py', reloading
2025-10-23 02:13:16,634 - INFO -  * Detected change in 'C:\\Users\\Muiz\\AppData\\Local\\Programs\\Python\\Python313\\Lib\\site-packages\\narwhals\\expr.py', reloading
2025-10-23 02:13:16,653 - INFO -  * Detected change in 'C:\\Users\\Muiz\\AppData\\Local\\Programs\\Python\\Python313\\Lib\\site-packages\\narwhals\\functions.py', reloading
2025-10-23 02:13:16,668 - INFO -  * Detected change in 'C:\\Users\\Muiz\\AppData\\Local\\Programs\\Python\\Python313\\Lib\\site-packages\\narwhals\\schema.py', reloading
2025-10-23 02:13:16,668 - INFO -  * Detected change in 'C:\\Users\\Muiz\\AppData\\Local\\Programs\\Python\\Python313\\Lib\\site-packages\\narwhals\\schema.py', reloading
2025-10-23 02:13:16,701 - INFO -  * Detected change in 'C:\\Users\\Muiz\\AppData\\Local\\Programs\\Python\\Python313\\Lib\\site-packages\\narwhals\\series.py', reloading
2025-10-23 02:13:16,717 - INFO -  * Detected change in 'C:\\Users\\Muiz\\AppData\\Local\\Programs\\Python\\Python313\\Lib\\site-packages\\narwhals\\translate.py', reloading
2025-10-23 02:13:16,717 - INFO -  * Detected change in 'C:\\Users\\Muiz\\AppData\\Local\\Programs\\Python\\Python313\\Lib\\site-packages\\narwhals\\translate.py', reloading
2025-10-23 02:13:16,734 - INFO -  * Detected change in 'C:\\Users\\Muiz\\AppData\\Local\\Programs\\Python\\Python313\\Lib\\site-packages\\nbclient\\__init__.py', reloading
2025-10-23 02:13:16,750 - INFO -  * Detected change in 'C:\\Users\\Muiz\\AppData\\Local\\Programs\\Python\\Python313\\Lib\\site-packages\\nbclient\\_version.py', reloading
2025-10-23 02:13:16,750 - INFO -  * Detected change in 'C:\\Users\\Muiz\\AppData\\Local\\Programs\\Python\\Python313\\Lib\\site-packages\\nbclient\\_version.py', reloading
2025-10-23 02:13:16,763 - INFO -  * Detected change in 'C:\\Users\\Muiz\\AppData\\Local\\Programs\\Python\\Python313\\Lib\\site-packages\\nbclient\\client.py', reloading
2025-10-23 02:13:16,763 - INFO -  * Detected change in 'C:\\Users\\Muiz\\AppData\\Local\\Programs\\Python\\Python313\\Lib\\site-packages\\nbclient\\client.py', reloading
2025-10-23 02:13:16,778 - INFO -  * Detected change in 'C:\\Users\\Muiz\\AppData\\Local\\Programs\\Python\\Python313\\Lib\\site-packages\\nbconvert\\__init__.py', reloading
2025-10-23 02:13:16,778 - INFO -  * Detected change in 'C:\\Users\\Muiz\\AppData\\Local\\Programs\\Python\\Python313\\Lib\\site-packages\\nbconvert\\__init__.py', reloading
2025-10-23 02:13:16,795 - INFO -  * Detected change in 'C:\\Users\\Muiz\\AppData\\Local\\Programs\\Python\\Python313\\Lib\\site-packages\\nbconvert\\_version.py', reloading
2025-10-23 02:13:16,795 - INFO -  * Detected change in 'C:\\Users\\Muiz\\AppData\\Local\\Programs\\Python\\Python313\\Lib\\site-packages\\nbconvert\\_version.py', reloading
2025-10-23 02:13:16,805 - INFO -  * Detected change in 'C:\\Users\\Muiz\\AppData\\Local\\Programs\\Python\\Python313\\Lib\\site-packages\\nbconvert\\exporters\\__init__.py', reloading
2025-10-23 02:13:16,805 - INFO -  * Detected change in 'C:\\Users\\Muiz\\AppData\\Local\\Programs\\Python\\Python313\\Lib\\site-packages\\nbconvert\\exporters\\__init__.py', reloading
2025-10-23 02:13:16,814 - INFO -  * Detected change in 'C:\\Users\\Muiz\\AppData\\Local\\Programs\\Python\\Python313\\Lib\\site-packages\\nbconvert\\exporters\\asciidoc.py', reloading
2025-10-23 02:13:16,814 - INFO -  * Detected change in 'C:\\Users\\Muiz\\AppData\\Local\\Programs\\Python\\Python313\\Lib\\site-packages\\nbconvert\\exporters\\asciidoc.py', reloading
2025-10-23 02:13:16,826 - INFO -  * Detected change in 'C:\\Users\\Muiz\\AppData\\Local\\Programs\\Python\\Python313\\Lib\\site-packages\\nbconvert\\exporters\\exporter.py', reloading
2025-10-23 02:13:16,826 - INFO -  * Detected change in 'C:\\Users\\Muiz\\AppData\\Local\\Programs\\Python\\Python313\\Lib\\site-packages\\nbconvert\\exporters\\exporter.py', reloading
2025-10-23 02:13:16,838 - INFO -  * Detected change in 'C:\\Users\\Muiz\\AppData\\Local\\Programs\\Python\\Python313\\Lib\\site-packages\\nbconvert\\exporters\\base.py', reloading
2025-10-23 02:13:16,855 - INFO -  * Detected change in 'C:\\Users\\Muiz\\AppData\\Local\\Programs\\Python\\Python313\\Lib\\site-packages\\nbconvert\\exporters\\html.py', reloading
2025-10-23 02:13:16,867 - INFO -  * Detected change in 'C:\\Users\\Muiz\\AppData\\Local\\Programs\\Python\\Python313\\Lib\\site-packages\\nbconvert\\exporters\\latex.py', reloading
2025-10-23 02:13:16,877 - INFO -  * Detected change in 'C:\\Users\\Muiz\\AppData\\Local\\Programs\\Python\\Python313\\Lib\\site-packages\\nbconvert\\exporters\\markdown.py', reloading
2025-10-23 02:13:16,888 - INFO -  * Detected change in 'C:\\Users\\Muiz\\AppData\\Local\\Programs\\Python\\Python313\\Lib\\site-packages\\nbconvert\\exporters\\notebook.py', reloading
2025-10-23 02:13:16,901 - INFO -  * Detected change in 'C:\\Users\\Muiz\\AppData\\Local\\Programs\\Python\\Python313\\Lib\\site-packages\\nbconvert\\exporters\\pdf.py', reloading
2025-10-23 02:13:16,920 - INFO -  * Detected change in 'C:\\Users\\Muiz\\AppData\\Local\\Programs\\Python\\Python313\\Lib\\site-packages\\nbconvert\\exporters\\python.py', reloading
2025-10-23 02:13:16,931 - INFO -  * Detected change in 'C:\\Users\\Muiz\\AppData\\Local\\Programs\\Python\\Python313\\Lib\\site-packages\\nbconvert\\exporters\\qtpdf.py', reloading
2025-10-23 02:13:16,956 - INFO -  * Detected change in 'C:\\Users\\Muiz\\AppData\\Local\\Programs\\Python\\Python313\\Lib\\site-packages\\nbconvert\\exporters\\qtpng.py', reloading
2025-10-23 02:13:16,969 - INFO -  * Detected change in 'C:\\Users\\Muiz\\AppData\\Local\\Programs\\Python\\Python313\\Lib\\site-packages\\nbconvert\\exporters\\rst.py', reloading
2025-10-23 02:13:16,982 - INFO -  * Detected change in 'C:\\Users\\Muiz\\AppData\\Local\\Programs\\Python\\Python313\\Lib\\site-packages\\nbconvert\\exporters\\script.py', reloading
2025-10-23 02:13:16,995 - INFO -  * Detected change in 'C:\\Users\\Muiz\\AppData\\Local\\Programs\\Python\\Python313\\Lib\\site-packages\\nbconvert\\exporters\\slides.py', reloading
2025-10-23 02:13:17,005 - INFO - Model and TF-IDF vectorizer loaded successfully.
2025-10-23 02:13:17,007 - INFO -  * Detected change in 'C:\\Users\\Muiz\\AppData\\Local\\Programs\\Python\\Python313\\Lib\\site-packages\\nbconvert\\exporters\\templateexporter.py', reloading
2025-10-23 02:13:17,024 - INFO -  * Detected change in 'C:\\Users\\Muiz\\AppData\\Local\\Programs\\Python\\Python313\\Lib\\site-packages\\nbconvert\\exporters\\webpdf.py', reloading
2025-10-23 02:13:17,043 - INFO -  * Detected change in 'C:\\Users\\Muiz\\AppData\\Local\\Programs\\Python\\Python313\\Lib\\site-packages\\nbformat\\__init__.py', reloading
2025-10-23 02:13:17,055 - INFO -  * Detected change in 'C:\\Users\\Muiz\\AppData\\Local\\Programs\\Python\\Python313\\Lib\\site-packages\\nbformat\\_version.py', reloading
2025-10-23 02:13:17,074 - INFO -  * Detected change in 'C:\\Users\\Muiz\\AppData\\Local\\Programs\\Python\\Python313\\Lib\\site-packages\\nbformat\\sentinel.py', reloading
2025-10-23 02:13:17,088 - INFO -  * Detected change in 'C:\\Users\\Muiz\\AppData\\Local\\Programs\\Python\\Python313\\Lib\\site-packages\\nbformat\\converter.py', reloading
2025-10-23 02:13:17,099 - INFO -  * Restarting with watchdog (windowsapi)
2025-10-23 02:13:17,102 - INFO -  * Detected change in 'C:\\Users\\Muiz\\AppData\\Local\\Programs\\Python\\Python313\\Lib\\site-packages\\nbformat\\notebooknode.py', reloading
2025-10-23 02:13:17,114 - INFO -  * Detected change in 'C:\\Users\\Muiz\\AppData\\Local\\Programs\\Python\\Python313\\Lib\\site-packages\\nbformat\\v4\\__init__.py', reloading
2025-10-23 02:13:17,128 - INFO -  * Detected change in 'C:\\Users\\Muiz\\AppData\\Local\\Programs\\Python\\Python313\\Lib\\site-packages\\nbformat\\v4\\nbbase.py', reloading
2025-10-23 02:13:17,142 - INFO -  * Detected change in 'C:\\Users\\Muiz\\AppData\\Local\\Programs\\Python\\Python313\\Lib\\site-packages\\nbformat\\validator.py', reloading
2025-10-23 02:13:17,155 - INFO -  * Detected change in 'C:\\Users\\Muiz\\AppData\\Local\\Programs\\Python\\Python313\\Lib\\site-packages\\nbformat\\json_compat.py', reloading
2025-10-23 02:13:17,182 - INFO -  * Detected change in 'C:\\Users\\Muiz\\AppData\\Local\\Programs\\Python\\Python313\\Lib\\site-packages\\notebook\\__init__.py', reloading
2025-10-23 02:13:17,207 - INFO -  * Detected change in 'C:\\Users\\Muiz\\AppData\\Local\\Programs\\Python\\Python313\\Lib\\site-packages\\notebook_shim\\__init__.py', reloading
2025-10-23 02:13:17,286 - INFO -  * Detected change in 'C:\\Users\\Muiz\\AppData\\Local\\Programs\\Python\\Python313\\Lib\\site-packages\\numpy\\_typing\\_extended_precision.py', reloading
2025-10-23 02:13:17,346 - WARNING -  * Debugger is active!
2025-10-23 02:13:17,349 - INFO -  * Debugger PIN: 603-667-668
2025-10-23 02:13:17,771 - INFO -  * Restarting with watchdog (windowsapi)
2025-10-23 02:13:17,782 - INFO -  * Detected change in 'C:\\Users\\Muiz\\AppData\\Local\\Programs\\Python\\Python313\\Lib\\site-packages\\packaging\\__init__.py', reloading
2025-10-23 02:13:17,805 - INFO -  * Detected change in 'C:\\Users\\Muiz\\AppData\\Local\\Programs\\Python\\Python313\\Lib\\site-packages\\parso\\__init__.py', reloading
2025-10-23 02:13:17,827 - INFO -  * Detected change in 'C:\\Users\\Muiz\\AppData\\Local\\Programs\\Python\\Python313\\Lib\\site-packages\\past\\__init__.py', reloading
2025-10-23 02:13:17,841 - INFO -  * Detected change in 'C:\\Users\\Muiz\\AppData\\Local\\Programs\\Python\\Python313\\Lib\\site-packages\\pdfminer\\__init__.py', reloading
2025-10-23 02:13:17,855 - INFO -  * Detected change in 'C:\\Users\\Muiz\\AppData\\Local\\Programs\\Python\\Python313\\Lib\\site-packages\\pdfplumber\\__init__.py', reloading
2025-10-23 02:13:17,874 - INFO -  * Detected change in 'C:\\Users\\Muiz\\AppData\\Local\\Programs\\Python\\Python313\\Lib\\site-packages\\pdfplumber\\_version.py', reloading
2025-10-23 02:13:17,885 - INFO -  * Detected change in 'C:\\Users\\Muiz\\AppData\\Local\\Programs\\Python\\Python313\\Lib\\site-packages\\PIL\\__init__.py', reloading
2025-10-23 02:13:17,902 - INFO -  * Detected change in 'C:\\Users\\Muiz\\AppData\\Local\\Programs\\Python\\Python313\\Lib\\site-packages\\pip\\__init__.py', reloading
2025-10-23 02:13:17,920 - INFO -  * Detected change in 'C:\\Users\\Muiz\\AppData\\Local\\Programs\\Python\\Python313\\Lib\\site-packages\\pkg_resources\\__init__.py', reloading
2025-10-23 02:13:17,997 - INFO -  * Detected change in 'C:\\Users\\Muiz\\AppData\\Local\\Programs\\Python\\Python313\\Lib\\site-packages\\platformdirs\\__init__.py', reloading
2025-10-23 02:13:18,018 - INFO -  * Detected change in 'C:\\Users\\Muiz\\AppData\\Local\\Programs\\Python\\Python313\\Lib\\site-packages\\platformdirs\\api.py', reloading
2025-10-23 02:13:18,032 - INFO -  * Detected change in 'C:\\Users\\Muiz\\AppData\\Local\\Programs\\Python\\Python313\\Lib\\site-packages\\platformdirs\\version.py', reloading
2025-10-23 02:13:18,046 - INFO -  * Detected change in 'C:\\Users\\Muiz\\AppData\\Local\\Programs\\Python\\Python313\\Lib\\site-packages\\plotly\\__init__.py', reloading
2025-10-23 02:13:18,063 - INFO -  * Detected change in 'C:\\Users\\Muiz\\AppData\\Local\\Programs\\Python\\Python313\\Lib\\site-packages\\prometheus_client\\__init__.py', reloading
2025-10-23 02:13:18,080 - INFO -  * Detected change in 'C:\\Users\\Muiz\\AppData\\Local\\Programs\\Python\\Python313\\Lib\\site-packages\\prometheus_client\\exposition.py', reloading
2025-10-23 02:13:18,094 - INFO -  * Detected change in 'C:\\Users\\Muiz\\AppData\\Local\\Programs\\Python\\Python313\\Lib\\site-packages\\prometheus_client\\asgi.py', reloading
2025-10-23 02:13:18,109 - INFO -  * Detected change in 'C:\\Users\\Muiz\\AppData\\Local\\Programs\\Python\\Python313\\Lib\\site-packages\\prometheus_client\\gc_collector.py', reloading
2025-10-23 02:13:18,119 - INFO -  * Detected change in 'C:\\Users\\Muiz\\AppData\\Local\\Programs\\Python\\Python313\\Lib\\site-packages\\prometheus_client\\metrics.py', reloading
2025-10-23 02:13:18,130 - INFO -  * Detected change in 'C:\\Users\\Muiz\\AppData\\Local\\Programs\\Python\\Python313\\Lib\\site-packages\\prometheus_client\\metrics_core.py', reloading
2025-10-23 02:13:18,181 - INFO -  * Detected change in 'C:\\Users\\Muiz\\AppData\\Local\\Programs\\Python\\Python313\\Lib\\site-packages\\prometheus_client\\platform_collector.py', reloading
2025-10-23 02:13:18,200 - INFO -  * Detected change in 'C:\\Users\\Muiz\\AppData\\Local\\Programs\\Python\\Python313\\Lib\\site-packages\\prometheus_client\\process_collector.py', reloading
2025-10-23 02:13:18,217 - INFO -  * Detected change in 'C:\\Users\\Muiz\\AppData\\Local\\Programs\\Python\\Python313\\Lib\\site-packages\\prometheus_client\\registry.py', reloading
2025-10-23 02:13:18,236 - INFO -  * Detected change in 'C:\\Users\\Muiz\\AppData\\Local\\Programs\\Python\\Python313\\Lib\\site-packages\\prompt_toolkit\\__init__.py', reloading
2025-10-23 02:13:18,257 - INFO -  * Detected change in 'C:\\Users\\Muiz\\AppData\\Local\\Programs\\Python\\Python313\\Lib\\site-packages\\prompt_toolkit\\application\\__init__.py', reloading
2025-10-23 02:13:18,270 - INFO -  * Detected change in 'C:\\Users\\Muiz\\AppData\\Local\\Programs\\Python\\Python313\\Lib\\site-packages\\prompt_toolkit\\application\\application.py', reloading
2025-10-23 02:13:18,289 - INFO -  * Detected change in 'C:\\Users\\Muiz\\AppData\\Local\\Programs\\Python\\Python313\\Lib\\site-packages\\prompt_toolkit\\formatted_text\\__init__.py', reloading
2025-10-23 02:13:18,300 - INFO -  * Detected change in 'C:\\Users\\Muiz\\AppData\\Local\\Programs\\Python\\Python313\\Lib\\site-packages\\prompt_toolkit\\formatted_text\\ansi.py', reloading
2025-10-23 02:13:18,314 - INFO -  * Detected change in 'C:\\Users\\Muiz\\AppData\\Local\\Programs\\Python\\Python313\\Lib\\site-packages\\prompt_toolkit\\formatted_text\\html.py', reloading
2025-10-23 02:13:18,323 - INFO -  * Detected change in 'C:\\Users\\Muiz\\AppData\\Local\\Programs\\Python\\Python313\\Lib\\site-packages\\prompt_toolkit\\shortcuts\\__init__.py', reloading
2025-10-23 02:13:18,336 - INFO -  * Detected change in 'C:\\Users\\Muiz\\AppData\\Local\\Programs\\Python\\Python313\\Lib\\site-packages\\prompt_toolkit\\shortcuts\\prompt.py', reloading
2025-10-23 02:13:18,355 - INFO -  * Detected change in 'C:\\Users\\Muiz\\AppData\\Local\\Programs\\Python\\Python313\\Lib\\site-packages\\prompt_toolkit\\shortcuts\\choice_input.py', reloading
2025-10-23 02:13:18,367 - INFO -  * Detected change in 'C:\\Users\\Muiz\\AppData\\Local\\Programs\\Python\\Python313\\Lib\\site-packages\\prompt_toolkit\\shortcuts\\utils.py', reloading
2025-10-23 02:13:19,150 - INFO - Model and TF-IDF vectorizer loaded successfully.
2025-10-23 02:13:19,493 - WARNING -  * Debugger is active!
2025-10-23 02:13:19,495 - INFO -  * Debugger PIN: 603-667-668
2025-10-23 02:13:19,550 - INFO -  * Detected change in 'C:\\Users\\Muiz\\AppData\\Local\\Programs\\Python\\Python313\\Lib\\site-packages\\scipy\\fft\\_realtransforms.py', reloading
2025-10-23 02:13:19,616 - INFO -  * Detected change in 'C:\\Users\\Muiz\\AppData\\Local\\Programs\\Python\\Python313\\Lib\\site-packages\\scipy\\fft\\_fftlog.py', reloading
2025-10-23 02:13:19,711 - INFO -  * Detected change in 'C:\\Users\\Muiz\\AppData\\Local\\Programs\\Python\\Python313\\Lib\\site-packages\\scipy\\fft\\_fftlog_backend.py', reloading
2025-10-23 02:13:19,738 - INFO - Model and TF-IDF vectorizer loaded successfully.
2025-10-23 02:13:19,751 - INFO -  * Detected change in 'C:\\Users\\Muiz\\AppData\\Local\\Programs\\Python\\Python313\\Lib\\site-packages\\scipy\\fft\\_helper.py', reloading
2025-10-23 02:13:19,765 - INFO -  * Detected change in 'C:\\Users\\Muiz\\AppData\\Local\\Programs\\Python\\Python313\\Lib\\site-packages\\scipy\\fft\\_backend.py', reloading
2025-10-23 02:13:19,782 - INFO -  * Detected change in 'C:\\Users\\Muiz\\AppData\\Local\\Programs\\Python\\Python313\\Lib\\site-packages\\scipy\\fft\\_pocketfft\\helper.py', reloading
2025-10-23 02:13:19,803 - INFO -  * Detected change in 'C:\\Users\\Muiz\\AppData\\Local\\Programs\\Python\\Python313\\Lib\\site-packages\\scipy\\fftpack\\__init__.py', reloading
2025-10-23 02:13:19,823 - INFO -  * Detected change in 'C:\\Users\\Muiz\\AppData\\Local\\Programs\\Python\\Python313\\Lib\\site-packages\\scipy\\fftpack\\_basic.py', reloading
2025-10-23 02:13:19,857 - INFO -  * Detected change in 'C:\\Users\\Muiz\\AppData\\Local\\Programs\\Python\\Python313\\Lib\\site-packages\\scipy\\fftpack\\_pseudo_diffs.py', reloading
2025-10-23 02:13:19,881 - INFO -  * Detected change in 'C:\\Users\\Muiz\\AppData\\Local\\Programs\\Python\\Python313\\Lib\\site-packages\\scipy\\fftpack\\_helper.py', reloading
2025-10-23 02:13:19,939 - INFO -  * Detected change in 'C:\\Users\\Muiz\\AppData\\Local\\Programs\\Python\\Python313\\Lib\\site-packages\\scipy\\fftpack\\_realtransforms.py', reloading
2025-10-23 02:13:20,037 - INFO -  * Detected change in 'C:\\Users\\Muiz\\AppData\\Local\\Programs\\Python\\Python313\\Lib\\site-packages\\scipy\\integrate\\__init__.py', reloading
2025-10-23 02:13:20,038 - WARNING -  * Debugger is active!
2025-10-23 02:13:20,045 - INFO -  * Debugger PIN: 603-667-668
2025-10-23 02:13:20,131 - INFO -  * Detected change in 'C:\\Users\\Muiz\\AppData\\Local\\Programs\\Python\\Python313\\Lib\\site-packages\\scipy\\integrate\\_quadrature.py', reloading
2025-10-23 02:13:20,132 - INFO -  * Detected change in 'C:\\Users\\Muiz\\AppData\\Local\\Programs\\Python\\Python313\\Lib\\site-packages\\scipy\\integrate\\_quadrature.py', reloading
2025-10-23 02:13:20,166 - INFO -  * Detected change in 'C:\\Users\\Muiz\\AppData\\Local\\Programs\\Python\\Python313\\Lib\\site-packages\\scipy\\integrate\\_odepack_py.py', reloading
2025-10-23 02:13:20,166 - INFO -  * Detected change in 'C:\\Users\\Muiz\\AppData\\Local\\Programs\\Python\\Python313\\Lib\\site-packages\\scipy\\integrate\\_odepack_py.py', reloading
2025-10-23 02:13:20,311 - INFO -  * Detected change in 'C:\\Users\\Muiz\\AppData\\Local\\Programs\\Python\\Python313\\Lib\\site-packages\\scipy\\integrate\\_quadpack_py.py', reloading
2025-10-23 02:13:20,312 - INFO -  * Detected change in 'C:\\Users\\Muiz\\AppData\\Local\\Programs\\Python\\Python313\\Lib\\site-packages\\scipy\\integrate\\_quadpack_py.py', reloading
2025-10-23 02:13:20,352 - INFO -  * Detected change in 'C:\\Users\\Muiz\\AppData\\Local\\Programs\\Python\\Python313\\Lib\\site-packages\\scipy\\integrate\\_ode.py', reloading
2025-10-23 02:13:20,352 - INFO -  * Detected change in 'C:\\Users\\Muiz\\AppData\\Local\\Programs\\Python\\Python313\\Lib\\site-packages\\scipy\\integrate\\_ode.py', reloading
2025-10-23 02:13:20,483 - INFO -  * Detected change in 'C:\\Users\\Muiz\\AppData\\Local\\Programs\\Python\\Python313\\Lib\\site-packages\\scipy\\interpolate\\__init__.py', reloading
2025-10-23 02:13:20,483 - INFO -  * Detected change in 'C:\\Users\\Muiz\\AppData\\Local\\Programs\\Python\\Python313\\Lib\\site-packages\\scipy\\interpolate\\__init__.py', reloading
2025-10-23 02:13:20,525 - INFO -  * Detected change in 'C:\\Users\\Muiz\\AppData\\Local\\Programs\\Python\\Python313\\Lib\\site-packages\\scipy\\interpolate\\_interpolate.py', reloading
2025-10-23 02:13:20,788 - INFO -  * Detected change in 'C:\\Users\\Muiz\\AppData\\Local\\Programs\\Python\\Python313\\Lib\\site-packages\\scipy\\interpolate\\_fitpack_py.py', reloading
2025-10-23 02:13:20,826 - INFO -  * Restarting with watchdog (windowsapi)
2025-10-23 02:13:20,942 - INFO - Model and TF-IDF vectorizer loaded successfully.
2025-10-23 02:13:20,994 - INFO -  * Detected change in 'C:\\Users\\Muiz\\AppData\\Local\\Programs\\Python\\Python313\\Lib\\site-packages\\scipy\\interpolate\\_fitpack2.py', reloading
2025-10-23 02:13:21,068 - INFO -  * Detected change in 'C:\\Users\\Muiz\\AppData\\Local\\Programs\\Python\\Python313\\Lib\\site-packages\\scipy\\interpolate\\_rbfinterp.py', reloading
2025-10-23 02:13:21,266 - WARNING -  * Debugger is active!
2025-10-23 02:13:21,276 - INFO -  * Debugger PIN: 603-667-668
2025-10-23 02:13:21,356 - INFO -  * Detected change in 'C:\\Users\\Muiz\\AppData\\Local\\Programs\\Python\\Python313\\Lib\\site-packages\\scipy\\interpolate\\_cubic.py', reloading
2025-10-23 02:13:21,372 - INFO -  * Restarting with watchdog (windowsapi)
2025-10-23 02:13:21,382 - INFO -  * Detected change in 'C:\\Users\\Muiz\\AppData\\Local\\Programs\\Python\\Python313\\Lib\\site-packages\\scipy\\interpolate\\_ndgriddata.py', reloading
2025-10-23 02:13:21,415 - INFO -  * Detected change in 'C:\\Users\\Muiz\\AppData\\Local\\Programs\\Python\\Python313\\Lib\\site-packages\\scipy\\interpolate\\_bsplines.py', reloading
2025-10-23 02:13:21,548 - INFO -  * Detected change in 'C:\\Users\\Muiz\\AppData\\Local\\Programs\\Python\\Python313\\Lib\\site-packages\\scipy\\interpolate\\_pade.py', reloading
2025-10-23 02:13:21,585 - INFO -  * Detected change in 'C:\\Users\\Muiz\\AppData\\Local\\Programs\\Python\\Python313\\Lib\\site-packages\\scipy\\interpolate\\_rgi.py', reloading
2025-10-23 02:13:21,701 - INFO -  * Detected change in 'C:\\Users\\Muiz\\AppData\\Local\\Programs\\Python\\Python313\\Lib\\site-packages\\scipy\\interpolate\\_bary_rational.py', reloading
2025-10-23 02:13:21,838 - INFO -  * Detected change in 'C:\\Users\\Muiz\\AppData\\Local\\Programs\\Python\\Python313\\Lib\\site-packages\\scipy\\io\\__init__.py', reloading
2025-10-23 02:13:22,042 - INFO -  * Detected change in 'C:\\Users\\Muiz\\AppData\\Local\\Programs\\Python\\Python313\\Lib\\site-packages\\scipy\\linalg\\__init__.py', reloading
2025-10-23 02:13:22,083 - INFO -  * Detected change in 'C:\\Users\\Muiz\\AppData\\Local\\Programs\\Python\\Python313\\Lib\\site-packages\\scipy\\linalg\\_misc.py', reloading
2025-10-23 02:13:22,233 - INFO -  * Detected change in 'C:\\Users\\Muiz\\AppData\\Local\\Programs\\Python\\Python313\\Lib\\site-packages\\scipy\\linalg\\_basic.py', reloading
2025-10-23 02:13:22,284 - INFO -  * Detected change in 'C:\\Users\\Muiz\\AppData\\Local\\Programs\\Python\\Python313\\Lib\\site-packages\\scipy\\linalg\\_decomp.py', reloading
2025-10-23 02:13:22,945 - INFO - Model and TF-IDF vectorizer loaded successfully.
2025-10-23 02:13:23,242 - WARNING -  * Debugger is active!
2025-10-23 02:13:23,248 - INFO -  * Debugger PIN: 603-667-668
2025-10-23 02:13:23,412 - INFO -  * Detected change in 'C:\\Users\\Muiz\\AppData\\Local\\Programs\\Python\\Python313\\Lib\\site-packages\\scipy\\linalg\\_special_matrices.py', reloading
2025-10-23 02:13:23,462 - INFO - Model and TF-IDF vectorizer loaded successfully.
2025-10-23 02:13:23,772 - INFO -  * Restarting with watchdog (windowsapi)
2025-10-23 02:13:23,803 - WARNING -  * Debugger is active!
2025-10-23 02:13:23,808 - INFO -  * Debugger PIN: 603-667-668
2025-10-23 02:13:23,952 - INFO -  * Detected change in 'C:\\Users\\Muiz\\AppData\\Local\\Programs\\Python\\Python313\\Lib\\site-packages\\scipy\\misc\\__init__.py', reloading
2025-10-23 02:13:24,010 - INFO -  * Detected change in 'C:\\Users\\Muiz\\AppData\\Local\\Programs\\Python\\Python313\\Lib\\site-packages\\scipy\\ndimage\\__init__.py', reloading
2025-10-23 02:13:24,028 - INFO -  * Detected change in 'C:\\Users\\Muiz\\AppData\\Local\\Programs\\Python\\Python313\\Lib\\site-packages\\scipy\\ndimage\\_support_alternative_backends.py', reloading
2025-10-23 02:13:24,107 - INFO -  * Detected change in 'C:\\Users\\Muiz\\AppData\\Local\\Programs\\Python\\Python313\\Lib\\site-packages\\scipy\\ndimage\\_ndimage_api.py', reloading
2025-10-23 02:13:24,181 - INFO -  * Detected change in 'C:\\Users\\Muiz\\AppData\\Local\\Programs\\Python\\Python313\\Lib\\site-packages\\scipy\\ndimage\\_filters.py', reloading
2025-10-23 02:13:24,287 - INFO -  * Detected change in 'C:\\Users\\Muiz\\AppData\\Local\\Programs\\Python\\Python313\\Lib\\site-packages\\scipy\\ndimage\\_fourier.py', reloading
2025-10-23 02:13:24,451 - INFO -  * Detected change in 'C:\\Users\\Muiz\\AppData\\Local\\Programs\\Python\\Python313\\Lib\\site-packages\\scipy\\ndimage\\_interpolation.py', reloading
2025-10-23 02:13:24,519 - INFO -  * Detected change in 'C:\\Users\\Muiz\\AppData\\Local\\Programs\\Python\\Python313\\Lib\\site-packages\\scipy\\ndimage\\_measurements.py', reloading
2025-10-23 02:13:24,657 - INFO -  * Detected change in 'C:\\Users\\Muiz\\AppData\\Local\\Programs\\Python\\Python313\\Lib\\site-packages\\scipy\\ndimage\\_morphology.py', reloading
2025-10-23 02:13:24,789 - INFO -  * Detected change in 'C:\\Users\\Muiz\\AppData\\Local\\Programs\\Python\\Python313\\Lib\\site-packages\\scipy\\odr\\__init__.py', reloading
2025-10-23 02:13:24,821 - INFO -  * Detected change in 'C:\\Users\\Muiz\\AppData\\Local\\Programs\\Python\\Python313\\Lib\\site-packages\\scipy\\odr\\_odrpack.py', reloading
2025-10-23 02:13:25,196 - INFO -  * Restarting with watchdog (windowsapi)
2025-10-23 02:13:25,452 - INFO - Model and TF-IDF vectorizer loaded successfully.
2025-10-23 02:13:25,771 - WARNING -  * Debugger is active!
2025-10-23 02:13:25,773 - INFO -  * Debugger PIN: 603-667-668
2025-10-23 02:13:25,790 - INFO - Model and TF-IDF vectorizer loaded successfully.
2025-10-23 02:13:25,795 - INFO -  * Detected change in 'C:\\Users\\Muiz\\AppData\\Local\\Programs\\Python\\Python313\\Lib\\site-packages\\scipy\\signal\\_czt.py', reloading
2025-10-23 02:13:25,836 - INFO -  * Detected change in 'C:\\Users\\Muiz\\AppData\\Local\\Programs\\Python\\Python313\\Lib\\site-packages\\scipy\\spatial\\__init__.py', reloading
2025-10-23 02:13:25,859 - INFO -  * Detected change in 'C:\\Users\\Muiz\\AppData\\Local\\Programs\\Python\\Python313\\Lib\\site-packages\\scipy\\spatial\\_kdtree.py', reloading
2025-10-23 02:13:25,890 - INFO -  * Detected change in 'C:\\Users\\Muiz\\AppData\\Local\\Programs\\Python\\Python313\\Lib\\site-packages\\scipy\\spatial\\_plotutils.py', reloading
2025-10-23 02:13:25,967 - INFO -  * Detected change in 'C:\\Users\\Muiz\\AppData\\Local\\Programs\\Python\\Python313\\Lib\\site-packages\\scipy\\special\\__init__.py', reloading
2025-10-23 02:13:26,030 - INFO -  * Detected change in 'C:\\Users\\Muiz\\AppData\\Local\\Programs\\Python\\Python313\\Lib\\site-packages\\scipy\\special\\_support_alternative_backends.py', reloading
2025-10-23 02:13:26,058 - INFO -  * Detected change in 'C:\\Users\\Muiz\\AppData\\Local\\Programs\\Python\\Python313\\Lib\\site-packages\\scipy\\special\\_basic.py', reloading
2025-10-23 02:13:26,079 - WARNING -  * Debugger is active!
2025-10-23 02:13:26,084 - INFO -  * Debugger PIN: 603-667-668
2025-10-23 02:13:26,118 - INFO -  * Detected change in 'C:\\Users\\Muiz\\AppData\\Local\\Programs\\Python\\Python313\\Lib\\site-packages\\scipy\\special\\_multiufuncs.py', reloading
2025-10-23 02:13:26,119 - INFO -  * Detected change in 'C:\\Users\\Muiz\\AppData\\Local\\Programs\\Python\\Python313\\Lib\\site-packages\\scipy\\special\\_multiufuncs.py', reloading
2025-10-23 02:13:26,184 - INFO -  * Detected change in 'C:\\Users\\Muiz\\AppData\\Local\\Programs\\Python\\Python313\\Lib\\site-packages\\scipy\\special\\_sf_error.py', reloading
2025-10-23 02:13:26,184 - INFO -  * Detected change in 'C:\\Users\\Muiz\\AppData\\Local\\Programs\\Python\\Python313\\Lib\\site-packages\\scipy\\special\\_sf_error.py', reloading
2025-10-23 02:13:26,195 - INFO -  * Detected change in 'C:\\Users\\Muiz\\AppData\\Local\\Programs\\Python\\Python313\\Lib\\site-packages\\scipy\\special\\_logsumexp.py', reloading
2025-10-23 02:13:26,207 - INFO -  * Detected change in 'C:\\Users\\Muiz\\AppData\\Local\\Programs\\Python\\Python313\\Lib\\site-packages\\scipy\\special\\_spfun_stats.py', reloading
2025-10-23 02:13:26,219 - INFO -  * Detected change in 'C:\\Users\\Muiz\\AppData\\Local\\Programs\\Python\\Python313\\Lib\\site-packages\\scipy\\special\\_ellip_harm.py', reloading
2025-10-23 02:13:26,219 - INFO -  * Detected change in 'C:\\Users\\Muiz\\AppData\\Local\\Programs\\Python\\Python313\\Lib\\site-packages\\scipy\\special\\_ellip_harm.py', reloading
2025-10-23 02:13:26,232 - INFO -  * Detected change in 'C:\\Users\\Muiz\\AppData\\Local\\Programs\\Python\\Python313\\Lib\\site-packages\\scipy\\special\\_lambertw.py', reloading
2025-10-23 02:13:26,232 - INFO -  * Detected change in 'C:\\Users\\Muiz\\AppData\\Local\\Programs\\Python\\Python313\\Lib\\site-packages\\scipy\\special\\_lambertw.py', reloading
2025-10-23 02:13:26,246 - INFO -  * Detected change in 'C:\\Users\\Muiz\\AppData\\Local\\Programs\\Python\\Python313\\Lib\\site-packages\\scipy\\special\\_spherical_bessel.py', reloading
2025-10-23 02:13:26,246 - INFO -  * Detected change in 'C:\\Users\\Muiz\\AppData\\Local\\Programs\\Python\\Python313\\Lib\\site-packages\\scipy\\special\\_spherical_bessel.py', reloading
2025-10-23 02:13:26,259 - INFO -  * Detected change in 'C:\\Users\\Muiz\\AppData\\Local\\Programs\\Python\\Python313\\Lib\\site-packages\\scipy\\stats\\__init__.py', reloading
2025-10-23 02:13:26,259 - INFO -  * Detected change in 'C:\\Users\\Muiz\\AppData\\Local\\Programs\\Python\\Python313\\Lib\\site-packages\\scipy\\stats\\__init__.py', reloading
2025-10-23 02:13:26,284 - INFO -  * Detected change in 'C:\\Users\\Muiz\\AppData\\Local\\Programs\\Python\\Python313\\Lib\\site-packages\\scipy\\stats\\_stats_py.py', reloading
2025-10-23 02:13:26,284 - INFO -  * Detected change in 'C:\\Users\\Muiz\\AppData\\Local\\Programs\\Python\\Python313\\Lib\\site-packages\\scipy\\stats\\_stats_py.py', reloading
2025-10-23 02:13:26,309 - INFO -  * Detected change in 'C:\\Users\\Muiz\\AppData\\Local\\Programs\\Python\\Python313\\Lib\\site-packages\\scipy\\stats\\distributions.py', reloading
2025-10-23 02:13:26,310 - INFO -  * Detected change in 'C:\\Users\\Muiz\\AppData\\Local\\Programs\\Python\\Python313\\Lib\\site-packages\\scipy\\stats\\distributions.py', reloading
2025-10-23 02:13:26,338 - INFO -  * Detected change in 'C:\\Users\\Muiz\\AppData\\Local\\Programs\\Python\\Python313\\Lib\\site-packages\\scipy\\stats\\_continuous_distns.py', reloading
2025-10-23 02:13:26,378 - INFO -  * Detected change in 'C:\\Users\\Muiz\\AppData\\Local\\Programs\\Python\\Python313\\Lib\\site-packages\\scipy\\stats\\_discrete_distns.py', reloading
2025-10-23 02:13:26,394 - INFO -  * Detected change in 'C:\\Users\\Muiz\\AppData\\Local\\Programs\\Python\\Python313\\Lib\\site-packages\\scipy\\stats\\_morestats.py', reloading
2025-10-23 02:13:26,412 - INFO -  * Detected change in 'C:\\Users\\Muiz\\AppData\\Local\\Programs\\Python\\Python313\\Lib\\site-packages\\scipy\\stats\\_multicomp.py', reloading
2025-10-23 02:13:26,412 - INFO -  * Detected change in 'C:\\Users\\Muiz\\AppData\\Local\\Programs\\Python\\Python313\\Lib\\site-packages\\scipy\\stats\\_multicomp.py', reloading
2025-10-23 02:13:26,425 - INFO -  * Detected change in 'C:\\Users\\Muiz\\AppData\\Local\\Programs\\Python\\Python313\\Lib\\site-packages\\scipy\\stats\\_binned_statistic.py', reloading
2025-10-23 02:13:26,440 - INFO -  * Detected change in 'C:\\Users\\Muiz\\AppData\\Local\\Programs\\Python\\Python313\\Lib\\site-packages\\scipy\\stats\\_multivariate.py', reloading
2025-10-23 02:13:26,440 - INFO -  * Detected change in 'C:\\Users\\Muiz\\AppData\\Local\\Programs\\Python\\Python313\\Lib\\site-packages\\scipy\\stats\\_multivariate.py', reloading
2025-10-23 02:13:26,462 - INFO -  * Detected change in 'C:\\Users\\Muiz\\AppData\\Local\\Programs\\Python\\Python313\\Lib\\site-packages\\scipy\\stats\\_entropy.py', reloading
2025-10-23 02:13:26,484 - INFO -  * Detected change in 'C:\\Users\\Muiz\\AppData\\Local\\Programs\\Python\\Python313\\Lib\\site-packages\\scipy\\stats\\_hypotests.py', reloading
2025-10-23 02:13:26,484 - INFO -  * Detected change in 'C:\\Users\\Muiz\\AppData\\Local\\Programs\\Python\\Python313\\Lib\\site-packages\\scipy\\stats\\_hypotests.py', reloading
2025-10-23 02:13:26,500 - INFO -  * Detected change in 'C:\\Users\\Muiz\\AppData\\Local\\Programs\\Python\\Python313\\Lib\\site-packages\\scipy\\stats\\_sensitivity_analysis.py', reloading
2025-10-23 02:13:26,608 - INFO -  * Detected change in 'C:\\Users\\Muiz\\AppData\\Local\\Programs\\Python\\Python313\\Lib\\site-packages\\scipy\\stats\\_survival.py', reloading
2025-10-23 02:13:26,609 - INFO -  * Detected change in 'C:\\Users\\Muiz\\AppData\\Local\\Programs\\Python\\Python313\\Lib\\site-packages\\scipy\\stats\\_survival.py', reloading
2025-10-23 02:13:26,667 - INFO -  * Detected change in 'C:\\Users\\Muiz\\AppData\\Local\\Programs\\Python\\Python313\\Lib\\site-packages\\scipy\\version.py', reloading
2025-10-23 02:13:26,667 - INFO -  * Detected change in 'C:\\Users\\Muiz\\AppData\\Local\\Programs\\Python\\Python313\\Lib\\site-packages\\scipy\\version.py', reloading
2025-10-23 02:13:26,711 - INFO -  * Detected change in 'C:\\Users\\Muiz\\AppData\\Local\\Programs\\Python\\Python313\\Lib\\site-packages\\scipy\\__config__.py', reloading
2025-10-23 02:13:26,711 - INFO -  * Detected change in 'C:\\Users\\Muiz\\AppData\\Local\\Programs\\Python\\Python313\\Lib\\site-packages\\scipy\\__config__.py', reloading
2025-10-23 02:13:26,809 - INFO -  * Detected change in 'C:\\Users\\Muiz\\AppData\\Local\\Programs\\Python\\Python313\\Lib\\site-packages\\scipy\\__init__.py', reloading
2025-10-23 02:13:26,914 - INFO -  * Detected change in 'C:\\Users\\Muiz\\AppData\\Local\\Programs\\Python\\Python313\\Lib\\site-packages\\sentence_transformers\\__init__.py', reloading
2025-10-23 02:13:26,937 - INFO -  * Detected change in 'C:\\Users\\Muiz\\AppData\\Local\\Programs\\Python\\Python313\\Lib\\site-packages\\sentence_transformers\\backend\\__init__.py', reloading
2025-10-23 02:13:26,951 - INFO -  * Detected change in 'C:\\Users\\Muiz\\AppData\\Local\\Programs\\Python\\Python313\\Lib\\site-packages\\sentence_transformers\\backend\\quantize.py', reloading
2025-10-23 02:13:26,966 - INFO -  * Detected change in 'C:\\Users\\Muiz\\AppData\\Local\\Programs\\Python\\Python313\\Lib\\site-packages\\sentence_transformers\\backend\\optimize.py', reloading
2025-10-23 02:13:26,982 - INFO -  * Detected change in 'C:\\Users\\Muiz\\AppData\\Local\\Programs\\Python\\Python313\\Lib\\site-packages\\sentence_transformers\\cross_encoder\\__init__.py', reloading
2025-10-23 02:13:26,996 - INFO -  * Detected change in 'C:\\Users\\Muiz\\AppData\\Local\\Programs\\Python\\Python313\\Lib\\site-packages\\sentence_transformers\\cross_encoder\\CrossEncoder.py', reloading
2025-10-23 02:13:27,019 - INFO -  * Detected change in 'C:\\Users\\Muiz\\AppData\\Local\\Programs\\Python\\Python313\\Lib\\site-packages\\sentence_transformers\\cross_encoder\\model_card.py', reloading
2025-10-23 02:13:27,054 - INFO -  * Detected change in 'C:\\Users\\Muiz\\AppData\\Local\\Programs\\Python\\Python313\\Lib\\site-packages\\sentence_transformers\\cross_encoder\\trainer.py', reloading
2025-10-23 02:13:27,058 - INFO -  * Detected change in 'C:\\Users\\Muiz\\AppData\\Local\\Programs\\Python\\Python313\\Lib\\site-packages\\sentence_transformers\\cross_encoder\\training_args.py', reloading
2025-10-23 02:13:27,070 - INFO -  * Detected change in 'C:\\Users\\Muiz\\AppData\\Local\\Programs\\Python\\Python313\\Lib\\site-packages\\sentence_transformers\\datasets\\__init__.py', reloading
2025-10-23 02:13:27,102 - INFO -  * Detected change in 'C:\\Users\\Muiz\\AppData\\Local\\Programs\\Python\\Python313\\Lib\\site-packages\\sentence_transformers\\datasets\\ParallelSentencesDataset.py', reloading
2025-10-23 02:13:27,254 - INFO - Model and TF-IDF vectorizer loaded successfully.
2025-10-23 02:13:27,396 - INFO -  * Restarting with watchdog (windowsapi)
2025-10-23 02:13:27,644 - WARNING -  * Debugger is active!
2025-10-23 02:13:27,646 - INFO -  * Debugger PIN: 603-667-668
2025-10-23 02:13:27,673 - INFO -  * Detected change in 'C:\\Users\\Muiz\\AppData\\Local\\Programs\\Python\\Python313\\Lib\\site-packages\\sqlalchemy\\engine\\create.py', reloading
2025-10-23 02:13:27,691 - INFO -  * Detected change in 'C:\\Users\\Muiz\\AppData\\Local\\Programs\\Python\\Python313\\Lib\\site-packages\\sqlalchemy\\engine\\mock.py', reloading
2025-10-23 02:13:27,707 - INFO -  * Detected change in 'C:\\Users\\Muiz\\AppData\\Local\\Programs\\Python\\Python313\\Lib\\site-packages\\sqlalchemy\\engine\\cursor.py', reloading
2025-10-23 02:13:27,729 - INFO -  * Detected change in 'C:\\Users\\Muiz\\AppData\\Local\\Programs\\Python\\Python313\\Lib\\site-packages\\sqlalchemy\\engine\\reflection.py', reloading
2025-10-23 02:13:27,748 - INFO -  * Detected change in 'C:\\Users\\Muiz\\AppData\\Local\\Programs\\Python\\Python313\\Lib\\site-packages\\sqlalchemy\\engine\\url.py', reloading
2025-10-23 02:13:27,764 - INFO -  * Detected change in 'C:\\Users\\Muiz\\AppData\\Local\\Programs\\Python\\Python313\\Lib\\site-packages\\sqlalchemy\\inspection.py', reloading
2025-10-23 02:13:27,776 - INFO -  * Detected change in 'C:\\Users\\Muiz\\AppData\\Local\\Programs\\Python\\Python313\\Lib\\site-packages\\sqlalchemy\\pool\\__init__.py', reloading
2025-10-23 02:13:27,789 - INFO -  * Detected change in 'C:\\Users\\Muiz\\AppData\\Local\\Programs\\Python\\Python313\\Lib\\site-packages\\sqlalchemy\\pool\\impl.py', reloading
2025-10-23 02:13:27,805 - INFO -  * Detected change in 'C:\\Users\\Muiz\\AppData\\Local\\Programs\\Python\\Python313\\Lib\\site-packages\\sqlalchemy\\pool\\base.py', reloading
2025-10-23 02:13:27,841 - INFO -  * Detected change in 'C:\\Users\\Muiz\\AppData\\Local\\Programs\\Python\\Python313\\Lib\\site-packages\\sqlalchemy\\schema.py', reloading
2025-10-23 02:13:27,887 - INFO -  * Detected change in 'C:\\Users\\Muiz\\AppData\\Local\\Programs\\Python\\Python313\\Lib\\site-packages\\sqlalchemy\\sql\\ddl.py', reloading
2025-10-23 02:13:27,983 - INFO -  * Detected change in 'C:\\Users\\Muiz\\AppData\\Local\\Programs\\Python\\Python313\\Lib\\site-packages\\sqlalchemy\\sql\\schema.py', reloading
2025-10-23 02:13:28,034 - INFO -  * Detected change in 'C:\\Users\\Muiz\\AppData\\Local\\Programs\\Python\\Python313\\Lib\\site-packages\\sqlalchemy\\sql\\__init__.py', reloading
2025-10-23 02:13:28,152 - INFO -  * Detected change in 'C:\\Users\\Muiz\\AppData\\Local\\Programs\\Python\\Python313\\Lib\\site-packages\\sqlalchemy\\sql\\_typing.py', reloading
2025-10-23 02:13:28,183 - INFO -  * Detected change in 'C:\\Users\\Muiz\\AppData\\Local\\Programs\\Python\\Python313\\Lib\\site-packages\\sqlalchemy\\sql\\expression.py', reloading
2025-10-23 02:13:28,211 - INFO -  * Detected change in 'C:\\Users\\Muiz\\AppData\\Local\\Programs\\Python\\Python313\\Lib\\site-packages\\sqlalchemy\\sql\\selectable.py', reloading
2025-10-23 02:13:28,232 - INFO -  * Detected change in 'C:\\Users\\Muiz\\AppData\\Local\\Programs\\Python\\Python313\\Lib\\site-packages\\sqlalchemy\\sql\\_selectable_constructors.py', reloading
2025-10-23 02:13:28,250 - INFO -  * Detected change in 'C:\\Users\\Muiz\\AppData\\Local\\Programs\\Python\\Python313\\Lib\\site-packages\\sqlalchemy\\sql\\_elements_constructors.py', reloading
2025-10-23 02:13:28,271 - INFO -  * Detected change in 'C:\\Users\\Muiz\\AppData\\Local\\Programs\\Python\\Python313\\Lib\\site-packages\\sqlalchemy\\sql\\elements.py', reloading
2025-10-23 02:13:28,321 - INFO -  * Detected change in 'C:\\Users\\Muiz\\AppData\\Local\\Programs\\Python\\Python313\\Lib\\site-packages\\sqlalchemy\\sql\\cache_key.py', reloading
2025-10-23 02:13:28,352 - INFO -  * Detected change in 'C:\\Users\\Muiz\\AppData\\Local\\Programs\\Python\\Python313\\Lib\\site-packages\\sqlalchemy\\sql\\base.py', reloading
2025-10-23 02:13:28,468 - INFO -  * Detected change in 'C:\\Users\\Muiz\\AppData\\Local\\Programs\\Python\\Python313\\Lib\\site-packages\\sqlalchemy\\sql\\operators.py', reloading
2025-10-23 02:13:28,498 - INFO -  * Detected change in 'C:\\Users\\Muiz\\AppData\\Local\\Programs\\Python\\Python313\\Lib\\site-packages\\sqlalchemy\\sql\\dml.py', reloading
2025-10-23 02:13:28,515 - INFO -  * Detected change in 'C:\\Users\\Muiz\\AppData\\Local\\Programs\\Python\\Python313\\Lib\\site-packages\\sqlalchemy\\sql\\_dml_constructors.py', reloading
2025-10-23 02:13:28,531 - INFO -  * Detected change in 'C:\\Users\\Muiz\\AppData\\Local\\Programs\\Python\\Python313\\Lib\\site-packages\\sqlalchemy\\sql\\functions.py', reloading
2025-10-23 02:13:28,548 - INFO -  * Detected change in 'C:\\Users\\Muiz\\AppData\\Local\\Programs\\Python\\Python313\\Lib\\site-packages\\sqlalchemy\\sql\\lambdas.py', reloading
2025-10-23 02:13:28,564 - INFO -  * Detected change in 'C:\\Users\\Muiz\\AppData\\Local\\Programs\\Python\\Python313\\Lib\\site-packages\\sqlalchemy\\sql\\visitors.py', reloading
2025-10-23 02:13:28,577 - INFO -  * Detected change in 'C:\\Users\\Muiz\\AppData\\Local\\Programs\\Python\\Python313\\Lib\\site-packages\\sqlalchemy\\types.py', reloading
2025-10-23 02:13:28,594 - INFO -  * Detected change in 'C:\\Users\\Muiz\\AppData\\Local\\Programs\\Python\\Python313\\Lib\\site-packages\\sqlalchemy\\sql\\sqltypes.py', reloading
2025-10-23 02:13:28,616 - INFO -  * Detected change in 'C:\\Users\\Muiz\\AppData\\Local\\Programs\\Python\\Python313\\Lib\\site-packages\\sqlalchemy\\sql\\type_api.py', reloading
2025-10-23 02:13:28,633 - INFO -  * Detected change in 'C:\\Users\\Muiz\\AppData\\Local\\Programs\\Python\\Python313\\Lib\\site-packages\\stack_data\\__init__.py', reloading
2025-10-23 02:13:28,645 - INFO -  * Detected change in 'C:\\Users\\Muiz\\AppData\\Local\\Programs\\Python\\Python313\\Lib\\site-packages\\streamlit\\__init__.py', reloading
2025-10-23 02:13:29,063 - INFO -  * Restarting with watchdog (windowsapi)
2025-10-23 02:13:29,145 - INFO - Model and TF-IDF vectorizer loaded successfully.
2025-10-23 02:13:29,342 - INFO - Model and TF-IDF vectorizer loaded successfully.
2025-10-23 02:13:29,606 - WARNING -  * Debugger is active!
2025-10-23 02:13:29,608 - INFO -  * Debugger PIN: 603-667-668
2025-10-23 02:13:29,681 - WARNING -  * Debugger is active!
2025-10-23 02:13:29,692 - INFO -  * Debugger PIN: 603-667-668
2025-10-23 02:13:29,740 - INFO -  * Detected change in 'C:\\Users\\Muiz\\AppData\\Local\\Programs\\Python\\Python313\\Lib\\site-packages\\torch\\storage.py', reloading
2025-10-23 02:13:29,741 - INFO -  * Detected change in 'C:\\Users\\Muiz\\AppData\\Local\\Programs\\Python\\Python313\\Lib\\site-packages\\torch\\storage.py', reloading
2025-10-23 02:13:29,817 - INFO -  * Detected change in 'C:\\Users\\Muiz\\AppData\\Local\\Programs\\Python\\Python313\\Lib\\site-packages\\torch\\_tensor_str.py', reloading
2025-10-23 02:13:29,841 - INFO -  * Detected change in 'C:\\Users\\Muiz\\AppData\\Local\\Programs\\Python\\Python313\\Lib\\site-packages\\torch\\amp\\__init__.py', reloading
2025-10-23 02:13:29,855 - INFO -  * Detected change in 'C:\\Users\\Muiz\\AppData\\Local\\Programs\\Python\\Python313\\Lib\\site-packages\\torch\\amp\\autocast_mode.py', reloading
2025-10-23 02:13:29,869 - INFO -  * Detected change in 'C:\\Users\\Muiz\\AppData\\Local\\Programs\\Python\\Python313\\Lib\\site-packages\\torch\\amp\\grad_scaler.py', reloading
2025-10-23 02:13:29,884 - INFO -  * Detected change in 'C:\\Users\\Muiz\\AppData\\Local\\Programs\\Python\\Python313\\Lib\\site-packages\\torch\\random.py', reloading
2025-10-23 02:13:29,901 - INFO -  * Detected change in 'C:\\Users\\Muiz\\AppData\\Local\\Programs\\Python\\Python313\\Lib\\site-packages\\torch\\serialization.py', reloading
2025-10-23 02:13:29,972 - INFO -  * Detected change in 'C:\\Users\\Muiz\\AppData\\Local\\Programs\\Python\\Python313\\Lib\\site-packages\\torch\\_lowrank.py', reloading
2025-10-23 02:13:29,986 - INFO -  * Detected change in 'C:\\Users\\Muiz\\AppData\\Local\\Programs\\Python\\Python313\\Lib\\site-packages\\torch\\autograd\\__init__.py', reloading
2025-10-23 02:13:30,028 - INFO -  * Detected change in 'C:\\Users\\Muiz\\AppData\\Local\\Programs\\Python\\Python313\\Lib\\site-packages\\torch\\autograd\\grad_mode.py', reloading
2025-10-23 02:13:30,040 - INFO -  * Detected change in 'C:\\Users\\Muiz\\AppData\\Local\\Programs\\Python\\Python313\\Lib\\site-packages\\torch\\signal\\__init__.py', reloading
2025-10-23 02:13:30,050 - INFO -  * Detected change in 'C:\\Users\\Muiz\\AppData\\Local\\Programs\\Python\\Python313\\Lib\\site-packages\\torch\\_ops.py', reloading
2025-10-23 02:13:30,055 - INFO -  * Restarting with watchdog (windowsapi)
2025-10-23 02:13:30,056 - INFO -  * Detected change in 'C:\\Users\\Muiz\\AppData\\Local\\Programs\\Python\\Python313\\Lib\\site-packages\\torch\\_classes.py', reloading
2025-10-23 02:13:30,064 - INFO -  * Detected change in 'C:\\Users\\Muiz\\AppData\\Local\\Programs\\Python\\Python313\\Lib\\site-packages\\torch\\_lobpcg.py', reloading
2025-10-23 02:13:30,072 - INFO -  * Detected change in 'C:\\Users\\Muiz\\AppData\\Local\\Programs\\Python\\Python313\\Lib\\site-packages\\torch\\_higher_order_ops\\__init__.py', reloading
2025-10-23 02:13:30,079 - INFO -  * Detected change in 'C:\\Users\\Muiz\\AppData\\Local\\Programs\\Python\\Python313\\Lib\\site-packages\\torch\\_higher_order_ops\\cond.py', reloading
2025-10-23 02:13:30,093 - INFO -  * Detected change in 'C:\\Users\\Muiz\\AppData\\Local\\Programs\\Python\\Python313\\Lib\\site-packages\\torch\\_higher_order_ops\\while_loop.py', reloading
2025-10-23 02:13:30,104 - INFO -  * Detected change in 'C:\\Users\\Muiz\\AppData\\Local\\Programs\\Python\\Python313\\Lib\\site-packages\\torch\\func\\__init__.py', reloading
2025-10-23 02:13:30,117 - INFO -  * Detected change in 'C:\\Users\\Muiz\\AppData\\Local\\Programs\\Python\\Python313\\Lib\\site-packages\\torch\\_functorch\\apis.py', reloading
2025-10-23 02:13:30,133 - INFO -  * Detected change in 'C:\\Users\\Muiz\\AppData\\Local\\Programs\\Python\\Python313\\Lib\\site-packages\\torchgen\\__init__.py', reloading
2025-10-23 02:13:30,151 - INFO -  * Detected change in 'C:\\Users\\Muiz\\AppData\\Local\\Programs\\Python\\Python313\\Lib\\site-packages\\traitlets\\__init__.py', reloading
2025-10-23 02:13:30,168 - INFO -  * Detected change in 'C:\\Users\\Muiz\\AppData\\Local\\Programs\\Python\\Python313\\Lib\\site-packages\\traitlets\\traitlets.py', reloading
2025-10-23 02:13:30,238 - INFO -  * Detected change in 'C:\\Users\\Muiz\\AppData\\Local\\Programs\\Python\\Python313\\Lib\\site-packages\\traitlets\\_version.py', reloading
2025-10-23 02:13:30,250 - INFO -  * Detected change in 'C:\\Users\\Muiz\\AppData\\Local\\Programs\\Python\\Python313\\Lib\\site-packages\\traitlets\\utils\\bunch.py', reloading
2025-10-23 02:13:30,256 - INFO -  * Detected change in 'C:\\Users\\Muiz\\AppData\\Local\\Programs\\Python\\Python313\\Lib\\site-packages\\traitlets\\utils\\decorators.py', reloading
2025-10-23 02:13:30,267 - INFO -  * Detected change in 'C:\\Users\\Muiz\\AppData\\Local\\Programs\\Python\\Python313\\Lib\\site-packages\\traitlets\\utils\\importstring.py', reloading
2025-10-23 02:13:30,279 - INFO -  * Detected change in 'C:\\Users\\Muiz\\AppData\\Local\\Programs\\Python\\Python313\\Lib\\site-packages\\transformers\\__init__.py', reloading
2025-10-23 02:13:30,479 - INFO -  * Detected change in 'C:\\Users\\Muiz\\AppData\\Local\\Programs\\Python\\Python313\\Lib\\site-packages\\transformers\\models\\__init__.py', reloading
2025-10-23 02:13:31,216 - INFO - Model and TF-IDF vectorizer loaded successfully.
2025-10-23 02:13:31,565 - WARNING -  * Debugger is active!
2025-10-23 02:13:31,567 - INFO -  * Debugger PIN: 603-667-668
2025-10-23 02:13:31,589 - INFO -  * Detected change in 'C:\\Users\\Muiz\\AppData\\Local\\Programs\\Python\\Python313\\Lib\\site-packages\\transformers\\models\\aya_vision\\__init__.py', reloading
2025-10-23 02:13:31,625 - INFO -  * Detected change in 'C:\\Users\\Muiz\\AppData\\Local\\Programs\\Python\\Python313\\Lib\\site-packages\\transformers\\models\\aya_vision\\configuration_aya_vision.py', reloading
2025-10-23 02:13:31,656 - INFO -  * Detected change in 'C:\\Users\\Muiz\\AppData\\Local\\Programs\\Python\\Python313\\Lib\\site-packages\\transformers\\models\\aya_vision\\modeling_aya_vision.py', reloading
2025-10-23 02:13:31,695 - INFO -  * Detected change in 'C:\\Users\\Muiz\\AppData\\Local\\Programs\\Python\\Python313\\Lib\\site-packages\\transformers\\models\\aya_vision\\processing_aya_vision.py', reloading
2025-10-23 02:13:31,733 - INFO -  * Detected change in 'C:\\Users\\Muiz\\AppData\\Local\\Programs\\Python\\Python313\\Lib\\site-packages\\transformers\\models\\bamba\\__init__.py', reloading
2025-10-23 02:13:31,836 - INFO -  * Detected change in 'C:\\Users\\Muiz\\AppData\\Local\\Programs\\Python\\Python313\\Lib\\site-packages\\transformers\\models\\bamba\\configuration_bamba.py', reloading
2025-10-23 02:13:31,909 - INFO -  * Detected change in 'C:\\Users\\Muiz\\AppData\\Local\\Programs\\Python\\Python313\\Lib\\site-packages\\transformers\\models\\bamba\\modeling_bamba.py', reloading
2025-10-23 02:13:31,937 - INFO -  * Detected change in 'C:\\Users\\Muiz\\AppData\\Local\\Programs\\Python\\Python313\\Lib\\site-packages\\transformers\\models\\bark\\__init__.py', reloading
2025-10-23 02:13:31,961 - INFO -  * Detected change in 'C:\\Users\\Muiz\\AppData\\Local\\Programs\\Python\\Python313\\Lib\\site-packages\\transformers\\models\\bark\\configuration_bark.py', reloading
2025-10-23 02:13:32,067 - INFO -  * Detected change in 'C:\\Users\\Muiz\\AppData\\Local\\Programs\\Python\\Python313\\Lib\\site-packages\\transformers\\models\\bark\\modeling_bark.py', reloading
2025-10-23 02:13:32,092 - INFO -  * Detected change in 'C:\\Users\\Muiz\\AppData\\Local\\Programs\\Python\\Python313\\Lib\\site-packages\\transformers\\models\\bark\\processing_bark.py', reloading
2025-10-23 02:13:32,105 - INFO -  * Detected change in 'C:\\Users\\Muiz\\AppData\\Local\\Programs\\Python\\Python313\\Lib\\site-packages\\transformers\\models\\bart\\__init__.py', reloading
2025-10-23 02:13:32,118 - INFO -  * Detected change in 'C:\\Users\\Muiz\\AppData\\Local\\Programs\\Python\\Python313\\Lib\\site-packages\\transformers\\models\\bart\\configuration_bart.py', reloading
2025-10-23 02:13:32,135 - INFO -  * Detected change in 'C:\\Users\\Muiz\\AppData\\Local\\Programs\\Python\\Python313\\Lib\\site-packages\\transformers\\models\\bart\\modeling_bart.py', reloading
2025-10-23 02:13:32,154 - INFO -  * Detected change in 'C:\\Users\\Muiz\\AppData\\Local\\Programs\\Python\\Python313\\Lib\\site-packages\\transformers\\models\\bart\\modeling_flax_bart.py', reloading
2025-10-23 02:13:32,172 - INFO -  * Detected change in 'C:\\Users\\Muiz\\AppData\\Local\\Programs\\Python\\Python313\\Lib\\site-packages\\transformers\\models\\bart\\modeling_tf_bart.py', reloading
2025-10-23 02:13:32,188 - INFO -  * Detected change in 'C:\\Users\\Muiz\\AppData\\Local\\Programs\\Python\\Python313\\Lib\\site-packages\\transformers\\models\\bart\\tokenization_bart.py', reloading
2025-10-23 02:13:32,224 - INFO -  * Detected change in 'C:\\Users\\Muiz\\AppData\\Local\\Programs\\Python\\Python313\\Lib\\site-packages\\transformers\\models\\bart\\tokenization_bart_fast.py', reloading
2025-10-23 02:13:32,244 - INFO - Model and TF-IDF vectorizer loaded successfully.
2025-10-23 02:13:32,250 - INFO -  * Detected change in 'C:\\Users\\Muiz\\AppData\\Local\\Programs\\Python\\Python313\\Lib\\site-packages\\transformers\\models\\barthez\\__init__.py', reloading
2025-10-23 02:13:32,270 - INFO -  * Detected change in 'C:\\Users\\Muiz\\AppData\\Local\\Programs\\Python\\Python313\\Lib\\site-packages\\transformers\\models\\barthez\\tokenization_barthez.py', reloading
2025-10-23 02:13:32,283 - INFO -  * Detected change in 'C:\\Users\\Muiz\\AppData\\Local\\Programs\\Python\\Python313\\Lib\\site-packages\\transformers\\models\\barthez\\tokenization_barthez_fast.py', reloading
2025-10-23 02:13:32,293 - INFO -  * Detected change in 'C:\\Users\\Muiz\\AppData\\Local\\Programs\\Python\\Python313\\Lib\\site-packages\\transformers\\models\\bartpho\\__init__.py', reloading
2025-10-23 02:13:32,305 - INFO -  * Detected change in 'C:\\Users\\Muiz\\AppData\\Local\\Programs\\Python\\Python313\\Lib\\site-packages\\transformers\\models\\bartpho\\tokenization_bartpho.py', reloading
2025-10-23 02:13:32,316 - INFO -  * Detected change in 'C:\\Users\\Muiz\\AppData\\Local\\Programs\\Python\\Python313\\Lib\\site-packages\\transformers\\models\\beit\\__init__.py', reloading
2025-10-23 02:13:32,331 - INFO -  * Detected change in 'C:\\Users\\Muiz\\AppData\\Local\\Programs\\Python\\Python313\\Lib\\site-packages\\transformers\\models\\beit\\configuration_beit.py', reloading
2025-10-23 02:13:32,344 - INFO -  * Detected change in 'C:\\Users\\Muiz\\AppData\\Local\\Programs\\Python\\Python313\\Lib\\site-packages\\transformers\\models\\beit\\feature_extraction_beit.py', reloading
2025-10-23 02:13:32,357 - INFO -  * Detected change in 'C:\\Users\\Muiz\\AppData\\Local\\Programs\\Python\\Python313\\Lib\\site-packages\\transformers\\models\\beit\\image_processing_beit.py', reloading
2025-10-23 02:13:32,370 - INFO -  * Detected change in 'C:\\Users\\Muiz\\AppData\\Local\\Programs\\Python\\Python313\\Lib\\site-packages\\transformers\\models\\beit\\image_processing_beit_fast.py', reloading
2025-10-23 02:13:32,384 - INFO -  * Detected change in 'C:\\Users\\Muiz\\AppData\\Local\\Programs\\Python\\Python313\\Lib\\site-packages\\transformers\\models\\beit\\modeling_beit.py', reloading
2025-10-23 02:13:32,401 - INFO -  * Detected change in 'C:\\Users\\Muiz\\AppData\\Local\\Programs\\Python\\Python313\\Lib\\site-packages\\transformers\\models\\beit\\modeling_flax_beit.py', reloading
2025-10-23 02:13:32,414 - INFO -  * Detected change in 'C:\\Users\\Muiz\\AppData\\Local\\Programs\\Python\\Python313\\Lib\\site-packages\\transformers\\models\\bert\\__init__.py', reloading
2025-10-23 02:13:32,426 - INFO -  * Detected change in 'C:\\Users\\Muiz\\AppData\\Local\\Programs\\Python\\Python313\\Lib\\site-packages\\transformers\\models\\bert\\configuration_bert.py', reloading
2025-10-23 02:13:32,440 - INFO -  * Detected change in 'C:\\Users\\Muiz\\AppData\\Local\\Programs\\Python\\Python313\\Lib\\site-packages\\transformers\\models\\bert\\modeling_bert.py', reloading
2025-10-23 02:13:32,457 - INFO -  * Detected change in 'C:\\Users\\Muiz\\AppData\\Local\\Programs\\Python\\Python313\\Lib\\site-packages\\transformers\\models\\bert\\modeling_flax_bert.py', reloading
2025-10-23 02:13:32,507 - INFO -  * Detected change in 'C:\\Users\\Muiz\\AppData\\Local\\Programs\\Python\\Python313\\Lib\\site-packages\\transformers\\models\\bert\\modeling_tf_bert.py', reloading
2025-10-23 02:13:32,563 - WARNING -  * Debugger is active!
2025-10-23 02:13:32,570 - INFO -  * Debugger PIN: 603-667-668
2025-10-23 02:13:32,614 - INFO -  * Detected change in 'C:\\Users\\Muiz\\AppData\\Local\\Programs\\Python\\Python313\\Lib\\site-packages\\transformers\\models\\bert\\tokenization_bert.py', reloading
2025-10-23 02:13:32,946 - INFO -  * Restarting with watchdog (windowsapi)
2025-10-23 02:13:32,952 - INFO -  * Restarting with watchdog (windowsapi)
2025-10-23 02:13:33,234 - INFO - Model and TF-IDF vectorizer loaded successfully.
2025-10-23 02:13:33,557 - WARNING -  * Debugger is active!
2025-10-23 02:13:33,571 - INFO -  * Debugger PIN: 603-667-668
2025-10-23 02:13:33,637 - INFO -  * Detected change in 'C:\\Users\\Muiz\\AppData\\Local\\Programs\\Python\\Python313\\Lib\\site-packages\\transformers\\models\\bigbird_pegasus\\modeling_bigbird_pegasus.py', reloading
2025-10-23 02:13:33,658 - INFO -  * Detected change in 'C:\\Users\\Muiz\\AppData\\Local\\Programs\\Python\\Python313\\Lib\\site-packages\\transformers\\models\\biogpt\\__init__.py', reloading
2025-10-23 02:13:33,670 - INFO -  * Detected change in 'C:\\Users\\Muiz\\AppData\\Local\\Programs\\Python\\Python313\\Lib\\site-packages\\transformers\\models\\biogpt\\configuration_biogpt.py', reloading
2025-10-23 02:13:33,679 - INFO -  * Detected change in 'C:\\Users\\Muiz\\AppData\\Local\\Programs\\Python\\Python313\\Lib\\site-packages\\transformers\\models\\biogpt\\modeling_biogpt.py', reloading
2025-10-23 02:13:33,694 - INFO -  * Detected change in 'C:\\Users\\Muiz\\AppData\\Local\\Programs\\Python\\Python313\\Lib\\site-packages\\transformers\\models\\biogpt\\tokenization_biogpt.py', reloading
2025-10-23 02:13:33,705 - INFO -  * Detected change in 'C:\\Users\\Muiz\\AppData\\Local\\Programs\\Python\\Python313\\Lib\\site-packages\\transformers\\models\\bit\\__init__.py', reloading
2025-10-23 02:13:33,716 - INFO -  * Detected change in 'C:\\Users\\Muiz\\AppData\\Local\\Programs\\Python\\Python313\\Lib\\site-packages\\transformers\\models\\bit\\configuration_bit.py', reloading
2025-10-23 02:13:33,728 - INFO -  * Detected change in 'C:\\Users\\Muiz\\AppData\\Local\\Programs\\Python\\Python313\\Lib\\site-packages\\transformers\\models\\bit\\image_processing_bit.py', reloading
2025-10-23 02:13:33,739 - INFO -  * Detected change in 'C:\\Users\\Muiz\\AppData\\Local\\Programs\\Python\\Python313\\Lib\\site-packages\\transformers\\models\\bit\\image_processing_bit_fast.py', reloading
2025-10-23 02:13:33,753 - INFO -  * Detected change in 'C:\\Users\\Muiz\\AppData\\Local\\Programs\\Python\\Python313\\Lib\\site-packages\\transformers\\models\\bit\\modeling_bit.py', reloading
2025-10-23 02:13:33,765 - INFO -  * Detected change in 'C:\\Users\\Muiz\\AppData\\Local\\Programs\\Python\\Python313\\Lib\\site-packages\\transformers\\models\\bitnet\\__init__.py', reloading
2025-10-23 02:13:33,777 - INFO -  * Detected change in 'C:\\Users\\Muiz\\AppData\\Local\\Programs\\Python\\Python313\\Lib\\site-packages\\transformers\\models\\bitnet\\configuration_bitnet.py', reloading
2025-10-23 02:13:33,787 - INFO -  * Detected change in 'C:\\Users\\Muiz\\AppData\\Local\\Programs\\Python\\Python313\\Lib\\site-packages\\transformers\\models\\bitnet\\modeling_bitnet.py', reloading
2025-10-23 02:13:33,800 - INFO -  * Detected change in 'C:\\Users\\Muiz\\AppData\\Local\\Programs\\Python\\Python313\\Lib\\site-packages\\transformers\\models\\blenderbot\\__init__.py', reloading
2025-10-23 02:13:33,896 - INFO -  * Detected change in 'C:\\Users\\Muiz\\AppData\\Local\\Programs\\Python\\Python313\\Lib\\site-packages\\transformers\\models\\blenderbot\\configuration_blenderbot.py', reloading
2025-10-23 02:13:33,924 - INFO -  * Detected change in 'C:\\Users\\Muiz\\AppData\\Local\\Programs\\Python\\Python313\\Lib\\site-packages\\transformers\\models\\blenderbot\\modeling_blenderbot.py', reloading
2025-10-23 02:13:34,035 - INFO -  * Detected change in 'C:\\Users\\Muiz\\AppData\\Local\\Programs\\Python\\Python313\\Lib\\site-packages\\transformers\\models\\blenderbot\\modeling_flax_blenderbot.py', reloading
2025-10-23 02:13:34,153 - INFO -  * Detected change in 'C:\\Users\\Muiz\\AppData\\Local\\Programs\\Python\\Python313\\Lib\\site-packages\\transformers\\models\\blenderbot\\modeling_tf_blenderbot.py', reloading
2025-10-23 02:13:34,177 - INFO -  * Detected change in 'C:\\Users\\Muiz\\AppData\\Local\\Programs\\Python\\Python313\\Lib\\site-packages\\transformers\\models\\blenderbot\\tokenization_blenderbot.py', reloading
2025-10-23 02:13:34,203 - INFO -  * Detected change in 'C:\\Users\\Muiz\\AppData\\Local\\Programs\\Python\\Python313\\Lib\\site-packages\\transformers\\models\\blenderbot\\tokenization_blenderbot_fast.py', reloading
2025-10-23 02:13:34,286 - INFO -  * Detected change in 'C:\\Users\\Muiz\\AppData\\Local\\Programs\\Python\\Python313\\Lib\\site-packages\\transformers\\models\\blenderbot_small\\__init__.py', reloading
2025-10-23 02:13:34,330 - INFO -  * Detected change in 'C:\\Users\\Muiz\\AppData\\Local\\Programs\\Python\\Python313\\Lib\\site-packages\\transformers\\models\\blenderbot_small\\configuration_blenderbot_small.py', reloading
2025-10-23 02:13:34,459 - INFO -  * Detected change in 'C:\\Users\\Muiz\\AppData\\Local\\Programs\\Python\\Python313\\Lib\\site-packages\\transformers\\models\\blenderbot_small\\modeling_blenderbot_small.py', reloading
2025-10-23 02:13:34,540 - INFO -  * Detected change in 'C:\\Users\\Muiz\\AppData\\Local\\Programs\\Python\\Python313\\Lib\\site-packages\\transformers\\models\\blenderbot_small\\modeling_flax_blenderbot_small.py', reloading
2025-10-23 02:13:35,194 - INFO - Model and TF-IDF vectorizer loaded successfully.
2025-10-23 02:13:35,225 - INFO - Model and TF-IDF vectorizer loaded successfully.
2025-10-23 02:13:35,537 - WARNING -  * Debugger is active!
2025-10-23 02:13:35,540 - INFO -  * Debugger PIN: 603-667-668
2025-10-23 02:13:35,541 - WARNING -  * Debugger is active!
2025-10-23 02:13:35,543 - INFO -  * Debugger PIN: 603-667-668
2025-10-23 02:13:35,657 - INFO -  * Detected change in 'C:\\Users\\Muiz\\AppData\\Local\\Programs\\Python\\Python313\\Lib\\site-packages\\transformers\\models\\blt\\configuration_blt.py', reloading
2025-10-23 02:13:35,658 - INFO -  * Detected change in 'C:\\Users\\Muiz\\AppData\\Local\\Programs\\Python\\Python313\\Lib\\site-packages\\transformers\\models\\blt\\configuration_blt.py', reloading
2025-10-23 02:13:35,686 - INFO -  * Detected change in 'C:\\Users\\Muiz\\AppData\\Local\\Programs\\Python\\Python313\\Lib\\site-packages\\transformers\\models\\blt\\modeling_blt.py', reloading
2025-10-23 02:13:35,701 - INFO -  * Detected change in 'C:\\Users\\Muiz\\AppData\\Local\\Programs\\Python\\Python313\\Lib\\site-packages\\transformers\\models\\bridgetower\\__init__.py', reloading
2025-10-23 02:13:35,701 - INFO -  * Detected change in 'C:\\Users\\Muiz\\AppData\\Local\\Programs\\Python\\Python313\\Lib\\site-packages\\transformers\\models\\bridgetower\\__init__.py', reloading
2025-10-23 02:13:35,713 - INFO -  * Detected change in 'C:\\Users\\Muiz\\AppData\\Local\\Programs\\Python\\Python313\\Lib\\site-packages\\transformers\\models\\bridgetower\\configuration_bridgetower.py', reloading
2025-10-23 02:13:35,726 - INFO -  * Detected change in 'C:\\Users\\Muiz\\AppData\\Local\\Programs\\Python\\Python313\\Lib\\site-packages\\transformers\\models\\bridgetower\\image_processing_bridgetower.py', reloading
2025-10-23 02:13:35,726 - INFO -  * Detected change in 'C:\\Users\\Muiz\\AppData\\Local\\Programs\\Python\\Python313\\Lib\\site-packages\\transformers\\models\\bridgetower\\image_processing_bridgetower.py', reloading
2025-10-23 02:13:35,739 - INFO -  * Detected change in 'C:\\Users\\Muiz\\AppData\\Local\\Programs\\Python\\Python313\\Lib\\site-packages\\transformers\\models\\bridgetower\\image_processing_bridgetower_fast.py', reloading
2025-10-23 02:13:35,739 - INFO -  * Detected change in 'C:\\Users\\Muiz\\AppData\\Local\\Programs\\Python\\Python313\\Lib\\site-packages\\transformers\\models\\bridgetower\\image_processing_bridgetower_fast.py', reloading
2025-10-23 02:13:35,754 - INFO -  * Detected change in 'C:\\Users\\Muiz\\AppData\\Local\\Programs\\Python\\Python313\\Lib\\site-packages\\transformers\\models\\bridgetower\\modeling_bridgetower.py', reloading
2025-10-23 02:13:35,754 - INFO -  * Detected change in 'C:\\Users\\Muiz\\AppData\\Local\\Programs\\Python\\Python313\\Lib\\site-packages\\transformers\\models\\bridgetower\\modeling_bridgetower.py', reloading
2025-10-23 02:13:35,778 - INFO -  * Detected change in 'C:\\Users\\Muiz\\AppData\\Local\\Programs\\Python\\Python313\\Lib\\site-packages\\transformers\\models\\bridgetower\\processing_bridgetower.py', reloading
2025-10-23 02:13:35,778 - INFO -  * Detected change in 'C:\\Users\\Muiz\\AppData\\Local\\Programs\\Python\\Python313\\Lib\\site-packages\\transformers\\models\\bridgetower\\processing_bridgetower.py', reloading
2025-10-23 02:13:35,788 - INFO -  * Detected change in 'C:\\Users\\Muiz\\AppData\\Local\\Programs\\Python\\Python313\\Lib\\site-packages\\transformers\\models\\bros\\__init__.py', reloading
2025-10-23 02:13:35,788 - INFO -  * Detected change in 'C:\\Users\\Muiz\\AppData\\Local\\Programs\\Python\\Python313\\Lib\\site-packages\\transformers\\models\\bros\\__init__.py', reloading
2025-10-23 02:13:35,799 - INFO -  * Detected change in 'C:\\Users\\Muiz\\AppData\\Local\\Programs\\Python\\Python313\\Lib\\site-packages\\transformers\\models\\bros\\configuration_bros.py', reloading
2025-10-23 02:13:35,800 - INFO -  * Detected change in 'C:\\Users\\Muiz\\AppData\\Local\\Programs\\Python\\Python313\\Lib\\site-packages\\transformers\\models\\bros\\configuration_bros.py', reloading
2025-10-23 02:13:35,813 - INFO -  * Detected change in 'C:\\Users\\Muiz\\AppData\\Local\\Programs\\Python\\Python313\\Lib\\site-packages\\transformers\\models\\bros\\modeling_bros.py', reloading
2025-10-23 02:13:35,813 - INFO -  * Detected change in 'C:\\Users\\Muiz\\AppData\\Local\\Programs\\Python\\Python313\\Lib\\site-packages\\transformers\\models\\bros\\modeling_bros.py', reloading
2025-10-23 02:13:35,828 - INFO -  * Detected change in 'C:\\Users\\Muiz\\AppData\\Local\\Programs\\Python\\Python313\\Lib\\site-packages\\transformers\\models\\bros\\processing_bros.py', reloading
2025-10-23 02:13:35,828 - INFO -  * Detected change in 'C:\\Users\\Muiz\\AppData\\Local\\Programs\\Python\\Python313\\Lib\\site-packages\\transformers\\models\\bros\\processing_bros.py', reloading
2025-10-23 02:13:35,839 - INFO -  * Detected change in 'C:\\Users\\Muiz\\AppData\\Local\\Programs\\Python\\Python313\\Lib\\site-packages\\transformers\\models\\byt5\\__init__.py', reloading
2025-10-23 02:13:35,839 - INFO -  * Detected change in 'C:\\Users\\Muiz\\AppData\\Local\\Programs\\Python\\Python313\\Lib\\site-packages\\transformers\\models\\byt5\\__init__.py', reloading
2025-10-23 02:13:35,857 - INFO -  * Detected change in 'C:\\Users\\Muiz\\AppData\\Local\\Programs\\Python\\Python313\\Lib\\site-packages\\transformers\\models\\byt5\\tokenization_byt5.py', reloading
2025-10-23 02:13:35,858 - INFO -  * Detected change in 'C:\\Users\\Muiz\\AppData\\Local\\Programs\\Python\\Python313\\Lib\\site-packages\\transformers\\models\\byt5\\tokenization_byt5.py', reloading
2025-10-23 02:13:35,870 - INFO -  * Detected change in 'C:\\Users\\Muiz\\AppData\\Local\\Programs\\Python\\Python313\\Lib\\site-packages\\transformers\\models\\camembert\\__init__.py', reloading
2025-10-23 02:13:35,883 - INFO -  * Detected change in 'C:\\Users\\Muiz\\AppData\\Local\\Programs\\Python\\Python313\\Lib\\site-packages\\transformers\\models\\camembert\\configuration_camembert.py', reloading
2025-10-23 02:13:35,883 - INFO -  * Detected change in 'C:\\Users\\Muiz\\AppData\\Local\\Programs\\Python\\Python313\\Lib\\site-packages\\transformers\\models\\camembert\\configuration_camembert.py', reloading
2025-10-23 02:13:35,895 - INFO -  * Detected change in 'C:\\Users\\Muiz\\AppData\\Local\\Programs\\Python\\Python313\\Lib\\site-packages\\transformers\\models\\camembert\\modeling_camembert.py', reloading
2025-10-23 02:13:35,895 - INFO -  * Detected change in 'C:\\Users\\Muiz\\AppData\\Local\\Programs\\Python\\Python313\\Lib\\site-packages\\transformers\\models\\camembert\\modeling_camembert.py', reloading
2025-10-23 02:13:35,913 - INFO -  * Detected change in 'C:\\Users\\Muiz\\AppData\\Local\\Programs\\Python\\Python313\\Lib\\site-packages\\transformers\\models\\camembert\\modeling_tf_camembert.py', reloading
2025-10-23 02:13:35,928 - INFO -  * Detected change in 'C:\\Users\\Muiz\\AppData\\Local\\Programs\\Python\\Python313\\Lib\\site-packages\\transformers\\models\\camembert\\tokenization_camembert.py', reloading
2025-10-23 02:13:35,941 - INFO -  * Detected change in 'C:\\Users\\Muiz\\AppData\\Local\\Programs\\Python\\Python313\\Lib\\site-packages\\transformers\\models\\camembert\\tokenization_camembert_fast.py', reloading
2025-10-23 02:13:35,941 - INFO -  * Detected change in 'C:\\Users\\Muiz\\AppData\\Local\\Programs\\Python\\Python313\\Lib\\site-packages\\transformers\\models\\camembert\\tokenization_camembert_fast.py', reloading
2025-10-23 02:13:35,951 - INFO -  * Detected change in 'C:\\Users\\Muiz\\AppData\\Local\\Programs\\Python\\Python313\\Lib\\site-packages\\transformers\\models\\canine\\__init__.py', reloading
2025-10-23 02:13:35,951 - INFO -  * Detected change in 'C:\\Users\\Muiz\\AppData\\Local\\Programs\\Python\\Python313\\Lib\\site-packages\\transformers\\models\\canine\\__init__.py', reloading
2025-10-23 02:13:35,963 - INFO -  * Detected change in 'C:\\Users\\Muiz\\AppData\\Local\\Programs\\Python\\Python313\\Lib\\site-packages\\transformers\\models\\canine\\configuration_canine.py', reloading
2025-10-23 02:13:35,964 - INFO -  * Detected change in 'C:\\Users\\Muiz\\AppData\\Local\\Programs\\Python\\Python313\\Lib\\site-packages\\transformers\\models\\canine\\configuration_canine.py', reloading
2025-10-23 02:13:35,976 - INFO -  * Detected change in 'C:\\Users\\Muiz\\AppData\\Local\\Programs\\Python\\Python313\\Lib\\site-packages\\transformers\\models\\canine\\modeling_canine.py', reloading
2025-10-23 02:13:35,976 - INFO -  * Detected change in 'C:\\Users\\Muiz\\AppData\\Local\\Programs\\Python\\Python313\\Lib\\site-packages\\transformers\\models\\canine\\modeling_canine.py', reloading
2025-10-23 02:13:35,991 - INFO -  * Detected change in 'C:\\Users\\Muiz\\AppData\\Local\\Programs\\Python\\Python313\\Lib\\site-packages\\transformers\\models\\canine\\tokenization_canine.py', reloading
2025-10-23 02:13:36,001 - INFO -  * Detected change in 'C:\\Users\\Muiz\\AppData\\Local\\Programs\\Python\\Python313\\Lib\\site-packages\\transformers\\models\\chameleon\\__init__.py', reloading
2025-10-23 02:13:36,001 - INFO -  * Detected change in 'C:\\Users\\Muiz\\AppData\\Local\\Programs\\Python\\Python313\\Lib\\site-packages\\transformers\\models\\chameleon\\__init__.py', reloading
2025-10-23 02:13:36,013 - INFO -  * Detected change in 'C:\\Users\\Muiz\\AppData\\Local\\Programs\\Python\\Python313\\Lib\\site-packages\\transformers\\models\\chameleon\\configuration_chameleon.py', reloading
2025-10-23 02:13:36,013 - INFO -  * Detected change in 'C:\\Users\\Muiz\\AppData\\Local\\Programs\\Python\\Python313\\Lib\\site-packages\\transformers\\models\\chameleon\\configuration_chameleon.py', reloading
2025-10-23 02:13:36,025 - INFO -  * Detected change in 'C:\\Users\\Muiz\\AppData\\Local\\Programs\\Python\\Python313\\Lib\\site-packages\\transformers\\models\\chameleon\\image_processing_chameleon.py', reloading
2025-10-23 02:13:36,025 - INFO -  * Detected change in 'C:\\Users\\Muiz\\AppData\\Local\\Programs\\Python\\Python313\\Lib\\site-packages\\transformers\\models\\chameleon\\image_processing_chameleon.py', reloading
2025-10-23 02:13:36,136 - INFO -  * Detected change in 'C:\\Users\\Muiz\\AppData\\Local\\Programs\\Python\\Python313\\Lib\\site-packages\\transformers\\models\\chameleon\\image_processing_chameleon_fast.py', reloading
2025-10-23 02:13:36,136 - INFO -  * Detected change in 'C:\\Users\\Muiz\\AppData\\Local\\Programs\\Python\\Python313\\Lib\\site-packages\\transformers\\models\\chameleon\\image_processing_chameleon_fast.py', reloading
2025-10-23 02:13:36,214 - INFO -  * Detected change in 'C:\\Users\\Muiz\\AppData\\Local\\Programs\\Python\\Python313\\Lib\\site-packages\\transformers\\models\\chameleon\\modeling_chameleon.py', reloading
2025-10-23 02:13:36,214 - INFO -  * Detected change in 'C:\\Users\\Muiz\\AppData\\Local\\Programs\\Python\\Python313\\Lib\\site-packages\\transformers\\models\\chameleon\\modeling_chameleon.py', reloading
2025-10-23 02:13:36,243 - INFO -  * Detected change in 'C:\\Users\\Muiz\\AppData\\Local\\Programs\\Python\\Python313\\Lib\\site-packages\\transformers\\models\\chameleon\\processing_chameleon.py', reloading
2025-10-23 02:13:36,243 - INFO -  * Detected change in 'C:\\Users\\Muiz\\AppData\\Local\\Programs\\Python\\Python313\\Lib\\site-packages\\transformers\\models\\chameleon\\processing_chameleon.py', reloading
2025-10-23 02:13:36,265 - INFO -  * Detected change in 'C:\\Users\\Muiz\\AppData\\Local\\Programs\\Python\\Python313\\Lib\\site-packages\\transformers\\models\\chinese_clip\\__init__.py', reloading
2025-10-23 02:13:36,265 - INFO -  * Detected change in 'C:\\Users\\Muiz\\AppData\\Local\\Programs\\Python\\Python313\\Lib\\site-packages\\transformers\\models\\chinese_clip\\__init__.py', reloading
2025-10-23 02:13:36,296 - INFO -  * Detected change in 'C:\\Users\\Muiz\\AppData\\Local\\Programs\\Python\\Python313\\Lib\\site-packages\\transformers\\models\\chinese_clip\\configuration_chinese_clip.py', reloading
2025-10-23 02:13:36,297 - INFO -  * Detected change in 'C:\\Users\\Muiz\\AppData\\Local\\Programs\\Python\\Python313\\Lib\\site-packages\\transformers\\models\\chinese_clip\\configuration_chinese_clip.py', reloading
2025-10-23 02:13:36,387 - INFO -  * Detected change in 'C:\\Users\\Muiz\\AppData\\Local\\Programs\\Python\\Python313\\Lib\\site-packages\\transformers\\models\\chinese_clip\\feature_extraction_chinese_clip.py', reloading
2025-10-23 02:13:36,387 - INFO -  * Detected change in 'C:\\Users\\Muiz\\AppData\\Local\\Programs\\Python\\Python313\\Lib\\site-packages\\transformers\\models\\chinese_clip\\feature_extraction_chinese_clip.py', reloading
2025-10-23 02:13:36,409 - INFO -  * Detected change in 'C:\\Users\\Muiz\\AppData\\Local\\Programs\\Python\\Python313\\Lib\\site-packages\\transformers\\models\\chinese_clip\\image_processing_chinese_clip.py', reloading
2025-10-23 02:13:36,410 - INFO -  * Detected change in 'C:\\Users\\Muiz\\AppData\\Local\\Programs\\Python\\Python313\\Lib\\site-packages\\transformers\\models\\chinese_clip\\image_processing_chinese_clip.py', reloading
2025-10-23 02:13:36,429 - INFO -  * Detected change in 'C:\\Users\\Muiz\\AppData\\Local\\Programs\\Python\\Python313\\Lib\\site-packages\\transformers\\models\\chinese_clip\\image_processing_chinese_clip_fast.py', reloading
2025-10-23 02:13:36,429 - INFO -  * Detected change in 'C:\\Users\\Muiz\\AppData\\Local\\Programs\\Python\\Python313\\Lib\\site-packages\\transformers\\models\\chinese_clip\\image_processing_chinese_clip_fast.py', reloading
2025-10-23 02:13:36,456 - INFO -  * Detected change in 'C:\\Users\\Muiz\\AppData\\Local\\Programs\\Python\\Python313\\Lib\\site-packages\\transformers\\models\\chinese_clip\\modeling_chinese_clip.py', reloading
2025-10-23 02:13:36,456 - INFO -  * Detected change in 'C:\\Users\\Muiz\\AppData\\Local\\Programs\\Python\\Python313\\Lib\\site-packages\\transformers\\models\\chinese_clip\\modeling_chinese_clip.py', reloading
2025-10-23 02:13:36,480 - INFO -  * Detected change in 'C:\\Users\\Muiz\\AppData\\Local\\Programs\\Python\\Python313\\Lib\\site-packages\\transformers\\models\\chinese_clip\\processing_chinese_clip.py', reloading
2025-10-23 02:13:36,480 - INFO -  * Detected change in 'C:\\Users\\Muiz\\AppData\\Local\\Programs\\Python\\Python313\\Lib\\site-packages\\transformers\\models\\chinese_clip\\processing_chinese_clip.py', reloading
2025-10-23 02:13:36,501 - INFO -  * Detected change in 'C:\\Users\\Muiz\\AppData\\Local\\Programs\\Python\\Python313\\Lib\\site-packages\\transformers\\models\\clap\\__init__.py', reloading
2025-10-23 02:13:36,501 - INFO -  * Detected change in 'C:\\Users\\Muiz\\AppData\\Local\\Programs\\Python\\Python313\\Lib\\site-packages\\transformers\\models\\clap\\__init__.py', reloading
2025-10-23 02:13:36,525 - INFO -  * Detected change in 'C:\\Users\\Muiz\\AppData\\Local\\Programs\\Python\\Python313\\Lib\\site-packages\\transformers\\models\\clap\\configuration_clap.py', reloading
2025-10-23 02:13:36,525 - INFO -  * Detected change in 'C:\\Users\\Muiz\\AppData\\Local\\Programs\\Python\\Python313\\Lib\\site-packages\\transformers\\models\\clap\\configuration_clap.py', reloading
2025-10-23 02:13:36,549 - INFO -  * Detected change in 'C:\\Users\\Muiz\\AppData\\Local\\Programs\\Python\\Python313\\Lib\\site-packages\\transformers\\models\\clap\\feature_extraction_clap.py', reloading
2025-10-23 02:13:36,549 - INFO -  * Detected change in 'C:\\Users\\Muiz\\AppData\\Local\\Programs\\Python\\Python313\\Lib\\site-packages\\transformers\\models\\clap\\feature_extraction_clap.py', reloading
2025-10-23 02:13:36,883 - INFO -  * Restarting with watchdog (windowsapi)
2025-10-23 02:13:36,893 - INFO -  * Restarting with watchdog (windowsapi)
2025-10-23 02:13:37,073 - INFO - Model and TF-IDF vectorizer loaded successfully.
2025-10-23 02:13:37,361 - WARNING -  * Debugger is active!
2025-10-23 02:13:37,363 - INFO -  * Debugger PIN: 603-667-668
2025-10-23 02:13:37,385 - INFO -  * Detected change in 'C:\\Users\\Muiz\\AppData\\Local\\Programs\\Python\\Python313\\Lib\\site-packages\\transformers\\models\\codegen\\tokenization_codegen.py', reloading
2025-10-23 02:13:37,498 - INFO -  * Detected change in 'C:\\Users\\Muiz\\AppData\\Local\\Programs\\Python\\Python313\\Lib\\site-packages\\transformers\\models\\codegen\\tokenization_codegen_fast.py', reloading
2025-10-23 02:13:37,517 - INFO -  * Detected change in 'C:\\Users\\Muiz\\AppData\\Local\\Programs\\Python\\Python313\\Lib\\site-packages\\transformers\\models\\cohere\\__init__.py', reloading
2025-10-23 02:13:37,537 - INFO -  * Detected change in 'C:\\Users\\Muiz\\AppData\\Local\\Programs\\Python\\Python313\\Lib\\site-packages\\transformers\\models\\cohere\\configuration_cohere.py', reloading
2025-10-23 02:13:37,554 - INFO -  * Detected change in 'C:\\Users\\Muiz\\AppData\\Local\\Programs\\Python\\Python313\\Lib\\site-packages\\transformers\\models\\cohere\\modeling_cohere.py', reloading
2025-10-23 02:13:37,582 - INFO -  * Detected change in 'C:\\Users\\Muiz\\AppData\\Local\\Programs\\Python\\Python313\\Lib\\site-packages\\transformers\\models\\cohere\\tokenization_cohere_fast.py', reloading
2025-10-23 02:13:37,610 - INFO -  * Detected change in 'C:\\Users\\Muiz\\AppData\\Local\\Programs\\Python\\Python313\\Lib\\site-packages\\transformers\\models\\cohere2\\__init__.py', reloading
2025-10-23 02:13:37,673 - INFO -  * Detected change in 'C:\\Users\\Muiz\\AppData\\Local\\Programs\\Python\\Python313\\Lib\\site-packages\\transformers\\models\\cohere2\\configuration_cohere2.py', reloading
2025-10-23 02:13:37,706 - INFO -  * Detected change in 'C:\\Users\\Muiz\\AppData\\Local\\Programs\\Python\\Python313\\Lib\\site-packages\\transformers\\models\\cohere2\\modeling_cohere2.py', reloading
2025-10-23 02:13:37,728 - INFO -  * Detected change in 'C:\\Users\\Muiz\\AppData\\Local\\Programs\\Python\\Python313\\Lib\\site-packages\\transformers\\models\\cohere2_vision\\__init__.py', reloading
2025-10-23 02:13:37,750 - INFO -  * Detected change in 'C:\\Users\\Muiz\\AppData\\Local\\Programs\\Python\\Python313\\Lib\\site-packages\\transformers\\models\\cohere2_vision\\configuration_cohere2_vision.py', reloading
2025-10-23 02:13:37,771 - INFO -  * Detected change in 'C:\\Users\\Muiz\\AppData\\Local\\Programs\\Python\\Python313\\Lib\\site-packages\\transformers\\models\\cohere2_vision\\image_processing_cohere2_vision_fast.py', reloading
2025-10-23 02:13:37,792 - INFO -  * Detected change in 'C:\\Users\\Muiz\\AppData\\Local\\Programs\\Python\\Python313\\Lib\\site-packages\\transformers\\models\\cohere2_vision\\modeling_cohere2_vision.py', reloading
2025-10-23 02:13:37,821 - INFO -  * Detected change in 'C:\\Users\\Muiz\\AppData\\Local\\Programs\\Python\\Python313\\Lib\\site-packages\\transformers\\models\\cohere2_vision\\processing_cohere2_vision.py', reloading
2025-10-23 02:13:37,840 - INFO -  * Detected change in 'C:\\Users\\Muiz\\AppData\\Local\\Programs\\Python\\Python313\\Lib\\site-packages\\transformers\\models\\colpali\\__init__.py', reloading
2025-10-23 02:13:37,863 - INFO -  * Detected change in 'C:\\Users\\Muiz\\AppData\\Local\\Programs\\Python\\Python313\\Lib\\site-packages\\transformers\\models\\colpali\\configuration_colpali.py', reloading
2025-10-23 02:13:37,886 - INFO -  * Detected change in 'C:\\Users\\Muiz\\AppData\\Local\\Programs\\Python\\Python313\\Lib\\site-packages\\transformers\\models\\colpali\\modeling_colpali.py', reloading
2025-10-23 02:13:37,903 - INFO -  * Detected change in 'C:\\Users\\Muiz\\AppData\\Local\\Programs\\Python\\Python313\\Lib\\site-packages\\transformers\\models\\colpali\\processing_colpali.py', reloading
2025-10-23 02:13:37,923 - INFO -  * Detected change in 'C:\\Users\\Muiz\\AppData\\Local\\Programs\\Python\\Python313\\Lib\\site-packages\\transformers\\models\\colqwen2\\__init__.py', reloading
2025-10-23 02:13:37,988 - INFO -  * Detected change in 'C:\\Users\\Muiz\\AppData\\Local\\Programs\\Python\\Python313\\Lib\\site-packages\\transformers\\models\\colqwen2\\configuration_colqwen2.py', reloading
2025-10-23 02:13:38,033 - INFO -  * Detected change in 'C:\\Users\\Muiz\\AppData\\Local\\Programs\\Python\\Python313\\Lib\\site-packages\\transformers\\models\\colqwen2\\modeling_colqwen2.py', reloading
2025-10-23 02:13:38,049 - INFO -  * Detected change in 'C:\\Users\\Muiz\\AppData\\Local\\Programs\\Python\\Python313\\Lib\\site-packages\\transformers\\models\\colqwen2\\processing_colqwen2.py', reloading
2025-10-23 02:13:38,066 - INFO -  * Detected change in 'C:\\Users\\Muiz\\AppData\\Local\\Programs\\Python\\Python313\\Lib\\site-packages\\transformers\\models\\conditional_detr\\__init__.py', reloading
2025-10-23 02:13:38,093 - INFO -  * Detected change in 'C:\\Users\\Muiz\\AppData\\Local\\Programs\\Python\\Python313\\Lib\\site-packages\\transformers\\models\\conditional_detr\\configuration_conditional_detr.py', reloading
2025-10-23 02:13:38,129 - INFO -  * Detected change in 'C:\\Users\\Muiz\\AppData\\Local\\Programs\\Python\\Python313\\Lib\\site-packages\\transformers\\models\\conditional_detr\\feature_extraction_conditional_detr.py', reloading
2025-10-23 02:13:38,157 - INFO -  * Detected change in 'C:\\Users\\Muiz\\AppData\\Local\\Programs\\Python\\Python313\\Lib\\site-packages\\transformers\\models\\conditional_detr\\image_processing_conditional_detr.py', reloading
2025-10-23 02:13:38,181 - INFO -  * Detected change in 'C:\\Users\\Muiz\\AppData\\Local\\Programs\\Python\\Python313\\Lib\\site-packages\\transformers\\models\\conditional_detr\\image_processing_conditional_detr_fast.py', reloading
2025-10-23 02:13:38,200 - INFO -  * Detected change in 'C:\\Users\\Muiz\\AppData\\Local\\Programs\\Python\\Python313\\Lib\\site-packages\\transformers\\models\\conditional_detr\\modeling_conditional_detr.py', reloading
2025-10-23 02:13:38,214 - INFO -  * Detected change in 'C:\\Users\\Muiz\\AppData\\Local\\Programs\\Python\\Python313\\Lib\\site-packages\\transformers\\models\\convbert\\__init__.py', reloading
2025-10-23 02:13:38,226 - INFO -  * Detected change in 'C:\\Users\\Muiz\\AppData\\Local\\Programs\\Python\\Python313\\Lib\\site-packages\\transformers\\models\\convbert\\configuration_convbert.py', reloading
2025-10-23 02:13:38,239 - INFO -  * Detected change in 'C:\\Users\\Muiz\\AppData\\Local\\Programs\\Python\\Python313\\Lib\\site-packages\\transformers\\models\\convbert\\modeling_convbert.py', reloading
2025-10-23 02:13:38,255 - INFO -  * Detected change in 'C:\\Users\\Muiz\\AppData\\Local\\Programs\\Python\\Python313\\Lib\\site-packages\\transformers\\models\\convbert\\modeling_tf_convbert.py', reloading
2025-10-23 02:13:38,270 - INFO -  * Detected change in 'C:\\Users\\Muiz\\AppData\\Local\\Programs\\Python\\Python313\\Lib\\site-packages\\transformers\\models\\convbert\\tokenization_convbert.py', reloading
2025-10-23 02:13:38,283 - INFO -  * Detected change in 'C:\\Users\\Muiz\\AppData\\Local\\Programs\\Python\\Python313\\Lib\\site-packages\\transformers\\models\\convbert\\tokenization_convbert_fast.py', reloading
2025-10-23 02:13:38,294 - INFO -  * Detected change in 'C:\\Users\\Muiz\\AppData\\Local\\Programs\\Python\\Python313\\Lib\\site-packages\\transformers\\models\\convnext\\__init__.py', reloading
2025-10-23 02:13:38,306 - INFO -  * Detected change in 'C:\\Users\\Muiz\\AppData\\Local\\Programs\\Python\\Python313\\Lib\\site-packages\\transformers\\models\\convnext\\configuration_convnext.py', reloading
2025-10-23 02:13:38,318 - INFO -  * Detected change in 'C:\\Users\\Muiz\\AppData\\Local\\Programs\\Python\\Python313\\Lib\\site-packages\\transformers\\models\\convnext\\feature_extraction_convnext.py', reloading
2025-10-23 02:13:38,878 - INFO - Model and TF-IDF vectorizer loaded successfully.
2025-10-23 02:13:38,886 - INFO - Model and TF-IDF vectorizer loaded successfully.
2025-10-23 02:13:39,248 - WARNING -  * Debugger is active!
2025-10-23 02:13:39,251 - INFO -  * Debugger PIN: 603-667-668
2025-10-23 02:13:39,265 - WARNING -  * Debugger is active!
2025-10-23 02:13:39,269 - INFO -  * Debugger PIN: 603-667-668
2025-10-23 02:13:39,285 - INFO -  * Detected change in 'C:\\Users\\Muiz\\AppData\\Local\\Programs\\Python\\Python313\\Lib\\site-packages\\transformers\\models\\ctrl\\configuration_ctrl.py', reloading
2025-10-23 02:13:39,349 - INFO -  * Detected change in 'C:\\Users\\Muiz\\AppData\\Local\\Programs\\Python\\Python313\\Lib\\site-packages\\transformers\\models\\ctrl\\modeling_ctrl.py', reloading
2025-10-23 02:13:39,350 - INFO -  * Detected change in 'C:\\Users\\Muiz\\AppData\\Local\\Programs\\Python\\Python313\\Lib\\site-packages\\transformers\\models\\ctrl\\modeling_ctrl.py', reloading
2025-10-23 02:13:39,390 - INFO -  * Detected change in 'C:\\Users\\Muiz\\AppData\\Local\\Programs\\Python\\Python313\\Lib\\site-packages\\transformers\\models\\ctrl\\modeling_tf_ctrl.py', reloading
2025-10-23 02:13:39,390 - INFO -  * Detected change in 'C:\\Users\\Muiz\\AppData\\Local\\Programs\\Python\\Python313\\Lib\\site-packages\\transformers\\models\\ctrl\\modeling_tf_ctrl.py', reloading
2025-10-23 02:13:39,539 - INFO -  * Detected change in 'C:\\Users\\Muiz\\AppData\\Local\\Programs\\Python\\Python313\\Lib\\site-packages\\transformers\\models\\ctrl\\tokenization_ctrl.py', reloading
2025-10-23 02:13:39,595 - INFO -  * Detected change in 'C:\\Users\\Muiz\\AppData\\Local\\Programs\\Python\\Python313\\Lib\\site-packages\\transformers\\models\\cvt\\__init__.py', reloading
2025-10-23 02:13:39,681 - INFO -  * Detected change in 'C:\\Users\\Muiz\\AppData\\Local\\Programs\\Python\\Python313\\Lib\\site-packages\\transformers\\models\\cvt\\configuration_cvt.py', reloading
2025-10-23 02:13:39,727 - INFO -  * Detected change in 'C:\\Users\\Muiz\\AppData\\Local\\Programs\\Python\\Python313\\Lib\\site-packages\\transformers\\models\\cvt\\modeling_cvt.py', reloading
2025-10-23 02:13:39,727 - INFO -  * Detected change in 'C:\\Users\\Muiz\\AppData\\Local\\Programs\\Python\\Python313\\Lib\\site-packages\\transformers\\models\\cvt\\modeling_cvt.py', reloading
2025-10-23 02:13:39,769 - INFO -  * Detected change in 'C:\\Users\\Muiz\\AppData\\Local\\Programs\\Python\\Python313\\Lib\\site-packages\\transformers\\models\\cvt\\modeling_tf_cvt.py', reloading
2025-10-23 02:13:39,769 - INFO -  * Detected change in 'C:\\Users\\Muiz\\AppData\\Local\\Programs\\Python\\Python313\\Lib\\site-packages\\transformers\\models\\cvt\\modeling_tf_cvt.py', reloading
2025-10-23 02:13:39,868 - INFO -  * Detected change in 'C:\\Users\\Muiz\\AppData\\Local\\Programs\\Python\\Python313\\Lib\\site-packages\\transformers\\models\\d_fine\\__init__.py', reloading
2025-10-23 02:13:39,890 - INFO -  * Detected change in 'C:\\Users\\Muiz\\AppData\\Local\\Programs\\Python\\Python313\\Lib\\site-packages\\transformers\\models\\d_fine\\configuration_d_fine.py', reloading
2025-10-23 02:13:39,890 - INFO -  * Detected change in 'C:\\Users\\Muiz\\AppData\\Local\\Programs\\Python\\Python313\\Lib\\site-packages\\transformers\\models\\d_fine\\configuration_d_fine.py', reloading
2025-10-23 02:13:39,923 - INFO -  * Detected change in 'C:\\Users\\Muiz\\AppData\\Local\\Programs\\Python\\Python313\\Lib\\site-packages\\transformers\\models\\d_fine\\modeling_d_fine.py', reloading
2025-10-23 02:13:39,923 - INFO -  * Detected change in 'C:\\Users\\Muiz\\AppData\\Local\\Programs\\Python\\Python313\\Lib\\site-packages\\transformers\\models\\d_fine\\modeling_d_fine.py', reloading
2025-10-23 02:13:40,030 - INFO -  * Detected change in 'C:\\Users\\Muiz\\AppData\\Local\\Programs\\Python\\Python313\\Lib\\site-packages\\transformers\\models\\dab_detr\\__init__.py', reloading
2025-10-23 02:13:40,058 - INFO -  * Detected change in 'C:\\Users\\Muiz\\AppData\\Local\\Programs\\Python\\Python313\\Lib\\site-packages\\transformers\\models\\dab_detr\\configuration_dab_detr.py', reloading
2025-10-23 02:13:40,058 - INFO -  * Detected change in 'C:\\Users\\Muiz\\AppData\\Local\\Programs\\Python\\Python313\\Lib\\site-packages\\transformers\\models\\dab_detr\\configuration_dab_detr.py', reloading
2025-10-23 02:13:40,228 - INFO -  * Detected change in 'C:\\Users\\Muiz\\AppData\\Local\\Programs\\Python\\Python313\\Lib\\site-packages\\transformers\\models\\dab_detr\\modeling_dab_detr.py', reloading
2025-10-23 02:13:40,228 - INFO -  * Detected change in 'C:\\Users\\Muiz\\AppData\\Local\\Programs\\Python\\Python313\\Lib\\site-packages\\transformers\\models\\dab_detr\\modeling_dab_detr.py', reloading
2025-10-23 02:13:40,593 - INFO -  * Restarting with watchdog (windowsapi)
2025-10-23 02:13:40,617 - INFO -  * Restarting with watchdog (windowsapi)
2025-10-23 02:13:40,952 - INFO - Model and TF-IDF vectorizer loaded successfully.
2025-10-23 02:13:41,280 - WARNING -  * Debugger is active!
2025-10-23 02:13:41,293 - INFO -  * Debugger PIN: 603-667-668
2025-10-23 02:13:41,360 - INFO -  * Detected change in 'C:\\Users\\Muiz\\AppData\\Local\\Programs\\Python\\Python313\\Lib\\site-packages\\transformers\\models\\dbrx\\configuration_dbrx.py', reloading
2025-10-23 02:13:41,385 - INFO -  * Detected change in 'C:\\Users\\Muiz\\AppData\\Local\\Programs\\Python\\Python313\\Lib\\site-packages\\transformers\\models\\dbrx\\modeling_dbrx.py', reloading
2025-10-23 02:13:41,431 - INFO -  * Detected change in 'C:\\Users\\Muiz\\AppData\\Local\\Programs\\Python\\Python313\\Lib\\site-packages\\transformers\\models\\deberta\\__init__.py', reloading
2025-10-23 02:13:41,517 - INFO -  * Detected change in 'C:\\Users\\Muiz\\AppData\\Local\\Programs\\Python\\Python313\\Lib\\site-packages\\transformers\\models\\deberta\\configuration_deberta.py', reloading
2025-10-23 02:13:41,532 - INFO -  * Detected change in 'C:\\Users\\Muiz\\AppData\\Local\\Programs\\Python\\Python313\\Lib\\site-packages\\transformers\\models\\deberta\\modeling_deberta.py', reloading
2025-10-23 02:13:41,576 - INFO -  * Detected change in 'C:\\Users\\Muiz\\AppData\\Local\\Programs\\Python\\Python313\\Lib\\site-packages\\transformers\\models\\deberta\\modeling_tf_deberta.py', reloading
2025-10-23 02:13:41,711 - INFO -  * Detected change in 'C:\\Users\\Muiz\\AppData\\Local\\Programs\\Python\\Python313\\Lib\\site-packages\\transformers\\models\\deberta\\tokenization_deberta.py', reloading
2025-10-23 02:13:41,750 - INFO -  * Detected change in 'C:\\Users\\Muiz\\AppData\\Local\\Programs\\Python\\Python313\\Lib\\site-packages\\transformers\\models\\deberta\\tokenization_deberta_fast.py', reloading
2025-10-23 02:13:41,904 - INFO -  * Detected change in 'C:\\Users\\Muiz\\AppData\\Local\\Programs\\Python\\Python313\\Lib\\site-packages\\transformers\\models\\deberta_v2\\__init__.py', reloading
2025-10-23 02:13:41,929 - INFO -  * Detected change in 'C:\\Users\\Muiz\\AppData\\Local\\Programs\\Python\\Python313\\Lib\\site-packages\\transformers\\models\\deberta_v2\\configuration_deberta_v2.py', reloading
2025-10-23 02:13:41,955 - INFO -  * Detected change in 'C:\\Users\\Muiz\\AppData\\Local\\Programs\\Python\\Python313\\Lib\\site-packages\\transformers\\models\\deberta_v2\\modeling_deberta_v2.py', reloading
2025-10-23 02:13:41,987 - INFO -  * Detected change in 'C:\\Users\\Muiz\\AppData\\Local\\Programs\\Python\\Python313\\Lib\\site-packages\\transformers\\models\\deberta_v2\\modeling_tf_deberta_v2.py', reloading
2025-10-23 02:13:42,020 - INFO -  * Detected change in 'C:\\Users\\Muiz\\AppData\\Local\\Programs\\Python\\Python313\\Lib\\site-packages\\transformers\\models\\deberta_v2\\tokenization_deberta_v2.py', reloading
2025-10-23 02:13:42,125 - INFO -  * Detected change in 'C:\\Users\\Muiz\\AppData\\Local\\Programs\\Python\\Python313\\Lib\\site-packages\\transformers\\models\\deberta_v2\\tokenization_deberta_v2_fast.py', reloading
2025-10-23 02:13:42,202 - INFO -  * Detected change in 'C:\\Users\\Muiz\\AppData\\Local\\Programs\\Python\\Python313\\Lib\\site-packages\\transformers\\models\\decision_transformer\\__init__.py', reloading
2025-10-23 02:13:42,246 - INFO -  * Detected change in 'C:\\Users\\Muiz\\AppData\\Local\\Programs\\Python\\Python313\\Lib\\site-packages\\transformers\\models\\decision_transformer\\configuration_decision_transformer.py', reloading
2025-10-23 02:13:42,278 - INFO -  * Detected change in 'C:\\Users\\Muiz\\AppData\\Local\\Programs\\Python\\Python313\\Lib\\site-packages\\transformers\\models\\decision_transformer\\modeling_decision_transformer.py', reloading
2025-10-23 02:13:42,750 - INFO - Model and TF-IDF vectorizer loaded successfully.
2025-10-23 02:13:42,753 - INFO - Model and TF-IDF vectorizer loaded successfully.
2025-10-23 02:13:43,144 - WARNING -  * Debugger is active!
2025-10-23 02:13:43,146 - INFO -  * Debugger PIN: 603-667-668
2025-10-23 02:13:43,166 - WARNING -  * Debugger is active!
2025-10-23 02:13:43,175 - INFO -  * Debugger PIN: 603-667-668
2025-10-23 02:13:43,254 - INFO -  * Detected change in 'C:\\Users\\Muiz\\AppData\\Local\\Programs\\Python\\Python313\\Lib\\site-packages\\transformers\\models\\deformable_detr\\__init__.py', reloading
2025-10-23 02:13:43,332 - INFO -  * Detected change in 'C:\\Users\\Muiz\\AppData\\Local\\Programs\\Python\\Python313\\Lib\\site-packages\\transformers\\models\\deformable_detr\\configuration_deformable_detr.py', reloading
2025-10-23 02:13:43,363 - INFO -  * Detected change in 'C:\\Users\\Muiz\\AppData\\Local\\Programs\\Python\\Python313\\Lib\\site-packages\\transformers\\models\\deformable_detr\\feature_extraction_deformable_detr.py', reloading
2025-10-23 02:13:43,363 - INFO -  * Detected change in 'C:\\Users\\Muiz\\AppData\\Local\\Programs\\Python\\Python313\\Lib\\site-packages\\transformers\\models\\deformable_detr\\feature_extraction_deformable_detr.py', reloading
2025-10-23 02:13:43,397 - INFO -  * Detected change in 'C:\\Users\\Muiz\\AppData\\Local\\Programs\\Python\\Python313\\Lib\\site-packages\\transformers\\models\\deformable_detr\\image_processing_deformable_detr.py', reloading
2025-10-23 02:13:43,397 - INFO -  * Detected change in 'C:\\Users\\Muiz\\AppData\\Local\\Programs\\Python\\Python313\\Lib\\site-packages\\transformers\\models\\deformable_detr\\image_processing_deformable_detr.py', reloading
2025-10-23 02:13:43,423 - INFO -  * Detected change in 'C:\\Users\\Muiz\\AppData\\Local\\Programs\\Python\\Python313\\Lib\\site-packages\\transformers\\models\\deformable_detr\\image_processing_deformable_detr_fast.py', reloading
2025-10-23 02:13:43,423 - INFO -  * Detected change in 'C:\\Users\\Muiz\\AppData\\Local\\Programs\\Python\\Python313\\Lib\\site-packages\\transformers\\models\\deformable_detr\\image_processing_deformable_detr_fast.py', reloading
2025-10-23 02:13:43,460 - INFO -  * Detected change in 'C:\\Users\\Muiz\\AppData\\Local\\Programs\\Python\\Python313\\Lib\\site-packages\\transformers\\models\\deformable_detr\\modeling_deformable_detr.py', reloading
2025-10-23 02:13:43,460 - INFO -  * Detected change in 'C:\\Users\\Muiz\\AppData\\Local\\Programs\\Python\\Python313\\Lib\\site-packages\\transformers\\models\\deformable_detr\\modeling_deformable_detr.py', reloading
2025-10-23 02:13:43,529 - INFO -  * Detected change in 'C:\\Users\\Muiz\\AppData\\Local\\Programs\\Python\\Python313\\Lib\\site-packages\\transformers\\models\\deit\\__init__.py', reloading
2025-10-23 02:13:43,557 - INFO -  * Detected change in 'C:\\Users\\Muiz\\AppData\\Local\\Programs\\Python\\Python313\\Lib\\site-packages\\transformers\\models\\deit\\configuration_deit.py', reloading
2025-10-23 02:13:43,557 - INFO -  * Detected change in 'C:\\Users\\Muiz\\AppData\\Local\\Programs\\Python\\Python313\\Lib\\site-packages\\transformers\\models\\deit\\configuration_deit.py', reloading
2025-10-23 02:13:43,579 - INFO -  * Detected change in 'C:\\Users\\Muiz\\AppData\\Local\\Programs\\Python\\Python313\\Lib\\site-packages\\transformers\\models\\deit\\feature_extraction_deit.py', reloading
2025-10-23 02:13:43,579 - INFO -  * Detected change in 'C:\\Users\\Muiz\\AppData\\Local\\Programs\\Python\\Python313\\Lib\\site-packages\\transformers\\models\\deit\\feature_extraction_deit.py', reloading
2025-10-23 02:13:43,602 - INFO -  * Detected change in 'C:\\Users\\Muiz\\AppData\\Local\\Programs\\Python\\Python313\\Lib\\site-packages\\transformers\\models\\deit\\image_processing_deit.py', reloading
2025-10-23 02:13:43,602 - INFO -  * Detected change in 'C:\\Users\\Muiz\\AppData\\Local\\Programs\\Python\\Python313\\Lib\\site-packages\\transformers\\models\\deit\\image_processing_deit.py', reloading
2025-10-23 02:13:43,614 - INFO -  * Detected change in 'C:\\Users\\Muiz\\AppData\\Local\\Programs\\Python\\Python313\\Lib\\site-packages\\transformers\\models\\deit\\image_processing_deit_fast.py', reloading
2025-10-23 02:13:43,614 - INFO -  * Detected change in 'C:\\Users\\Muiz\\AppData\\Local\\Programs\\Python\\Python313\\Lib\\site-packages\\transformers\\models\\deit\\image_processing_deit_fast.py', reloading
2025-10-23 02:13:43,639 - INFO -  * Detected change in 'C:\\Users\\Muiz\\AppData\\Local\\Programs\\Python\\Python313\\Lib\\site-packages\\transformers\\models\\deit\\modeling_deit.py', reloading
2025-10-23 02:13:43,639 - INFO -  * Detected change in 'C:\\Users\\Muiz\\AppData\\Local\\Programs\\Python\\Python313\\Lib\\site-packages\\transformers\\models\\deit\\modeling_deit.py', reloading
2025-10-23 02:13:43,671 - INFO -  * Detected change in 'C:\\Users\\Muiz\\AppData\\Local\\Programs\\Python\\Python313\\Lib\\site-packages\\transformers\\models\\deit\\modeling_tf_deit.py', reloading
2025-10-23 02:13:43,671 - INFO -  * Detected change in 'C:\\Users\\Muiz\\AppData\\Local\\Programs\\Python\\Python313\\Lib\\site-packages\\transformers\\models\\deit\\modeling_tf_deit.py', reloading
2025-10-23 02:13:43,697 - INFO -  * Detected change in 'C:\\Users\\Muiz\\AppData\\Local\\Programs\\Python\\Python313\\Lib\\site-packages\\transformers\\models\\deprecated\\__init__.py', reloading
2025-10-23 02:13:43,749 - INFO -  * Detected change in 'C:\\Users\\Muiz\\AppData\\Local\\Programs\\Python\\Python313\\Lib\\site-packages\\transformers\\models\\deprecated\\deta\\__init__.py', reloading
2025-10-23 02:13:43,749 - INFO -  * Detected change in 'C:\\Users\\Muiz\\AppData\\Local\\Programs\\Python\\Python313\\Lib\\site-packages\\transformers\\models\\deprecated\\deta\\__init__.py', reloading
2025-10-23 02:13:43,775 - INFO -  * Detected change in 'C:\\Users\\Muiz\\AppData\\Local\\Programs\\Python\\Python313\\Lib\\site-packages\\transformers\\models\\deprecated\\deta\\configuration_deta.py', reloading
2025-10-23 02:13:43,775 - INFO -  * Detected change in 'C:\\Users\\Muiz\\AppData\\Local\\Programs\\Python\\Python313\\Lib\\site-packages\\transformers\\models\\deprecated\\deta\\configuration_deta.py', reloading
2025-10-23 02:13:43,804 - INFO -  * Detected change in 'C:\\Users\\Muiz\\AppData\\Local\\Programs\\Python\\Python313\\Lib\\site-packages\\transformers\\models\\deprecated\\deta\\image_processing_deta.py', reloading
2025-10-23 02:13:43,804 - INFO -  * Detected change in 'C:\\Users\\Muiz\\AppData\\Local\\Programs\\Python\\Python313\\Lib\\site-packages\\transformers\\models\\deprecated\\deta\\image_processing_deta.py', reloading
2025-10-23 02:13:43,845 - INFO -  * Detected change in 'C:\\Users\\Muiz\\AppData\\Local\\Programs\\Python\\Python313\\Lib\\site-packages\\transformers\\models\\deprecated\\deta\\modeling_deta.py', reloading
2025-10-23 02:13:43,887 - INFO -  * Detected change in 'C:\\Users\\Muiz\\AppData\\Local\\Programs\\Python\\Python313\\Lib\\site-packages\\transformers\\models\\deprecated\\efficientformer\\__init__.py', reloading
2025-10-23 02:13:43,887 - INFO -  * Detected change in 'C:\\Users\\Muiz\\AppData\\Local\\Programs\\Python\\Python313\\Lib\\site-packages\\transformers\\models\\deprecated\\efficientformer\\__init__.py', reloading
2025-10-23 02:13:43,910 - INFO -  * Detected change in 'C:\\Users\\Muiz\\AppData\\Local\\Programs\\Python\\Python313\\Lib\\site-packages\\transformers\\models\\deprecated\\efficientformer\\configuration_efficientformer.py', reloading
2025-10-23 02:13:43,910 - INFO -  * Detected change in 'C:\\Users\\Muiz\\AppData\\Local\\Programs\\Python\\Python313\\Lib\\site-packages\\transformers\\models\\deprecated\\efficientformer\\configuration_efficientformer.py', reloading
2025-10-23 02:13:43,932 - INFO -  * Detected change in 'C:\\Users\\Muiz\\AppData\\Local\\Programs\\Python\\Python313\\Lib\\site-packages\\transformers\\models\\deprecated\\efficientformer\\image_processing_efficientformer.py', reloading
2025-10-23 02:13:43,932 - INFO -  * Detected change in 'C:\\Users\\Muiz\\AppData\\Local\\Programs\\Python\\Python313\\Lib\\site-packages\\transformers\\models\\deprecated\\efficientformer\\image_processing_efficientformer.py', reloading
2025-10-23 02:13:43,958 - INFO -  * Detected change in 'C:\\Users\\Muiz\\AppData\\Local\\Programs\\Python\\Python313\\Lib\\site-packages\\transformers\\models\\deprecated\\efficientformer\\modeling_efficientformer.py', reloading
2025-10-23 02:13:43,958 - INFO -  * Detected change in 'C:\\Users\\Muiz\\AppData\\Local\\Programs\\Python\\Python313\\Lib\\site-packages\\transformers\\models\\deprecated\\efficientformer\\modeling_efficientformer.py', reloading
2025-10-23 02:13:43,989 - INFO -  * Detected change in 'C:\\Users\\Muiz\\AppData\\Local\\Programs\\Python\\Python313\\Lib\\site-packages\\transformers\\models\\deprecated\\efficientformer\\modeling_tf_efficientformer.py', reloading
2025-10-23 02:13:43,989 - INFO -  * Detected change in 'C:\\Users\\Muiz\\AppData\\Local\\Programs\\Python\\Python313\\Lib\\site-packages\\transformers\\models\\deprecated\\efficientformer\\modeling_tf_efficientformer.py', reloading
2025-10-23 02:13:44,006 - INFO -  * Detected change in 'C:\\Users\\Muiz\\AppData\\Local\\Programs\\Python\\Python313\\Lib\\site-packages\\transformers\\models\\deprecated\\ernie_m\\__init__.py', reloading
2025-10-23 02:13:44,006 - INFO -  * Detected change in 'C:\\Users\\Muiz\\AppData\\Local\\Programs\\Python\\Python313\\Lib\\site-packages\\transformers\\models\\deprecated\\ernie_m\\__init__.py', reloading
2025-10-23 02:13:44,028 - INFO -  * Detected change in 'C:\\Users\\Muiz\\AppData\\Local\\Programs\\Python\\Python313\\Lib\\site-packages\\transformers\\models\\deprecated\\ernie_m\\configuration_ernie_m.py', reloading
2025-10-23 02:13:44,028 - INFO -  * Detected change in 'C:\\Users\\Muiz\\AppData\\Local\\Programs\\Python\\Python313\\Lib\\site-packages\\transformers\\models\\deprecated\\ernie_m\\configuration_ernie_m.py', reloading
2025-10-23 02:13:44,057 - INFO -  * Detected change in 'C:\\Users\\Muiz\\AppData\\Local\\Programs\\Python\\Python313\\Lib\\site-packages\\transformers\\models\\deprecated\\ernie_m\\modeling_ernie_m.py', reloading
2025-10-23 02:13:44,086 - INFO -  * Detected change in 'C:\\Users\\Muiz\\AppData\\Local\\Programs\\Python\\Python313\\Lib\\site-packages\\transformers\\models\\deprecated\\ernie_m\\tokenization_ernie_m.py', reloading
2025-10-23 02:13:44,086 - INFO -  * Detected change in 'C:\\Users\\Muiz\\AppData\\Local\\Programs\\Python\\Python313\\Lib\\site-packages\\transformers\\models\\deprecated\\ernie_m\\tokenization_ernie_m.py', reloading
2025-10-23 02:13:44,110 - INFO -  * Detected change in 'C:\\Users\\Muiz\\AppData\\Local\\Programs\\Python\\Python313\\Lib\\site-packages\\transformers\\models\\deprecated\\gptsan_japanese\\__init__.py', reloading
2025-10-23 02:13:44,110 - INFO -  * Detected change in 'C:\\Users\\Muiz\\AppData\\Local\\Programs\\Python\\Python313\\Lib\\site-packages\\transformers\\models\\deprecated\\gptsan_japanese\\__init__.py', reloading
2025-10-23 02:13:44,133 - INFO -  * Detected change in 'C:\\Users\\Muiz\\AppData\\Local\\Programs\\Python\\Python313\\Lib\\site-packages\\transformers\\models\\deprecated\\gptsan_japanese\\configuration_gptsan_japanese.py', reloading
2025-10-23 02:13:44,133 - INFO -  * Detected change in 'C:\\Users\\Muiz\\AppData\\Local\\Programs\\Python\\Python313\\Lib\\site-packages\\transformers\\models\\deprecated\\gptsan_japanese\\configuration_gptsan_japanese.py', reloading
2025-10-23 02:13:44,164 - INFO -  * Detected change in 'C:\\Users\\Muiz\\AppData\\Local\\Programs\\Python\\Python313\\Lib\\site-packages\\transformers\\models\\deprecated\\gptsan_japanese\\modeling_gptsan_japanese.py', reloading
2025-10-23 02:13:44,164 - INFO -  * Detected change in 'C:\\Users\\Muiz\\AppData\\Local\\Programs\\Python\\Python313\\Lib\\site-packages\\transformers\\models\\deprecated\\gptsan_japanese\\modeling_gptsan_japanese.py', reloading
2025-10-23 02:13:44,195 - INFO -  * Detected change in 'C:\\Users\\Muiz\\AppData\\Local\\Programs\\Python\\Python313\\Lib\\site-packages\\transformers\\models\\deprecated\\gptsan_japanese\\tokenization_gptsan_japanese.py', reloading
2025-10-23 02:13:44,195 - INFO -  * Detected change in 'C:\\Users\\Muiz\\AppData\\Local\\Programs\\Python\\Python313\\Lib\\site-packages\\transformers\\models\\deprecated\\gptsan_japanese\\tokenization_gptsan_japanese.py', reloading
2025-10-23 02:13:44,220 - INFO -  * Detected change in 'C:\\Users\\Muiz\\AppData\\Local\\Programs\\Python\\Python313\\Lib\\site-packages\\transformers\\models\\deprecated\\graphormer\\__init__.py', reloading
2025-10-23 02:13:44,233 - INFO -  * Detected change in 'C:\\Users\\Muiz\\AppData\\Local\\Programs\\Python\\Python313\\Lib\\site-packages\\transformers\\models\\deprecated\\graphormer\\configuration_graphormer.py', reloading
2025-10-23 02:13:44,517 - INFO -  * Restarting with watchdog (windowsapi)
2025-10-23 02:13:44,567 - INFO -  * Restarting with watchdog (windowsapi)
2025-10-23 02:13:44,785 - INFO - Model and TF-IDF vectorizer loaded successfully.
2025-10-23 02:13:45,116 - WARNING -  * Debugger is active!
2025-10-23 02:13:45,118 - INFO -  * Debugger PIN: 603-667-668
2025-10-23 02:13:45,236 - INFO -  * Detected change in 'C:\\Users\\Muiz\\AppData\\Local\\Programs\\Python\\Python313\\Lib\\site-packages\\transformers\\models\\deprecated\\nat\\__init__.py', reloading
2025-10-23 02:13:45,272 - INFO -  * Detected change in 'C:\\Users\\Muiz\\AppData\\Local\\Programs\\Python\\Python313\\Lib\\site-packages\\transformers\\models\\deprecated\\nat\\configuration_nat.py', reloading
2025-10-23 02:13:45,297 - INFO -  * Detected change in 'C:\\Users\\Muiz\\AppData\\Local\\Programs\\Python\\Python313\\Lib\\site-packages\\transformers\\models\\deprecated\\nat\\modeling_nat.py', reloading
2025-10-23 02:13:45,322 - INFO -  * Detected change in 'C:\\Users\\Muiz\\AppData\\Local\\Programs\\Python\\Python313\\Lib\\site-packages\\transformers\\models\\deprecated\\nezha\\__init__.py', reloading
2025-10-23 02:13:45,345 - INFO -  * Detected change in 'C:\\Users\\Muiz\\AppData\\Local\\Programs\\Python\\Python313\\Lib\\site-packages\\transformers\\models\\deprecated\\nezha\\configuration_nezha.py', reloading
2025-10-23 02:13:45,374 - INFO -  * Detected change in 'C:\\Users\\Muiz\\AppData\\Local\\Programs\\Python\\Python313\\Lib\\site-packages\\transformers\\models\\deprecated\\nezha\\modeling_nezha.py', reloading
2025-10-23 02:13:45,401 - INFO -  * Detected change in 'C:\\Users\\Muiz\\AppData\\Local\\Programs\\Python\\Python313\\Lib\\site-packages\\transformers\\models\\deprecated\\open_llama\\__init__.py', reloading
2025-10-23 02:13:45,425 - INFO -  * Detected change in 'C:\\Users\\Muiz\\AppData\\Local\\Programs\\Python\\Python313\\Lib\\site-packages\\transformers\\models\\deprecated\\open_llama\\configuration_open_llama.py', reloading
2025-10-23 02:13:45,448 - INFO -  * Detected change in 'C:\\Users\\Muiz\\AppData\\Local\\Programs\\Python\\Python313\\Lib\\site-packages\\transformers\\models\\deprecated\\open_llama\\modeling_open_llama.py', reloading
2025-10-23 02:13:45,473 - INFO -  * Detected change in 'C:\\Users\\Muiz\\AppData\\Local\\Programs\\Python\\Python313\\Lib\\site-packages\\transformers\\models\\deprecated\\qdqbert\\__init__.py', reloading
2025-10-23 02:13:45,498 - INFO -  * Detected change in 'C:\\Users\\Muiz\\AppData\\Local\\Programs\\Python\\Python313\\Lib\\site-packages\\transformers\\models\\deprecated\\qdqbert\\configuration_qdqbert.py', reloading
2025-10-23 02:13:45,527 - INFO -  * Detected change in 'C:\\Users\\Muiz\\AppData\\Local\\Programs\\Python\\Python313\\Lib\\site-packages\\transformers\\models\\deprecated\\qdqbert\\modeling_qdqbert.py', reloading
2025-10-23 02:13:45,555 - INFO -  * Detected change in 'C:\\Users\\Muiz\\AppData\\Local\\Programs\\Python\\Python313\\Lib\\site-packages\\transformers\\models\\deprecated\\realm\\__init__.py', reloading
2025-10-23 02:13:45,569 - INFO -  * Detected change in 'C:\\Users\\Muiz\\AppData\\Local\\Programs\\Python\\Python313\\Lib\\site-packages\\transformers\\models\\deprecated\\realm\\configuration_realm.py', reloading
2025-10-23 02:13:45,597 - INFO -  * Detected change in 'C:\\Users\\Muiz\\AppData\\Local\\Programs\\Python\\Python313\\Lib\\site-packages\\transformers\\models\\deprecated\\realm\\modeling_realm.py', reloading
2025-10-23 02:13:45,626 - INFO -  * Detected change in 'C:\\Users\\Muiz\\AppData\\Local\\Programs\\Python\\Python313\\Lib\\site-packages\\transformers\\models\\deprecated\\realm\\retrieval_realm.py', reloading
2025-10-23 02:13:45,651 - INFO -  * Detected change in 'C:\\Users\\Muiz\\AppData\\Local\\Programs\\Python\\Python313\\Lib\\site-packages\\transformers\\models\\deprecated\\realm\\tokenization_realm.py', reloading
2025-10-23 02:13:45,677 - INFO -  * Detected change in 'C:\\Users\\Muiz\\AppData\\Local\\Programs\\Python\\Python313\\Lib\\site-packages\\transformers\\models\\deprecated\\realm\\tokenization_realm_fast.py', reloading
2025-10-23 02:13:45,697 - INFO -  * Detected change in 'C:\\Users\\Muiz\\AppData\\Local\\Programs\\Python\\Python313\\Lib\\site-packages\\transformers\\models\\deprecated\\retribert\\__init__.py', reloading
2025-10-23 02:13:45,721 - INFO -  * Detected change in 'C:\\Users\\Muiz\\AppData\\Local\\Programs\\Python\\Python313\\Lib\\site-packages\\transformers\\models\\deprecated\\retribert\\configuration_retribert.py', reloading
2025-10-23 02:13:45,743 - INFO -  * Detected change in 'C:\\Users\\Muiz\\AppData\\Local\\Programs\\Python\\Python313\\Lib\\site-packages\\transformers\\models\\deprecated\\retribert\\modeling_retribert.py', reloading
2025-10-23 02:13:45,769 - INFO -  * Detected change in 'C:\\Users\\Muiz\\AppData\\Local\\Programs\\Python\\Python313\\Lib\\site-packages\\transformers\\models\\deprecated\\retribert\\tokenization_retribert.py', reloading
2025-10-23 02:13:45,795 - INFO -  * Detected change in 'C:\\Users\\Muiz\\AppData\\Local\\Programs\\Python\\Python313\\Lib\\site-packages\\transformers\\models\\deprecated\\retribert\\tokenization_retribert_fast.py', reloading
2025-10-23 02:13:45,821 - INFO -  * Detected change in 'C:\\Users\\Muiz\\AppData\\Local\\Programs\\Python\\Python313\\Lib\\site-packages\\transformers\\models\\deprecated\\speech_to_text_2\\__init__.py', reloading
2025-10-23 02:13:45,845 - INFO -  * Detected change in 'C:\\Users\\Muiz\\AppData\\Local\\Programs\\Python\\Python313\\Lib\\site-packages\\transformers\\models\\deprecated\\speech_to_text_2\\configuration_speech_to_text_2.py', reloading
2025-10-23 02:13:45,952 - INFO -  * Detected change in 'C:\\Users\\Muiz\\AppData\\Local\\Programs\\Python\\Python313\\Lib\\site-packages\\transformers\\models\\deprecated\\speech_to_text_2\\modeling_speech_to_text_2.py', reloading
2025-10-23 02:13:45,984 - INFO -  * Detected change in 'C:\\Users\\Muiz\\AppData\\Local\\Programs\\Python\\Python313\\Lib\\site-packages\\transformers\\models\\deprecated\\speech_to_text_2\\processing_speech_to_text_2.py', reloading
2025-10-23 02:13:46,008 - INFO -  * Detected change in 'C:\\Users\\Muiz\\AppData\\Local\\Programs\\Python\\Python313\\Lib\\site-packages\\transformers\\models\\deprecated\\speech_to_text_2\\tokenization_speech_to_text_2.py', reloading
2025-10-23 02:13:46,028 - INFO -  * Detected change in 'C:\\Users\\Muiz\\AppData\\Local\\Programs\\Python\\Python313\\Lib\\site-packages\\transformers\\models\\deprecated\\tapex\\__init__.py', reloading
2025-10-23 02:13:46,054 - INFO -  * Detected change in 'C:\\Users\\Muiz\\AppData\\Local\\Programs\\Python\\Python313\\Lib\\site-packages\\transformers\\models\\deprecated\\tapex\\tokenization_tapex.py', reloading
2025-10-23 02:13:46,080 - INFO -  * Detected change in 'C:\\Users\\Muiz\\AppData\\Local\\Programs\\Python\\Python313\\Lib\\site-packages\\transformers\\models\\deprecated\\trajectory_transformer\\__init__.py', reloading
2025-10-23 02:13:46,103 - INFO -  * Detected change in 'C:\\Users\\Muiz\\AppData\\Local\\Programs\\Python\\Python313\\Lib\\site-packages\\transformers\\models\\deprecated\\trajectory_transformer\\configuration_trajectory_transformer.py', reloading
2025-10-23 02:13:46,128 - INFO -  * Detected change in 'C:\\Users\\Muiz\\AppData\\Local\\Programs\\Python\\Python313\\Lib\\site-packages\\transformers\\models\\deprecated\\trajectory_transformer\\modeling_trajectory_transformer.py', reloading
2025-10-23 02:13:46,592 - INFO - Model and TF-IDF vectorizer loaded successfully.
2025-10-23 02:13:46,618 - INFO - Model and TF-IDF vectorizer loaded successfully.
2025-10-23 02:13:47,324 - WARNING -  * Debugger is active!
2025-10-23 02:13:47,329 - INFO -  * Debugger PIN: 603-667-668
2025-10-23 02:13:47,330 - WARNING -  * Debugger is active!
2025-10-23 02:13:47,333 - INFO -  * Debugger PIN: 603-667-668
2025-10-23 02:13:47,380 - INFO -  * Detected change in 'C:\\Users\\Muiz\\AppData\\Local\\Programs\\Python\\Python313\\Lib\\site-packages\\transformers\\models\\detr\\modeling_detr.py', reloading
2025-10-23 02:13:47,380 - INFO -  * Detected change in 'C:\\Users\\Muiz\\AppData\\Local\\Programs\\Python\\Python313\\Lib\\site-packages\\transformers\\models\\detr\\modeling_detr.py', reloading
2025-10-23 02:13:47,486 - INFO -  * Detected change in 'C:\\Users\\Muiz\\AppData\\Local\\Programs\\Python\\Python313\\Lib\\site-packages\\transformers\\models\\dia\\__init__.py', reloading
2025-10-23 02:13:47,486 - INFO -  * Detected change in 'C:\\Users\\Muiz\\AppData\\Local\\Programs\\Python\\Python313\\Lib\\site-packages\\transformers\\models\\dia\\__init__.py', reloading
2025-10-23 02:13:47,574 - INFO -  * Detected change in 'C:\\Users\\Muiz\\AppData\\Local\\Programs\\Python\\Python313\\Lib\\site-packages\\transformers\\models\\dia\\configuration_dia.py', reloading
2025-10-23 02:13:47,574 - INFO -  * Detected change in 'C:\\Users\\Muiz\\AppData\\Local\\Programs\\Python\\Python313\\Lib\\site-packages\\transformers\\models\\dia\\configuration_dia.py', reloading
2025-10-23 02:13:47,602 - INFO -  * Detected change in 'C:\\Users\\Muiz\\AppData\\Local\\Programs\\Python\\Python313\\Lib\\site-packages\\transformers\\models\\dia\\feature_extraction_dia.py', reloading
2025-10-23 02:13:47,631 - INFO -  * Detected change in 'C:\\Users\\Muiz\\AppData\\Local\\Programs\\Python\\Python313\\Lib\\site-packages\\transformers\\models\\dia\\generation_dia.py', reloading
2025-10-23 02:13:47,631 - INFO -  * Detected change in 'C:\\Users\\Muiz\\AppData\\Local\\Programs\\Python\\Python313\\Lib\\site-packages\\transformers\\models\\dia\\generation_dia.py', reloading
2025-10-23 02:13:47,755 - INFO -  * Detected change in 'C:\\Users\\Muiz\\AppData\\Local\\Programs\\Python\\Python313\\Lib\\site-packages\\transformers\\models\\dia\\modeling_dia.py', reloading
2025-10-23 02:13:47,755 - INFO -  * Detected change in 'C:\\Users\\Muiz\\AppData\\Local\\Programs\\Python\\Python313\\Lib\\site-packages\\transformers\\models\\dia\\modeling_dia.py', reloading
2025-10-23 02:13:47,793 - INFO -  * Detected change in 'C:\\Users\\Muiz\\AppData\\Local\\Programs\\Python\\Python313\\Lib\\site-packages\\transformers\\models\\dia\\processing_dia.py', reloading
2025-10-23 02:13:47,793 - INFO -  * Detected change in 'C:\\Users\\Muiz\\AppData\\Local\\Programs\\Python\\Python313\\Lib\\site-packages\\transformers\\models\\dia\\processing_dia.py', reloading
2025-10-23 02:13:47,913 - INFO -  * Detected change in 'C:\\Users\\Muiz\\AppData\\Local\\Programs\\Python\\Python313\\Lib\\site-packages\\transformers\\models\\dia\\tokenization_dia.py', reloading
2025-10-23 02:13:47,913 - INFO -  * Detected change in 'C:\\Users\\Muiz\\AppData\\Local\\Programs\\Python\\Python313\\Lib\\site-packages\\transformers\\models\\dia\\tokenization_dia.py', reloading
2025-10-23 02:13:47,970 - INFO -  * Detected change in 'C:\\Users\\Muiz\\AppData\\Local\\Programs\\Python\\Python313\\Lib\\site-packages\\transformers\\models\\diffllama\\__init__.py', reloading
2025-10-23 02:13:47,970 - INFO -  * Detected change in 'C:\\Users\\Muiz\\AppData\\Local\\Programs\\Python\\Python313\\Lib\\site-packages\\transformers\\models\\diffllama\\__init__.py', reloading
2025-10-23 02:13:48,059 - INFO -  * Detected change in 'C:\\Users\\Muiz\\AppData\\Local\\Programs\\Python\\Python313\\Lib\\site-packages\\transformers\\models\\diffllama\\configuration_diffllama.py', reloading
2025-10-23 02:13:48,059 - INFO -  * Detected change in 'C:\\Users\\Muiz\\AppData\\Local\\Programs\\Python\\Python313\\Lib\\site-packages\\transformers\\models\\diffllama\\configuration_diffllama.py', reloading
2025-10-23 02:13:48,142 - INFO -  * Detected change in 'C:\\Users\\Muiz\\AppData\\Local\\Programs\\Python\\Python313\\Lib\\site-packages\\transformers\\models\\diffllama\\modeling_diffllama.py', reloading
2025-10-23 02:13:48,142 - INFO -  * Detected change in 'C:\\Users\\Muiz\\AppData\\Local\\Programs\\Python\\Python313\\Lib\\site-packages\\transformers\\models\\diffllama\\modeling_diffllama.py', reloading
2025-10-23 02:13:48,200 - INFO -  * Detected change in 'C:\\Users\\Muiz\\AppData\\Local\\Programs\\Python\\Python313\\Lib\\site-packages\\transformers\\models\\dinat\\__init__.py', reloading
2025-10-23 02:13:48,200 - INFO -  * Detected change in 'C:\\Users\\Muiz\\AppData\\Local\\Programs\\Python\\Python313\\Lib\\site-packages\\transformers\\models\\dinat\\__init__.py', reloading
2025-10-23 02:13:48,295 - INFO -  * Detected change in 'C:\\Users\\Muiz\\AppData\\Local\\Programs\\Python\\Python313\\Lib\\site-packages\\transformers\\models\\dinat\\configuration_dinat.py', reloading
2025-10-23 02:13:48,296 - INFO -  * Detected change in 'C:\\Users\\Muiz\\AppData\\Local\\Programs\\Python\\Python313\\Lib\\site-packages\\transformers\\models\\dinat\\configuration_dinat.py', reloading
2025-10-23 02:13:48,335 - INFO -  * Detected change in 'C:\\Users\\Muiz\\AppData\\Local\\Programs\\Python\\Python313\\Lib\\site-packages\\transformers\\models\\dinat\\modeling_dinat.py', reloading
2025-10-23 02:13:48,670 - INFO - Model and TF-IDF vectorizer loaded successfully.
2025-10-23 02:13:48,683 - INFO -  * Restarting with watchdog (windowsapi)
2025-10-23 02:13:48,692 - INFO -  * Restarting with watchdog (windowsapi)
2025-10-23 02:13:49,116 - WARNING -  * Debugger is active!
2025-10-23 02:13:49,168 - INFO -  * Debugger PIN: 603-667-668
2025-10-23 02:13:49,378 - INFO -  * Detected change in 'C:\\Users\\Muiz\\AppData\\Local\\Programs\\Python\\Python313\\Lib\\site-packages\\transformers\\models\\distilbert\\modeling_distilbert.py', reloading
2025-10-23 02:13:49,416 - INFO -  * Detected change in 'C:\\Users\\Muiz\\AppData\\Local\\Programs\\Python\\Python313\\Lib\\site-packages\\transformers\\models\\distilbert\\modeling_flax_distilbert.py', reloading
2025-10-23 02:13:49,446 - INFO -  * Detected change in 'C:\\Users\\Muiz\\AppData\\Local\\Programs\\Python\\Python313\\Lib\\site-packages\\transformers\\models\\distilbert\\modeling_tf_distilbert.py', reloading
2025-10-23 02:13:49,618 - INFO -  * Detected change in 'C:\\Users\\Muiz\\AppData\\Local\\Programs\\Python\\Python313\\Lib\\site-packages\\transformers\\models\\distilbert\\tokenization_distilbert.py', reloading
2025-10-23 02:13:49,641 - INFO -  * Detected change in 'C:\\Users\\Muiz\\AppData\\Local\\Programs\\Python\\Python313\\Lib\\site-packages\\transformers\\models\\distilbert\\tokenization_distilbert_fast.py', reloading
2025-10-23 02:13:49,671 - INFO -  * Detected change in 'C:\\Users\\Muiz\\AppData\\Local\\Programs\\Python\\Python313\\Lib\\site-packages\\transformers\\models\\donut\\__init__.py', reloading
2025-10-23 02:13:49,754 - INFO -  * Detected change in 'C:\\Users\\Muiz\\AppData\\Local\\Programs\\Python\\Python313\\Lib\\site-packages\\transformers\\models\\donut\\configuration_donut_swin.py', reloading
2025-10-23 02:13:49,782 - INFO -  * Detected change in 'C:\\Users\\Muiz\\OneDrive\\Desktop\\Mini Project Sem 5\\Fake_News_Detection\\check_accuracy.py', reloading
2025-10-23 02:13:49,810 - INFO -  * Detected change in 'C:\\Users\\Muiz\\AppData\\Local\\Programs\\Python\\Python313\\Lib\\site-packages\\transformers\\models\\donut\\feature_extraction_donut.py', reloading
2025-10-23 02:13:49,871 - INFO -  * Detected change in 'C:\\Users\\Muiz\\AppData\\Local\\Programs\\Python\\Python313\\Lib\\site-packages\\transformers\\models\\donut\\image_processing_donut.py', reloading
2025-10-23 02:13:49,940 - INFO -  * Detected change in 'C:\\Users\\Muiz\\AppData\\Local\\Programs\\Python\\Python313\\Lib\\site-packages\\transformers\\models\\donut\\image_processing_donut_fast.py', reloading
2025-10-23 02:13:49,976 - INFO -  * Detected change in 'C:\\Users\\Muiz\\AppData\\Local\\Programs\\Python\\Python313\\Lib\\site-packages\\transformers\\models\\donut\\modeling_donut_swin.py', reloading
2025-10-23 02:13:50,068 - INFO -  * Detected change in 'C:\\Users\\Muiz\\AppData\\Local\\Programs\\Python\\Python313\\Lib\\site-packages\\transformers\\models\\donut\\processing_donut.py', reloading
2025-10-23 02:13:50,096 - INFO -  * Detected change in 'C:\\Users\\Muiz\\AppData\\Local\\Programs\\Python\\Python313\\Lib\\site-packages\\transformers\\models\\dots1\\__init__.py', reloading
2025-10-23 02:13:50,144 - INFO -  * Detected change in 'C:\\Users\\Muiz\\AppData\\Local\\Programs\\Python\\Python313\\Lib\\site-packages\\transformers\\models\\dots1\\configuration_dots1.py', reloading
2025-10-23 02:13:50,215 - INFO -  * Detected change in 'C:\\Users\\Muiz\\AppData\\Local\\Programs\\Python\\Python313\\Lib\\site-packages\\transformers\\models\\dots1\\modeling_dots1.py', reloading
2025-10-23 02:13:50,246 - INFO -  * Detected change in 'C:\\Users\\Muiz\\AppData\\Local\\Programs\\Python\\Python313\\Lib\\site-packages\\transformers\\models\\dpr\\__init__.py', reloading
2025-10-23 02:13:51,043 - INFO - Model and TF-IDF vectorizer loaded successfully.
2025-10-23 02:13:51,046 - INFO - Model and TF-IDF vectorizer loaded successfully.
2025-10-23 02:13:52,761 - INFO - Model and TF-IDF vectorizer loaded successfully.
2025-10-23 02:13:53,311 - WARNING -  * Debugger is active!
2025-10-23 02:13:53,313 - INFO -  * Debugger PIN: 603-667-668
2025-10-23 02:13:53,355 - INFO -  * Detected change in 'C:\\Users\\Muiz\\AppData\\Local\\Programs\\Python\\Python313\\Lib\\site-packages\\transformers\\models\\fastspeech2_conformer\\configuration_fastspeech2_conformer.py', reloading
2025-10-23 02:13:53,387 - INFO -  * Detected change in 'C:\\Users\\Muiz\\AppData\\Local\\Programs\\Python\\Python313\\Lib\\site-packages\\transformers\\models\\fastspeech2_conformer\\modeling_fastspeech2_conformer.py', reloading
2025-10-23 02:13:53,422 - INFO -  * Detected change in 'C:\\Users\\Muiz\\AppData\\Local\\Programs\\Python\\Python313\\Lib\\site-packages\\transformers\\models\\fastspeech2_conformer\\tokenization_fastspeech2_conformer.py', reloading
2025-10-23 02:13:53,446 - INFO -  * Detected change in 'C:\\Users\\Muiz\\AppData\\Local\\Programs\\Python\\Python313\\Lib\\site-packages\\transformers\\models\\flaubert\\__init__.py', reloading
2025-10-23 02:13:53,478 - INFO -  * Detected change in 'C:\\Users\\Muiz\\AppData\\Local\\Programs\\Python\\Python313\\Lib\\site-packages\\transformers\\models\\flaubert\\configuration_flaubert.py', reloading
2025-10-23 02:13:53,501 - WARNING -  * Debugger is active!
2025-10-23 02:13:53,503 - INFO -  * Debugger PIN: 603-667-668
2025-10-23 02:13:53,509 - INFO -  * Detected change in 'C:\\Users\\Muiz\\AppData\\Local\\Programs\\Python\\Python313\\Lib\\site-packages\\transformers\\models\\flaubert\\modeling_flaubert.py', reloading
2025-10-23 02:13:53,550 - INFO -  * Detected change in 'C:\\Users\\Muiz\\AppData\\Local\\Programs\\Python\\Python313\\Lib\\site-packages\\transformers\\models\\flaubert\\modeling_tf_flaubert.py', reloading
2025-10-23 02:13:53,551 - INFO -  * Detected change in 'C:\\Users\\Muiz\\AppData\\Local\\Programs\\Python\\Python313\\Lib\\site-packages\\transformers\\models\\flaubert\\modeling_tf_flaubert.py', reloading
2025-10-23 02:13:53,584 - INFO -  * Detected change in 'C:\\Users\\Muiz\\AppData\\Local\\Programs\\Python\\Python313\\Lib\\site-packages\\transformers\\models\\flaubert\\tokenization_flaubert.py', reloading
2025-10-23 02:13:53,585 - INFO -  * Detected change in 'C:\\Users\\Muiz\\AppData\\Local\\Programs\\Python\\Python313\\Lib\\site-packages\\transformers\\models\\flaubert\\tokenization_flaubert.py', reloading
2025-10-23 02:13:53,611 - INFO -  * Detected change in 'C:\\Users\\Muiz\\AppData\\Local\\Programs\\Python\\Python313\\Lib\\site-packages\\transformers\\models\\flava\\__init__.py', reloading
2025-10-23 02:13:53,611 - INFO -  * Detected change in 'C:\\Users\\Muiz\\AppData\\Local\\Programs\\Python\\Python313\\Lib\\site-packages\\transformers\\models\\flava\\__init__.py', reloading
2025-10-23 02:13:53,637 - INFO -  * Detected change in 'C:\\Users\\Muiz\\AppData\\Local\\Programs\\Python\\Python313\\Lib\\site-packages\\transformers\\models\\flava\\configuration_flava.py', reloading
2025-10-23 02:13:53,638 - INFO -  * Detected change in 'C:\\Users\\Muiz\\AppData\\Local\\Programs\\Python\\Python313\\Lib\\site-packages\\transformers\\models\\flava\\configuration_flava.py', reloading
2025-10-23 02:13:53,668 - INFO -  * Detected change in 'C:\\Users\\Muiz\\AppData\\Local\\Programs\\Python\\Python313\\Lib\\site-packages\\transformers\\models\\flava\\feature_extraction_flava.py', reloading
2025-10-23 02:13:53,668 - INFO -  * Detected change in 'C:\\Users\\Muiz\\AppData\\Local\\Programs\\Python\\Python313\\Lib\\site-packages\\transformers\\models\\flava\\feature_extraction_flava.py', reloading
2025-10-23 02:13:53,696 - INFO -  * Detected change in 'C:\\Users\\Muiz\\AppData\\Local\\Programs\\Python\\Python313\\Lib\\site-packages\\transformers\\models\\flava\\image_processing_flava.py', reloading
2025-10-23 02:13:53,729 - INFO -  * Detected change in 'C:\\Users\\Muiz\\AppData\\Local\\Programs\\Python\\Python313\\Lib\\site-packages\\transformers\\models\\flava\\image_processing_flava_fast.py', reloading
2025-10-23 02:13:53,729 - INFO -  * Detected change in 'C:\\Users\\Muiz\\AppData\\Local\\Programs\\Python\\Python313\\Lib\\site-packages\\transformers\\models\\flava\\image_processing_flava_fast.py', reloading
2025-10-23 02:13:53,761 - INFO -  * Detected change in 'C:\\Users\\Muiz\\AppData\\Local\\Programs\\Python\\Python313\\Lib\\site-packages\\transformers\\models\\flava\\modeling_flava.py', reloading
2025-10-23 02:13:53,761 - INFO -  * Detected change in 'C:\\Users\\Muiz\\AppData\\Local\\Programs\\Python\\Python313\\Lib\\site-packages\\transformers\\models\\flava\\modeling_flava.py', reloading
2025-10-23 02:13:53,794 - INFO -  * Detected change in 'C:\\Users\\Muiz\\AppData\\Local\\Programs\\Python\\Python313\\Lib\\site-packages\\transformers\\models\\flava\\processing_flava.py', reloading
2025-10-23 02:13:53,794 - INFO -  * Detected change in 'C:\\Users\\Muiz\\AppData\\Local\\Programs\\Python\\Python313\\Lib\\site-packages\\transformers\\models\\flava\\processing_flava.py', reloading
2025-10-23 02:13:53,815 - INFO -  * Detected change in 'C:\\Users\\Muiz\\AppData\\Local\\Programs\\Python\\Python313\\Lib\\site-packages\\transformers\\models\\flex_olmo\\__init__.py', reloading
2025-10-23 02:13:53,815 - INFO -  * Detected change in 'C:\\Users\\Muiz\\AppData\\Local\\Programs\\Python\\Python313\\Lib\\site-packages\\transformers\\models\\flex_olmo\\__init__.py', reloading
2025-10-23 02:13:53,837 - INFO -  * Detected change in 'C:\\Users\\Muiz\\AppData\\Local\\Programs\\Python\\Python313\\Lib\\site-packages\\transformers\\models\\flex_olmo\\configuration_flex_olmo.py', reloading
2025-10-23 02:13:53,837 - INFO -  * Detected change in 'C:\\Users\\Muiz\\AppData\\Local\\Programs\\Python\\Python313\\Lib\\site-packages\\transformers\\models\\flex_olmo\\configuration_flex_olmo.py', reloading
2025-10-23 02:13:53,856 - INFO -  * Detected change in 'C:\\Users\\Muiz\\AppData\\Local\\Programs\\Python\\Python313\\Lib\\site-packages\\transformers\\models\\flex_olmo\\modeling_flex_olmo.py', reloading
2025-10-23 02:13:53,856 - INFO -  * Detected change in 'C:\\Users\\Muiz\\AppData\\Local\\Programs\\Python\\Python313\\Lib\\site-packages\\transformers\\models\\flex_olmo\\modeling_flex_olmo.py', reloading
2025-10-23 02:13:53,883 - INFO -  * Detected change in 'C:\\Users\\Muiz\\AppData\\Local\\Programs\\Python\\Python313\\Lib\\site-packages\\transformers\\models\\florence2\\__init__.py', reloading
2025-10-23 02:13:53,883 - INFO -  * Detected change in 'C:\\Users\\Muiz\\AppData\\Local\\Programs\\Python\\Python313\\Lib\\site-packages\\transformers\\models\\florence2\\__init__.py', reloading
2025-10-23 02:13:53,902 - INFO -  * Detected change in 'C:\\Users\\Muiz\\AppData\\Local\\Programs\\Python\\Python313\\Lib\\site-packages\\transformers\\models\\florence2\\configuration_florence2.py', reloading
2025-10-23 02:13:53,902 - INFO -  * Detected change in 'C:\\Users\\Muiz\\AppData\\Local\\Programs\\Python\\Python313\\Lib\\site-packages\\transformers\\models\\florence2\\configuration_florence2.py', reloading
2025-10-23 02:13:53,920 - INFO -  * Detected change in 'C:\\Users\\Muiz\\AppData\\Local\\Programs\\Python\\Python313\\Lib\\site-packages\\transformers\\models\\florence2\\modeling_florence2.py', reloading
2025-10-23 02:13:53,921 - INFO -  * Detected change in 'C:\\Users\\Muiz\\AppData\\Local\\Programs\\Python\\Python313\\Lib\\site-packages\\transformers\\models\\florence2\\modeling_florence2.py', reloading
2025-10-23 02:13:53,953 - INFO -  * Detected change in 'C:\\Users\\Muiz\\AppData\\Local\\Programs\\Python\\Python313\\Lib\\site-packages\\transformers\\models\\florence2\\processing_florence2.py', reloading
2025-10-23 02:13:53,979 - INFO -  * Detected change in 'C:\\Users\\Muiz\\AppData\\Local\\Programs\\Python\\Python313\\Lib\\site-packages\\transformers\\models\\fnet\\__init__.py', reloading
2025-10-23 02:13:53,979 - INFO -  * Detected change in 'C:\\Users\\Muiz\\AppData\\Local\\Programs\\Python\\Python313\\Lib\\site-packages\\transformers\\models\\fnet\\__init__.py', reloading
2025-10-23 02:13:54,006 - INFO -  * Detected change in 'C:\\Users\\Muiz\\AppData\\Local\\Programs\\Python\\Python313\\Lib\\site-packages\\transformers\\models\\fnet\\configuration_fnet.py', reloading
2025-10-23 02:13:54,036 - INFO -  * Detected change in 'C:\\Users\\Muiz\\AppData\\Local\\Programs\\Python\\Python313\\Lib\\site-packages\\transformers\\models\\fnet\\modeling_fnet.py', reloading
2025-10-23 02:13:54,036 - INFO -  * Detected change in 'C:\\Users\\Muiz\\AppData\\Local\\Programs\\Python\\Python313\\Lib\\site-packages\\transformers\\models\\fnet\\modeling_fnet.py', reloading
2025-10-23 02:13:54,071 - INFO -  * Detected change in 'C:\\Users\\Muiz\\AppData\\Local\\Programs\\Python\\Python313\\Lib\\site-packages\\transformers\\models\\fnet\\tokenization_fnet.py', reloading
2025-10-23 02:13:54,071 - INFO -  * Detected change in 'C:\\Users\\Muiz\\AppData\\Local\\Programs\\Python\\Python313\\Lib\\site-packages\\transformers\\models\\fnet\\tokenization_fnet.py', reloading
2025-10-23 02:13:54,097 - INFO -  * Detected change in 'C:\\Users\\Muiz\\AppData\\Local\\Programs\\Python\\Python313\\Lib\\site-packages\\transformers\\models\\fnet\\tokenization_fnet_fast.py', reloading
2025-10-23 02:13:54,097 - INFO -  * Detected change in 'C:\\Users\\Muiz\\AppData\\Local\\Programs\\Python\\Python313\\Lib\\site-packages\\transformers\\models\\fnet\\tokenization_fnet_fast.py', reloading
2025-10-23 02:13:54,126 - INFO -  * Detected change in 'C:\\Users\\Muiz\\AppData\\Local\\Programs\\Python\\Python313\\Lib\\site-packages\\transformers\\models\\focalnet\\__init__.py', reloading
2025-10-23 02:13:54,149 - INFO -  * Detected change in 'C:\\Users\\Muiz\\AppData\\Local\\Programs\\Python\\Python313\\Lib\\site-packages\\transformers\\models\\focalnet\\configuration_focalnet.py', reloading
2025-10-23 02:13:54,149 - INFO -  * Detected change in 'C:\\Users\\Muiz\\AppData\\Local\\Programs\\Python\\Python313\\Lib\\site-packages\\transformers\\models\\focalnet\\configuration_focalnet.py', reloading
2025-10-23 02:13:54,186 - INFO -  * Detected change in 'C:\\Users\\Muiz\\AppData\\Local\\Programs\\Python\\Python313\\Lib\\site-packages\\transformers\\models\\focalnet\\modeling_focalnet.py', reloading
2025-10-23 02:13:54,187 - INFO -  * Detected change in 'C:\\Users\\Muiz\\AppData\\Local\\Programs\\Python\\Python313\\Lib\\site-packages\\transformers\\models\\focalnet\\modeling_focalnet.py', reloading
2025-10-23 02:13:54,221 - INFO -  * Detected change in 'C:\\Users\\Muiz\\AppData\\Local\\Programs\\Python\\Python313\\Lib\\site-packages\\transformers\\models\\fsmt\\__init__.py', reloading
2025-10-23 02:13:54,221 - INFO -  * Detected change in 'C:\\Users\\Muiz\\AppData\\Local\\Programs\\Python\\Python313\\Lib\\site-packages\\transformers\\models\\fsmt\\__init__.py', reloading
2025-10-23 02:13:54,251 - INFO -  * Detected change in 'C:\\Users\\Muiz\\AppData\\Local\\Programs\\Python\\Python313\\Lib\\site-packages\\transformers\\models\\fsmt\\configuration_fsmt.py', reloading
2025-10-23 02:13:54,252 - INFO -  * Detected change in 'C:\\Users\\Muiz\\AppData\\Local\\Programs\\Python\\Python313\\Lib\\site-packages\\transformers\\models\\fsmt\\configuration_fsmt.py', reloading
2025-10-23 02:13:54,280 - INFO -  * Detected change in 'C:\\Users\\Muiz\\AppData\\Local\\Programs\\Python\\Python313\\Lib\\site-packages\\transformers\\models\\fsmt\\modeling_fsmt.py', reloading
2025-10-23 02:13:54,281 - INFO -  * Detected change in 'C:\\Users\\Muiz\\AppData\\Local\\Programs\\Python\\Python313\\Lib\\site-packages\\transformers\\models\\fsmt\\modeling_fsmt.py', reloading
2025-10-23 02:13:54,317 - INFO -  * Detected change in 'C:\\Users\\Muiz\\AppData\\Local\\Programs\\Python\\Python313\\Lib\\site-packages\\transformers\\models\\fsmt\\tokenization_fsmt.py', reloading
2025-10-23 02:13:54,318 - INFO -  * Detected change in 'C:\\Users\\Muiz\\AppData\\Local\\Programs\\Python\\Python313\\Lib\\site-packages\\transformers\\models\\fsmt\\tokenization_fsmt.py', reloading
2025-10-23 02:13:54,349 - INFO -  * Detected change in 'C:\\Users\\Muiz\\AppData\\Local\\Programs\\Python\\Python313\\Lib\\site-packages\\transformers\\models\\funnel\\__init__.py', reloading
2025-10-23 02:13:54,384 - INFO -  * Detected change in 'C:\\Users\\Muiz\\AppData\\Local\\Programs\\Python\\Python313\\Lib\\site-packages\\transformers\\models\\funnel\\configuration_funnel.py', reloading
2025-10-23 02:13:54,412 - INFO -  * Detected change in 'C:\\Users\\Muiz\\AppData\\Local\\Programs\\Python\\Python313\\Lib\\site-packages\\transformers\\models\\funnel\\modeling_funnel.py', reloading
2025-10-23 02:13:54,455 - INFO -  * Detected change in 'C:\\Users\\Muiz\\AppData\\Local\\Programs\\Python\\Python313\\Lib\\site-packages\\transformers\\models\\funnel\\modeling_tf_funnel.py', reloading
2025-10-23 02:13:54,497 - INFO -  * Detected change in 'C:\\Users\\Muiz\\AppData\\Local\\Programs\\Python\\Python313\\Lib\\site-packages\\transformers\\models\\funnel\\tokenization_funnel.py', reloading
2025-10-23 02:13:54,830 - INFO -  * Restarting with watchdog (windowsapi)
2025-10-23 02:13:54,960 - INFO -  * Restarting with watchdog (windowsapi)
2025-10-23 02:13:55,003 - WARNING -  * Debugger is active!
2025-10-23 02:13:55,005 - INFO -  * Debugger PIN: 603-667-668
2025-10-23 02:13:55,022 - INFO -  * Detected change in 'C:\\Users\\Muiz\\AppData\\Local\\Programs\\Python\\Python313\\Lib\\site-packages\\transformers\\models\\gemma3\\processing_gemma3.py', reloading
2025-10-23 02:13:55,041 - INFO -  * Detected change in 'C:\\Users\\Muiz\\AppData\\Local\\Programs\\Python\\Python313\\Lib\\site-packages\\transformers\\models\\gemma3n\\__init__.py', reloading
2025-10-23 02:13:55,060 - INFO -  * Detected change in 'C:\\Users\\Muiz\\AppData\\Local\\Programs\\Python\\Python313\\Lib\\site-packages\\transformers\\models\\gemma3n\\configuration_gemma3n.py', reloading
2025-10-23 02:13:55,085 - INFO -  * Detected change in 'C:\\Users\\Muiz\\AppData\\Local\\Programs\\Python\\Python313\\Lib\\site-packages\\transformers\\models\\gemma3n\\feature_extraction_gemma3n.py', reloading
2025-10-23 02:13:55,103 - INFO -  * Detected change in 'C:\\Users\\Muiz\\AppData\\Local\\Programs\\Python\\Python313\\Lib\\site-packages\\transformers\\models\\gemma3n\\modeling_gemma3n.py', reloading
2025-10-23 02:13:55,137 - INFO -  * Detected change in 'C:\\Users\\Muiz\\AppData\\Local\\Programs\\Python\\Python313\\Lib\\site-packages\\transformers\\models\\gemma3n\\processing_gemma3n.py', reloading
2025-10-23 02:13:55,156 - INFO -  * Detected change in 'C:\\Users\\Muiz\\AppData\\Local\\Programs\\Python\\Python313\\Lib\\site-packages\\transformers\\models\\git\\__init__.py', reloading
2025-10-23 02:13:55,183 - INFO -  * Detected change in 'C:\\Users\\Muiz\\AppData\\Local\\Programs\\Python\\Python313\\Lib\\site-packages\\transformers\\models\\git\\configuration_git.py', reloading
2025-10-23 02:13:55,209 - INFO -  * Detected change in 'C:\\Users\\Muiz\\AppData\\Local\\Programs\\Python\\Python313\\Lib\\site-packages\\transformers\\models\\git\\modeling_git.py', reloading
2025-10-23 02:13:55,237 - INFO -  * Detected change in 'C:\\Users\\Muiz\\AppData\\Local\\Programs\\Python\\Python313\\Lib\\site-packages\\transformers\\models\\git\\processing_git.py', reloading
2025-10-23 02:13:55,255 - INFO -  * Detected change in 'C:\\Users\\Muiz\\AppData\\Local\\Programs\\Python\\Python313\\Lib\\site-packages\\transformers\\models\\glm\\__init__.py', reloading
2025-10-23 02:13:55,280 - INFO -  * Detected change in 'C:\\Users\\Muiz\\AppData\\Local\\Programs\\Python\\Python313\\Lib\\site-packages\\transformers\\models\\glm\\configuration_glm.py', reloading
2025-10-23 02:13:55,295 - INFO -  * Detected change in 'C:\\Users\\Muiz\\AppData\\Local\\Programs\\Python\\Python313\\Lib\\site-packages\\transformers\\models\\glm\\modeling_glm.py', reloading
2025-10-23 02:13:55,316 - INFO -  * Detected change in 'C:\\Users\\Muiz\\AppData\\Local\\Programs\\Python\\Python313\\Lib\\site-packages\\transformers\\models\\glm4\\__init__.py', reloading
2025-10-23 02:13:55,340 - INFO -  * Detected change in 'C:\\Users\\Muiz\\AppData\\Local\\Programs\\Python\\Python313\\Lib\\site-packages\\transformers\\models\\glm4\\configuration_glm4.py', reloading
2025-10-23 02:13:55,359 - INFO -  * Detected change in 'C:\\Users\\Muiz\\AppData\\Local\\Programs\\Python\\Python313\\Lib\\site-packages\\transformers\\models\\glm4\\modeling_glm4.py', reloading
2025-10-23 02:13:55,434 - INFO -  * Detected change in 'C:\\Users\\Muiz\\AppData\\Local\\Programs\\Python\\Python313\\Lib\\site-packages\\transformers\\models\\glpn\\__init__.py', reloading
2025-10-23 02:13:55,462 - INFO -  * Detected change in 'C:\\Users\\Muiz\\AppData\\Local\\Programs\\Python\\Python313\\Lib\\site-packages\\transformers\\models\\glpn\\configuration_glpn.py', reloading
2025-10-23 02:13:55,496 - INFO -  * Detected change in 'C:\\Users\\Muiz\\AppData\\Local\\Programs\\Python\\Python313\\Lib\\site-packages\\transformers\\models\\glpn\\feature_extraction_glpn.py', reloading
2025-10-23 02:13:55,541 - INFO -  * Detected change in 'C:\\Users\\Muiz\\AppData\\Local\\Programs\\Python\\Python313\\Lib\\site-packages\\transformers\\models\\glpn\\image_processing_glpn.py', reloading
2025-10-23 02:13:55,598 - INFO -  * Detected change in 'C:\\Users\\Muiz\\AppData\\Local\\Programs\\Python\\Python313\\Lib\\site-packages\\transformers\\models\\glpn\\modeling_glpn.py', reloading
2025-10-23 02:13:55,619 - INFO -  * Detected change in 'C:\\Users\\Muiz\\AppData\\Local\\Programs\\Python\\Python313\\Lib\\site-packages\\transformers\\models\\got_ocr2\\__init__.py', reloading
2025-10-23 02:13:55,636 - INFO -  * Detected change in 'C:\\Users\\Muiz\\AppData\\Local\\Programs\\Python\\Python313\\Lib\\site-packages\\transformers\\models\\got_ocr2\\configuration_got_ocr2.py', reloading
2025-10-23 02:13:55,660 - INFO -  * Detected change in 'C:\\Users\\Muiz\\AppData\\Local\\Programs\\Python\\Python313\\Lib\\site-packages\\transformers\\models\\got_ocr2\\image_processing_got_ocr2.py', reloading
2025-10-23 02:13:55,684 - INFO -  * Detected change in 'C:\\Users\\Muiz\\AppData\\Local\\Programs\\Python\\Python313\\Lib\\site-packages\\transformers\\models\\got_ocr2\\image_processing_got_ocr2_fast.py', reloading
2025-10-23 02:13:55,702 - INFO -  * Detected change in 'C:\\Users\\Muiz\\AppData\\Local\\Programs\\Python\\Python313\\Lib\\site-packages\\transformers\\models\\got_ocr2\\modeling_got_ocr2.py', reloading
2025-10-23 02:13:55,731 - INFO -  * Detected change in 'C:\\Users\\Muiz\\AppData\\Local\\Programs\\Python\\Python313\\Lib\\site-packages\\transformers\\models\\got_ocr2\\processing_got_ocr2.py', reloading
2025-10-23 02:13:55,752 - INFO -  * Detected change in 'C:\\Users\\Muiz\\AppData\\Local\\Programs\\Python\\Python313\\Lib\\site-packages\\transformers\\models\\gpt2\\__init__.py', reloading
2025-10-23 02:13:55,777 - INFO -  * Detected change in 'C:\\Users\\Muiz\\AppData\\Local\\Programs\\Python\\Python313\\Lib\\site-packages\\transformers\\models\\gpt2\\configuration_gpt2.py', reloading
2025-10-23 02:13:55,805 - INFO -  * Detected change in 'C:\\Users\\Muiz\\AppData\\Local\\Programs\\Python\\Python313\\Lib\\site-packages\\transformers\\models\\gpt2\\modeling_flax_gpt2.py', reloading
2025-10-23 02:13:55,842 - INFO -  * Detected change in 'C:\\Users\\Muiz\\AppData\\Local\\Programs\\Python\\Python313\\Lib\\site-packages\\transformers\\models\\gpt2\\modeling_gpt2.py', reloading
2025-10-23 02:13:55,916 - INFO -  * Detected change in 'C:\\Users\\Muiz\\AppData\\Local\\Programs\\Python\\Python313\\Lib\\site-packages\\transformers\\models\\gpt2\\modeling_tf_gpt2.py', reloading
2025-10-23 02:13:55,984 - INFO -  * Detected change in 'C:\\Users\\Muiz\\AppData\\Local\\Programs\\Python\\Python313\\Lib\\site-packages\\transformers\\models\\gpt2\\tokenization_gpt2.py', reloading
2025-10-23 02:13:56,007 - INFO -  * Detected change in 'C:\\Users\\Muiz\\AppData\\Local\\Programs\\Python\\Python313\\Lib\\site-packages\\transformers\\models\\gpt2\\tokenization_gpt2_fast.py', reloading
2025-10-23 02:13:56,835 - INFO - Model and TF-IDF vectorizer loaded successfully.
2025-10-23 02:13:56,894 - INFO - Model and TF-IDF vectorizer loaded successfully.
2025-10-23 02:13:57,231 - WARNING -  * Debugger is active!
2025-10-23 02:13:57,235 - INFO -  * Debugger PIN: 603-667-668
2025-10-23 02:13:57,279 - INFO -  * Detected change in 'C:\\Users\\Muiz\\AppData\\Local\\Programs\\Python\\Python313\\Lib\\site-packages\\transformers\\models\\granite_speech\\modeling_granite_speech.py', reloading
2025-10-23 02:13:57,314 - WARNING -  * Debugger is active!
2025-10-23 02:13:57,324 - INFO -  * Debugger PIN: 603-667-668
2025-10-23 02:13:57,405 - INFO -  * Detected change in 'C:\\Users\\Muiz\\AppData\\Local\\Programs\\Python\\Python313\\Lib\\site-packages\\transformers\\models\\granitemoe\\__init__.py', reloading
2025-10-23 02:13:57,607 - INFO -  * Restarting with watchdog (windowsapi)
2025-10-23 02:13:57,746 - INFO -  * Restarting with watchdog (windowsapi)
2025-10-23 02:13:58,789 - INFO - Model and TF-IDF vectorizer loaded successfully.
2025-10-23 02:13:59,311 - WARNING -  * Debugger is active!
2025-10-23 02:13:59,318 - INFO -  * Debugger PIN: 603-667-668
2025-10-23 02:13:59,376 - INFO -  * Detected change in 'C:\\Users\\Muiz\\AppData\\Local\\Programs\\Python\\Python313\\Lib\\site-packages\\transformers\\models\\hiera\\modeling_hiera.py', reloading
2025-10-23 02:13:59,401 - INFO -  * Detected change in 'C:\\Users\\Muiz\\AppData\\Local\\Programs\\Python\\Python313\\Lib\\site-packages\\transformers\\models\\hubert\\__init__.py', reloading
2025-10-23 02:13:59,425 - INFO -  * Detected change in 'C:\\Users\\Muiz\\AppData\\Local\\Programs\\Python\\Python313\\Lib\\site-packages\\transformers\\models\\hubert\\configuration_hubert.py', reloading
2025-10-23 02:13:59,448 - INFO -  * Detected change in 'C:\\Users\\Muiz\\AppData\\Local\\Programs\\Python\\Python313\\Lib\\site-packages\\transformers\\models\\hubert\\modeling_hubert.py', reloading
2025-10-23 02:13:59,487 - INFO -  * Detected change in 'C:\\Users\\Muiz\\AppData\\Local\\Programs\\Python\\Python313\\Lib\\site-packages\\transformers\\models\\hubert\\modeling_tf_hubert.py', reloading
2025-10-23 02:13:59,511 - INFO -  * Detected change in 'C:\\Users\\Muiz\\AppData\\Local\\Programs\\Python\\Python313\\Lib\\site-packages\\transformers\\models\\hunyuan_v1_dense\\__init__.py', reloading
2025-10-23 02:13:59,540 - INFO -  * Detected change in 'C:\\Users\\Muiz\\AppData\\Local\\Programs\\Python\\Python313\\Lib\\site-packages\\transformers\\models\\hunyuan_v1_dense\\configuration_hunyuan_v1_dense.py', reloading
2025-10-23 02:13:59,563 - INFO -  * Detected change in 'C:\\Users\\Muiz\\AppData\\Local\\Programs\\Python\\Python313\\Lib\\site-packages\\transformers\\models\\hunyuan_v1_dense\\modeling_hunyuan_v1_dense.py', reloading
2025-10-23 02:13:59,585 - INFO -  * Detected change in 'C:\\Users\\Muiz\\AppData\\Local\\Programs\\Python\\Python313\\Lib\\site-packages\\transformers\\models\\hunyuan_v1_moe\\__init__.py', reloading
2025-10-23 02:13:59,611 - INFO -  * Detected change in 'C:\\Users\\Muiz\\AppData\\Local\\Programs\\Python\\Python313\\Lib\\site-packages\\transformers\\models\\hunyuan_v1_moe\\configuration_hunyuan_v1_moe.py', reloading
2025-10-23 02:13:59,629 - INFO -  * Detected change in 'C:\\Users\\Muiz\\AppData\\Local\\Programs\\Python\\Python313\\Lib\\site-packages\\transformers\\models\\ibert\\__init__.py', reloading
2025-10-23 02:13:59,654 - INFO -  * Detected change in 'C:\\Users\\Muiz\\AppData\\Local\\Programs\\Python\\Python313\\Lib\\site-packages\\transformers\\models\\ibert\\configuration_ibert.py', reloading
2025-10-23 02:13:59,678 - INFO -  * Detected change in 'C:\\Users\\Muiz\\AppData\\Local\\Programs\\Python\\Python313\\Lib\\site-packages\\transformers\\models\\ibert\\modeling_ibert.py', reloading
2025-10-23 02:13:59,702 - INFO -  * Detected change in 'C:\\Users\\Muiz\\AppData\\Local\\Programs\\Python\\Python313\\Lib\\site-packages\\transformers\\models\\idefics\\__init__.py', reloading
2025-10-23 02:13:59,724 - INFO -  * Detected change in 'C:\\Users\\Muiz\\AppData\\Local\\Programs\\Python\\Python313\\Lib\\site-packages\\transformers\\models\\idefics\\configuration_idefics.py', reloading
2025-10-23 02:13:59,748 - INFO -  * Detected change in 'C:\\Users\\Muiz\\AppData\\Local\\Programs\\Python\\Python313\\Lib\\site-packages\\transformers\\models\\idefics\\image_processing_idefics.py', reloading
2025-10-23 02:13:59,778 - INFO -  * Detected change in 'C:\\Users\\Muiz\\AppData\\Local\\Programs\\Python\\Python313\\Lib\\site-packages\\transformers\\models\\idefics\\modeling_idefics.py', reloading
2025-10-23 02:13:59,806 - INFO - Model and TF-IDF vectorizer loaded successfully.
2025-10-23 02:13:59,807 - INFO - Model and TF-IDF vectorizer loaded successfully.
2025-10-23 02:13:59,826 - INFO -  * Detected change in 'C:\\Users\\Muiz\\AppData\\Local\\Programs\\Python\\Python313\\Lib\\site-packages\\transformers\\models\\idefics\\modeling_tf_idefics.py', reloading
2025-10-23 02:13:59,892 - INFO -  * Detected change in 'C:\\Users\\Muiz\\AppData\\Local\\Programs\\Python\\Python313\\Lib\\site-packages\\transformers\\models\\idefics\\processing_idefics.py', reloading
2025-10-23 02:13:59,908 - INFO -  * Detected change in 'C:\\Users\\Muiz\\AppData\\Local\\Programs\\Python\\Python313\\Lib\\site-packages\\transformers\\models\\idefics2\\__init__.py', reloading
2025-10-23 02:13:59,943 - INFO -  * Detected change in 'C:\\Users\\Muiz\\AppData\\Local\\Programs\\Python\\Python313\\Lib\\site-packages\\transformers\\models\\idefics2\\configuration_idefics2.py', reloading
2025-10-23 02:13:59,980 - INFO -  * Detected change in 'C:\\Users\\Muiz\\AppData\\Local\\Programs\\Python\\Python313\\Lib\\site-packages\\transformers\\models\\idefics2\\image_processing_idefics2.py', reloading
2025-10-23 02:14:00,044 - INFO -  * Detected change in 'C:\\Users\\Muiz\\AppData\\Local\\Programs\\Python\\Python313\\Lib\\site-packages\\transformers\\models\\idefics2\\image_processing_idefics2_fast.py', reloading
2025-10-23 02:14:00,099 - INFO -  * Detected change in 'C:\\Users\\Muiz\\AppData\\Local\\Programs\\Python\\Python313\\Lib\\site-packages\\transformers\\models\\idefics2\\modeling_idefics2.py', reloading
2025-10-23 02:14:00,107 - WARNING -  * Debugger is active!
2025-10-23 02:14:00,108 - INFO -  * Debugger PIN: 603-667-668
2025-10-23 02:14:00,137 - INFO -  * Detected change in 'C:\\Users\\Muiz\\AppData\\Local\\Programs\\Python\\Python313\\Lib\\site-packages\\transformers\\models\\idefics2\\processing_idefics2.py', reloading
2025-10-23 02:14:00,137 - INFO -  * Detected change in 'C:\\Users\\Muiz\\AppData\\Local\\Programs\\Python\\Python313\\Lib\\site-packages\\transformers\\models\\idefics2\\processing_idefics2.py', reloading
2025-10-23 02:14:00,153 - WARNING -  * Debugger is active!
2025-10-23 02:14:00,159 - INFO -  * Debugger PIN: 603-667-668
2025-10-23 02:14:00,187 - INFO -  * Detected change in 'C:\\Users\\Muiz\\AppData\\Local\\Programs\\Python\\Python313\\Lib\\site-packages\\transformers\\models\\idefics3\\__init__.py', reloading
2025-10-23 02:14:00,188 - INFO -  * Detected change in 'C:\\Users\\Muiz\\AppData\\Local\\Programs\\Python\\Python313\\Lib\\site-packages\\transformers\\models\\idefics3\\__init__.py', reloading
2025-10-23 02:14:00,188 - INFO -  * Detected change in 'C:\\Users\\Muiz\\AppData\\Local\\Programs\\Python\\Python313\\Lib\\site-packages\\transformers\\models\\idefics3\\__init__.py', reloading
2025-10-23 02:14:00,242 - INFO -  * Detected change in 'C:\\Users\\Muiz\\AppData\\Local\\Programs\\Python\\Python313\\Lib\\site-packages\\transformers\\models\\idefics3\\configuration_idefics3.py', reloading
2025-10-23 02:14:00,242 - INFO -  * Detected change in 'C:\\Users\\Muiz\\AppData\\Local\\Programs\\Python\\Python313\\Lib\\site-packages\\transformers\\models\\idefics3\\configuration_idefics3.py', reloading
2025-10-23 02:14:00,280 - INFO -  * Detected change in 'C:\\Users\\Muiz\\AppData\\Local\\Programs\\Python\\Python313\\Lib\\site-packages\\transformers\\models\\idefics3\\image_processing_idefics3.py', reloading
2025-10-23 02:14:00,280 - INFO -  * Detected change in 'C:\\Users\\Muiz\\AppData\\Local\\Programs\\Python\\Python313\\Lib\\site-packages\\transformers\\models\\idefics3\\image_processing_idefics3.py', reloading
2025-10-23 02:14:00,309 - INFO -  * Detected change in 'C:\\Users\\Muiz\\AppData\\Local\\Programs\\Python\\Python313\\Lib\\site-packages\\transformers\\models\\idefics3\\image_processing_idefics3_fast.py', reloading
2025-10-23 02:14:00,341 - INFO -  * Detected change in 'C:\\Users\\Muiz\\AppData\\Local\\Programs\\Python\\Python313\\Lib\\site-packages\\transformers\\models\\idefics3\\modeling_idefics3.py', reloading
2025-10-23 02:14:00,378 - INFO -  * Detected change in 'C:\\Users\\Muiz\\AppData\\Local\\Programs\\Python\\Python313\\Lib\\site-packages\\transformers\\models\\idefics3\\processing_idefics3.py', reloading
2025-10-23 02:14:00,401 - INFO -  * Detected change in 'C:\\Users\\Muiz\\AppData\\Local\\Programs\\Python\\Python313\\Lib\\site-packages\\transformers\\models\\ijepa\\__init__.py', reloading
2025-10-23 02:14:00,459 - INFO -  * Detected change in 'C:\\Users\\Muiz\\AppData\\Local\\Programs\\Python\\Python313\\Lib\\site-packages\\transformers\\models\\ijepa\\configuration_ijepa.py', reloading
2025-10-23 02:14:00,464 - INFO -  * Restarting with watchdog (windowsapi)
2025-10-23 02:14:00,531 - INFO -  * Detected change in 'C:\\Users\\Muiz\\AppData\\Local\\Programs\\Python\\Python313\\Lib\\site-packages\\transformers\\models\\ijepa\\modeling_ijepa.py', reloading
2025-10-23 02:14:00,685 - INFO -  * Detected change in 'C:\\Users\\Muiz\\AppData\\Local\\Programs\\Python\\Python313\\Lib\\site-packages\\transformers\\models\\imagegpt\\__init__.py', reloading
2025-10-23 02:14:00,741 - INFO -  * Detected change in 'C:\\Users\\Muiz\\AppData\\Local\\Programs\\Python\\Python313\\Lib\\site-packages\\transformers\\models\\imagegpt\\configuration_imagegpt.py', reloading
2025-10-23 02:14:00,772 - INFO -  * Detected change in 'C:\\Users\\Muiz\\AppData\\Local\\Programs\\Python\\Python313\\Lib\\site-packages\\transformers\\models\\imagegpt\\feature_extraction_imagegpt.py', reloading
2025-10-23 02:14:00,795 - INFO -  * Detected change in 'C:\\Users\\Muiz\\AppData\\Local\\Programs\\Python\\Python313\\Lib\\site-packages\\transformers\\models\\imagegpt\\image_processing_imagegpt.py', reloading
2025-10-23 02:14:00,826 - INFO -  * Detected change in 'C:\\Users\\Muiz\\AppData\\Local\\Programs\\Python\\Python313\\Lib\\site-packages\\transformers\\models\\imagegpt\\image_processing_imagegpt_fast.py', reloading
2025-10-23 02:14:00,856 - INFO -  * Detected change in 'C:\\Users\\Muiz\\AppData\\Local\\Programs\\Python\\Python313\\Lib\\site-packages\\transformers\\models\\imagegpt\\modeling_imagegpt.py', reloading
2025-10-23 02:14:00,879 - INFO -  * Detected change in 'C:\\Users\\Muiz\\AppData\\Local\\Programs\\Python\\Python313\\Lib\\site-packages\\transformers\\models\\informer\\__init__.py', reloading
2025-10-23 02:14:00,901 - INFO -  * Detected change in 'C:\\Users\\Muiz\\AppData\\Local\\Programs\\Python\\Python313\\Lib\\site-packages\\transformers\\models\\informer\\configuration_informer.py', reloading
2025-10-23 02:14:00,919 - INFO -  * Detected change in 'C:\\Users\\Muiz\\AppData\\Local\\Programs\\Python\\Python313\\Lib\\site-packages\\transformers\\models\\informer\\modeling_informer.py', reloading
2025-10-23 02:14:00,950 - INFO -  * Detected change in 'C:\\Users\\Muiz\\AppData\\Local\\Programs\\Python\\Python313\\Lib\\site-packages\\transformers\\models\\instructblip\\__init__.py', reloading
2025-10-23 02:14:00,974 - INFO -  * Detected change in 'C:\\Users\\Muiz\\AppData\\Local\\Programs\\Python\\Python313\\Lib\\site-packages\\transformers\\models\\instructblip\\configuration_instructblip.py', reloading
2025-10-23 02:14:01,000 - INFO -  * Detected change in 'C:\\Users\\Muiz\\AppData\\Local\\Programs\\Python\\Python313\\Lib\\site-packages\\transformers\\models\\instructblip\\modeling_instructblip.py', reloading
2025-10-23 02:14:01,033 - INFO -  * Detected change in 'C:\\Users\\Muiz\\AppData\\Local\\Programs\\Python\\Python313\\Lib\\site-packages\\transformers\\models\\instructblip\\processing_instructblip.py', reloading
2025-10-23 02:14:01,054 - INFO -  * Detected change in 'C:\\Users\\Muiz\\AppData\\Local\\Programs\\Python\\Python313\\Lib\\site-packages\\transformers\\models\\instructblipvideo\\__init__.py', reloading
2025-10-23 02:14:01,072 - INFO -  * Detected change in 'C:\\Users\\Muiz\\AppData\\Local\\Programs\\Python\\Python313\\Lib\\site-packages\\transformers\\models\\instructblipvideo\\configuration_instructblipvideo.py', reloading
2025-10-23 02:14:01,096 - INFO -  * Detected change in 'C:\\Users\\Muiz\\AppData\\Local\\Programs\\Python\\Python313\\Lib\\site-packages\\transformers\\models\\instructblipvideo\\image_processing_instructblipvideo.py', reloading
2025-10-23 02:14:01,113 - INFO -  * Detected change in 'C:\\Users\\Muiz\\AppData\\Local\\Programs\\Python\\Python313\\Lib\\site-packages\\transformers\\models\\instructblipvideo\\modeling_instructblipvideo.py', reloading
2025-10-23 02:14:01,419 - INFO -  * Restarting with watchdog (windowsapi)
2025-10-23 02:14:02,644 - INFO - Model and TF-IDF vectorizer loaded successfully.
2025-10-23 02:14:02,761 - INFO - Model and TF-IDF vectorizer loaded successfully.
2025-10-23 02:14:03,002 - WARNING -  * Debugger is active!
2025-10-23 02:14:03,021 - INFO -  * Debugger PIN: 603-667-668
2025-10-23 02:14:03,044 - WARNING -  * Debugger is active!
2025-10-23 02:14:03,056 - INFO -  * Debugger PIN: 603-667-668
2025-10-23 02:14:03,262 - INFO -  * Detected change in 'C:\\Users\\Muiz\\AppData\\Local\\Programs\\Python\\Python313\\Lib\\site-packages\\transformers\\models\\layoutlmv2\\tokenization_layoutlmv2.py', reloading
2025-10-23 02:14:03,262 - INFO -  * Detected change in 'C:\\Users\\Muiz\\AppData\\Local\\Programs\\Python\\Python313\\Lib\\site-packages\\transformers\\models\\layoutlmv2\\tokenization_layoutlmv2.py', reloading
2025-10-23 02:14:03,477 - INFO - Model and TF-IDF vectorizer loaded successfully.
2025-10-23 02:14:03,479 - INFO -  * Detected change in 'C:\\Users\\Muiz\\AppData\\Local\\Programs\\Python\\Python313\\Lib\\site-packages\\transformers\\models\\layoutlmv2\\tokenization_layoutlmv2_fast.py', reloading
2025-10-23 02:14:03,479 - INFO -  * Detected change in 'C:\\Users\\Muiz\\AppData\\Local\\Programs\\Python\\Python313\\Lib\\site-packages\\transformers\\models\\layoutlmv2\\tokenization_layoutlmv2_fast.py', reloading
2025-10-23 02:14:03,549 - INFO -  * Detected change in 'C:\\Users\\Muiz\\AppData\\Local\\Programs\\Python\\Python313\\Lib\\site-packages\\transformers\\models\\layoutlmv3\\__init__.py', reloading
2025-10-23 02:14:03,571 - INFO -  * Detected change in 'C:\\Users\\Muiz\\AppData\\Local\\Programs\\Python\\Python313\\Lib\\site-packages\\transformers\\models\\layoutlmv3\\configuration_layoutlmv3.py', reloading
2025-10-23 02:14:03,571 - INFO -  * Detected change in 'C:\\Users\\Muiz\\AppData\\Local\\Programs\\Python\\Python313\\Lib\\site-packages\\transformers\\models\\layoutlmv3\\configuration_layoutlmv3.py', reloading
2025-10-23 02:14:03,606 - INFO -  * Detected change in 'C:\\Users\\Muiz\\AppData\\Local\\Programs\\Python\\Python313\\Lib\\site-packages\\transformers\\models\\layoutlmv3\\feature_extraction_layoutlmv3.py', reloading
2025-10-23 02:14:03,606 - INFO -  * Detected change in 'C:\\Users\\Muiz\\AppData\\Local\\Programs\\Python\\Python313\\Lib\\site-packages\\transformers\\models\\layoutlmv3\\feature_extraction_layoutlmv3.py', reloading
2025-10-23 02:14:03,649 - INFO -  * Detected change in 'C:\\Users\\Muiz\\AppData\\Local\\Programs\\Python\\Python313\\Lib\\site-packages\\transformers\\models\\layoutlmv3\\image_processing_layoutlmv3.py', reloading
2025-10-23 02:14:03,649 - INFO -  * Detected change in 'C:\\Users\\Muiz\\AppData\\Local\\Programs\\Python\\Python313\\Lib\\site-packages\\transformers\\models\\layoutlmv3\\image_processing_layoutlmv3.py', reloading
2025-10-23 02:14:03,717 - INFO -  * Detected change in 'C:\\Users\\Muiz\\AppData\\Local\\Programs\\Python\\Python313\\Lib\\site-packages\\transformers\\models\\layoutlmv3\\image_processing_layoutlmv3_fast.py', reloading
2025-10-23 02:14:03,717 - INFO -  * Detected change in 'C:\\Users\\Muiz\\AppData\\Local\\Programs\\Python\\Python313\\Lib\\site-packages\\transformers\\models\\layoutlmv3\\image_processing_layoutlmv3_fast.py', reloading
2025-10-23 02:14:03,776 - INFO -  * Detected change in 'C:\\Users\\Muiz\\AppData\\Local\\Programs\\Python\\Python313\\Lib\\site-packages\\transformers\\models\\layoutlmv3\\modeling_layoutlmv3.py', reloading
2025-10-23 02:14:03,820 - INFO -  * Detected change in 'C:\\Users\\Muiz\\AppData\\Local\\Programs\\Python\\Python313\\Lib\\site-packages\\transformers\\models\\layoutlmv3\\modeling_tf_layoutlmv3.py', reloading
2025-10-23 02:14:03,820 - INFO -  * Detected change in 'C:\\Users\\Muiz\\AppData\\Local\\Programs\\Python\\Python313\\Lib\\site-packages\\transformers\\models\\layoutlmv3\\modeling_tf_layoutlmv3.py', reloading
2025-10-23 02:14:03,845 - WARNING -  * Debugger is active!
2025-10-23 02:14:03,847 - INFO -  * Debugger PIN: 603-667-668
2025-10-23 02:14:03,857 - INFO -  * Detected change in 'C:\\Users\\Muiz\\AppData\\Local\\Programs\\Python\\Python313\\Lib\\site-packages\\transformers\\models\\layoutlmv3\\processing_layoutlmv3.py', reloading
2025-10-23 02:14:03,857 - INFO -  * Detected change in 'C:\\Users\\Muiz\\AppData\\Local\\Programs\\Python\\Python313\\Lib\\site-packages\\transformers\\models\\layoutlmv3\\processing_layoutlmv3.py', reloading
2025-10-23 02:14:03,890 - INFO -  * Detected change in 'C:\\Users\\Muiz\\AppData\\Local\\Programs\\Python\\Python313\\Lib\\site-packages\\transformers\\models\\layoutlmv3\\tokenization_layoutlmv3.py', reloading
2025-10-23 02:14:03,890 - INFO -  * Detected change in 'C:\\Users\\Muiz\\AppData\\Local\\Programs\\Python\\Python313\\Lib\\site-packages\\transformers\\models\\layoutlmv3\\tokenization_layoutlmv3.py', reloading
2025-10-23 02:14:03,927 - INFO -  * Detected change in 'C:\\Users\\Muiz\\AppData\\Local\\Programs\\Python\\Python313\\Lib\\site-packages\\transformers\\models\\layoutlmv3\\tokenization_layoutlmv3_fast.py', reloading
2025-10-23 02:14:03,927 - INFO -  * Detected change in 'C:\\Users\\Muiz\\AppData\\Local\\Programs\\Python\\Python313\\Lib\\site-packages\\transformers\\models\\layoutlmv3\\tokenization_layoutlmv3_fast.py', reloading
2025-10-23 02:14:03,927 - INFO -  * Detected change in 'C:\\Users\\Muiz\\AppData\\Local\\Programs\\Python\\Python313\\Lib\\site-packages\\transformers\\models\\layoutlmv3\\tokenization_layoutlmv3_fast.py', reloading
2025-10-23 02:14:03,959 - INFO -  * Detected change in 'C:\\Users\\Muiz\\AppData\\Local\\Programs\\Python\\Python313\\Lib\\site-packages\\transformers\\models\\layoutxlm\\__init__.py', reloading
2025-10-23 02:14:03,959 - INFO -  * Detected change in 'C:\\Users\\Muiz\\AppData\\Local\\Programs\\Python\\Python313\\Lib\\site-packages\\transformers\\models\\layoutxlm\\__init__.py', reloading
2025-10-23 02:14:03,992 - INFO -  * Detected change in 'C:\\Users\\Muiz\\AppData\\Local\\Programs\\Python\\Python313\\Lib\\site-packages\\transformers\\models\\layoutxlm\\processing_layoutxlm.py', reloading
2025-10-23 02:14:03,992 - INFO -  * Detected change in 'C:\\Users\\Muiz\\AppData\\Local\\Programs\\Python\\Python313\\Lib\\site-packages\\transformers\\models\\layoutxlm\\processing_layoutxlm.py', reloading
2025-10-23 02:14:03,993 - INFO -  * Detected change in 'C:\\Users\\Muiz\\AppData\\Local\\Programs\\Python\\Python313\\Lib\\site-packages\\transformers\\models\\layoutxlm\\processing_layoutxlm.py', reloading
2025-10-23 02:14:04,026 - INFO -  * Detected change in 'C:\\Users\\Muiz\\AppData\\Local\\Programs\\Python\\Python313\\Lib\\site-packages\\transformers\\models\\layoutxlm\\tokenization_layoutxlm.py', reloading
2025-10-23 02:14:04,026 - INFO -  * Detected change in 'C:\\Users\\Muiz\\AppData\\Local\\Programs\\Python\\Python313\\Lib\\site-packages\\transformers\\models\\layoutxlm\\tokenization_layoutxlm.py', reloading
2025-10-23 02:14:04,064 - INFO -  * Detected change in 'C:\\Users\\Muiz\\AppData\\Local\\Programs\\Python\\Python313\\Lib\\site-packages\\transformers\\models\\layoutxlm\\tokenization_layoutxlm_fast.py', reloading
2025-10-23 02:14:04,064 - INFO -  * Detected change in 'C:\\Users\\Muiz\\AppData\\Local\\Programs\\Python\\Python313\\Lib\\site-packages\\transformers\\models\\layoutxlm\\tokenization_layoutxlm_fast.py', reloading
2025-10-23 02:14:04,088 - INFO -  * Detected change in 'C:\\Users\\Muiz\\AppData\\Local\\Programs\\Python\\Python313\\Lib\\site-packages\\transformers\\models\\led\\__init__.py', reloading
2025-10-23 02:14:04,126 - INFO -  * Detected change in 'C:\\Users\\Muiz\\AppData\\Local\\Programs\\Python\\Python313\\Lib\\site-packages\\transformers\\models\\led\\configuration_led.py', reloading
2025-10-23 02:14:04,169 - INFO -  * Detected change in 'C:\\Users\\Muiz\\AppData\\Local\\Programs\\Python\\Python313\\Lib\\site-packages\\transformers\\models\\led\\modeling_led.py', reloading
2025-10-23 02:14:04,223 - INFO -  * Detected change in 'C:\\Users\\Muiz\\AppData\\Local\\Programs\\Python\\Python313\\Lib\\site-packages\\transformers\\models\\led\\modeling_tf_led.py', reloading
2025-10-23 02:14:04,269 - INFO -  * Detected change in 'C:\\Users\\Muiz\\AppData\\Local\\Programs\\Python\\Python313\\Lib\\site-packages\\transformers\\models\\led\\tokenization_led.py', reloading
2025-10-23 02:14:04,305 - INFO -  * Detected change in 'C:\\Users\\Muiz\\AppData\\Local\\Programs\\Python\\Python313\\Lib\\site-packages\\transformers\\models\\led\\tokenization_led_fast.py', reloading
2025-10-23 02:14:04,335 - INFO -  * Detected change in 'C:\\Users\\Muiz\\AppData\\Local\\Programs\\Python\\Python313\\Lib\\site-packages\\transformers\\models\\levit\\__init__.py', reloading
2025-10-23 02:14:04,362 - INFO -  * Detected change in 'C:\\Users\\Muiz\\AppData\\Local\\Programs\\Python\\Python313\\Lib\\site-packages\\transformers\\models\\levit\\configuration_levit.py', reloading
2025-10-23 02:14:04,385 - INFO -  * Detected change in 'C:\\Users\\Muiz\\AppData\\Local\\Programs\\Python\\Python313\\Lib\\site-packages\\transformers\\models\\levit\\feature_extraction_levit.py', reloading
2025-10-23 02:14:04,409 - INFO -  * Detected change in 'C:\\Users\\Muiz\\AppData\\Local\\Programs\\Python\\Python313\\Lib\\site-packages\\transformers\\models\\levit\\image_processing_levit.py', reloading
2025-10-23 02:14:04,438 - INFO -  * Detected change in 'C:\\Users\\Muiz\\AppData\\Local\\Programs\\Python\\Python313\\Lib\\site-packages\\transformers\\models\\levit\\image_processing_levit_fast.py', reloading
2025-10-23 02:14:04,439 - INFO -  * Restarting with watchdog (windowsapi)
2025-10-23 02:14:04,508 - INFO -  * Detected change in 'C:\\Users\\Muiz\\AppData\\Local\\Programs\\Python\\Python313\\Lib\\site-packages\\transformers\\models\\levit\\modeling_levit.py', reloading
2025-10-23 02:14:04,676 - INFO -  * Detected change in 'C:\\Users\\Muiz\\AppData\\Local\\Programs\\Python\\Python313\\Lib\\site-packages\\transformers\\models\\lfm2\\__init__.py', reloading
2025-10-23 02:14:04,740 - INFO -  * Detected change in 'C:\\Users\\Muiz\\AppData\\Local\\Programs\\Python\\Python313\\Lib\\site-packages\\transformers\\models\\lfm2\\configuration_lfm2.py', reloading
2025-10-23 02:14:04,761 - INFO -  * Detected change in 'C:\\Users\\Muiz\\AppData\\Local\\Programs\\Python\\Python313\\Lib\\site-packages\\transformers\\models\\lfm2\\modeling_lfm2.py', reloading
2025-10-23 02:14:04,789 - INFO -  * Detected change in 'C:\\Users\\Muiz\\AppData\\Local\\Programs\\Python\\Python313\\Lib\\site-packages\\transformers\\models\\lfm2_vl\\__init__.py', reloading
2025-10-23 02:14:04,815 - INFO -  * Detected change in 'C:\\Users\\Muiz\\AppData\\Local\\Programs\\Python\\Python313\\Lib\\site-packages\\transformers\\models\\lfm2_vl\\configuration_lfm2_vl.py', reloading
2025-10-23 02:14:04,839 - INFO -  * Detected change in 'C:\\Users\\Muiz\\AppData\\Local\\Programs\\Python\\Python313\\Lib\\site-packages\\transformers\\models\\lfm2_vl\\image_processing_lfm2_vl_fast.py', reloading
2025-10-23 02:14:04,858 - INFO -  * Detected change in 'C:\\Users\\Muiz\\AppData\\Local\\Programs\\Python\\Python313\\Lib\\site-packages\\transformers\\models\\lfm2_vl\\modeling_lfm2_vl.py', reloading
2025-10-23 02:14:05,151 - INFO -  * Restarting with watchdog (windowsapi)
2025-10-23 02:14:06,547 - INFO - Model and TF-IDF vectorizer loaded successfully.
2025-10-23 02:14:06,553 - INFO - Model and TF-IDF vectorizer loaded successfully.
2025-10-23 02:14:06,886 - WARNING -  * Debugger is active!
2025-10-23 02:14:06,886 - WARNING -  * Debugger is active!
2025-10-23 02:14:06,888 - INFO -  * Debugger PIN: 603-667-668
2025-10-23 02:14:06,888 - INFO -  * Debugger PIN: 603-667-668
2025-10-23 02:14:06,910 - INFO -  * Detected change in 'C:\\Users\\Muiz\\AppData\\Local\\Programs\\Python\\Python313\\Lib\\site-packages\\transformers\\models\\lxmert\\modeling_tf_lxmert.py', reloading
2025-10-23 02:14:06,910 - INFO -  * Detected change in 'C:\\Users\\Muiz\\AppData\\Local\\Programs\\Python\\Python313\\Lib\\site-packages\\transformers\\models\\lxmert\\modeling_tf_lxmert.py', reloading
2025-10-23 02:14:06,941 - INFO -  * Detected change in 'C:\\Users\\Muiz\\AppData\\Local\\Programs\\Python\\Python313\\Lib\\site-packages\\transformers\\models\\lxmert\\tokenization_lxmert.py', reloading
2025-10-23 02:14:06,964 - INFO -  * Detected change in 'C:\\Users\\Muiz\\AppData\\Local\\Programs\\Python\\Python313\\Lib\\site-packages\\transformers\\models\\lxmert\\tokenization_lxmert_fast.py', reloading
2025-10-23 02:14:06,964 - INFO -  * Detected change in 'C:\\Users\\Muiz\\AppData\\Local\\Programs\\Python\\Python313\\Lib\\site-packages\\transformers\\models\\lxmert\\tokenization_lxmert_fast.py', reloading
2025-10-23 02:14:06,981 - INFO -  * Detected change in 'C:\\Users\\Muiz\\AppData\\Local\\Programs\\Python\\Python313\\Lib\\site-packages\\transformers\\models\\m2m_100\\__init__.py', reloading
2025-10-23 02:14:06,981 - INFO -  * Detected change in 'C:\\Users\\Muiz\\AppData\\Local\\Programs\\Python\\Python313\\Lib\\site-packages\\transformers\\models\\m2m_100\\__init__.py', reloading
2025-10-23 02:14:06,993 - INFO - Model and TF-IDF vectorizer loaded successfully.
2025-10-23 02:14:07,007 - INFO -  * Detected change in 'C:\\Users\\Muiz\\AppData\\Local\\Programs\\Python\\Python313\\Lib\\site-packages\\transformers\\models\\m2m_100\\configuration_m2m_100.py', reloading
2025-10-23 02:14:07,035 - INFO -  * Detected change in 'C:\\Users\\Muiz\\AppData\\Local\\Programs\\Python\\Python313\\Lib\\site-packages\\transformers\\models\\m2m_100\\modeling_m2m_100.py', reloading
2025-10-23 02:14:07,094 - INFO -  * Detected change in 'C:\\Users\\Muiz\\AppData\\Local\\Programs\\Python\\Python313\\Lib\\site-packages\\transformers\\models\\m2m_100\\tokenization_m2m_100.py', reloading
2025-10-23 02:14:07,094 - INFO -  * Detected change in 'C:\\Users\\Muiz\\AppData\\Local\\Programs\\Python\\Python313\\Lib\\site-packages\\transformers\\models\\m2m_100\\tokenization_m2m_100.py', reloading
2025-10-23 02:14:07,129 - INFO -  * Detected change in 'C:\\Users\\Muiz\\AppData\\Local\\Programs\\Python\\Python313\\Lib\\site-packages\\transformers\\models\\mamba\\__init__.py', reloading
2025-10-23 02:14:07,129 - INFO -  * Detected change in 'C:\\Users\\Muiz\\AppData\\Local\\Programs\\Python\\Python313\\Lib\\site-packages\\transformers\\models\\mamba\\__init__.py', reloading
2025-10-23 02:14:07,170 - INFO -  * Detected change in 'C:\\Users\\Muiz\\AppData\\Local\\Programs\\Python\\Python313\\Lib\\site-packages\\transformers\\models\\mamba\\configuration_mamba.py', reloading
2025-10-23 02:14:07,205 - INFO -  * Detected change in 'C:\\Users\\Muiz\\AppData\\Local\\Programs\\Python\\Python313\\Lib\\site-packages\\transformers\\models\\mamba\\modeling_mamba.py', reloading
2025-10-23 02:14:07,205 - INFO -  * Detected change in 'C:\\Users\\Muiz\\AppData\\Local\\Programs\\Python\\Python313\\Lib\\site-packages\\transformers\\models\\mamba\\modeling_mamba.py', reloading
2025-10-23 02:14:07,236 - INFO -  * Detected change in 'C:\\Users\\Muiz\\AppData\\Local\\Programs\\Python\\Python313\\Lib\\site-packages\\transformers\\models\\mamba2\\__init__.py', reloading
2025-10-23 02:14:07,237 - INFO -  * Detected change in 'C:\\Users\\Muiz\\AppData\\Local\\Programs\\Python\\Python313\\Lib\\site-packages\\transformers\\models\\mamba2\\__init__.py', reloading
2025-10-23 02:14:07,260 - INFO -  * Detected change in 'C:\\Users\\Muiz\\AppData\\Local\\Programs\\Python\\Python313\\Lib\\site-packages\\transformers\\models\\mamba2\\configuration_mamba2.py', reloading
2025-10-23 02:14:07,260 - INFO -  * Detected change in 'C:\\Users\\Muiz\\AppData\\Local\\Programs\\Python\\Python313\\Lib\\site-packages\\transformers\\models\\mamba2\\configuration_mamba2.py', reloading
2025-10-23 02:14:07,292 - INFO -  * Detected change in 'C:\\Users\\Muiz\\AppData\\Local\\Programs\\Python\\Python313\\Lib\\site-packages\\transformers\\models\\mamba2\\modeling_mamba2.py', reloading
2025-10-23 02:14:07,292 - INFO -  * Detected change in 'C:\\Users\\Muiz\\AppData\\Local\\Programs\\Python\\Python313\\Lib\\site-packages\\transformers\\models\\mamba2\\modeling_mamba2.py', reloading
2025-10-23 02:14:07,321 - INFO -  * Detected change in 'C:\\Users\\Muiz\\AppData\\Local\\Programs\\Python\\Python313\\Lib\\site-packages\\transformers\\models\\marian\\__init__.py', reloading
2025-10-23 02:14:07,322 - INFO -  * Detected change in 'C:\\Users\\Muiz\\AppData\\Local\\Programs\\Python\\Python313\\Lib\\site-packages\\transformers\\models\\marian\\__init__.py', reloading
2025-10-23 02:14:07,348 - INFO -  * Detected change in 'C:\\Users\\Muiz\\AppData\\Local\\Programs\\Python\\Python313\\Lib\\site-packages\\transformers\\models\\marian\\configuration_marian.py', reloading
2025-10-23 02:14:07,348 - INFO -  * Detected change in 'C:\\Users\\Muiz\\AppData\\Local\\Programs\\Python\\Python313\\Lib\\site-packages\\transformers\\models\\marian\\configuration_marian.py', reloading
2025-10-23 02:14:07,382 - INFO -  * Detected change in 'C:\\Users\\Muiz\\AppData\\Local\\Programs\\Python\\Python313\\Lib\\site-packages\\transformers\\models\\marian\\modeling_flax_marian.py', reloading
2025-10-23 02:14:07,417 - WARNING -  * Debugger is active!
2025-10-23 02:14:07,421 - INFO -  * Debugger PIN: 603-667-668
2025-10-23 02:14:07,425 - INFO -  * Detected change in 'C:\\Users\\Muiz\\AppData\\Local\\Programs\\Python\\Python313\\Lib\\site-packages\\transformers\\models\\marian\\modeling_marian.py', reloading
2025-10-23 02:14:07,463 - INFO -  * Detected change in 'C:\\Users\\Muiz\\AppData\\Local\\Programs\\Python\\Python313\\Lib\\site-packages\\transformers\\models\\marian\\modeling_tf_marian.py', reloading
2025-10-23 02:14:07,463 - INFO -  * Detected change in 'C:\\Users\\Muiz\\AppData\\Local\\Programs\\Python\\Python313\\Lib\\site-packages\\transformers\\models\\marian\\modeling_tf_marian.py', reloading
2025-10-23 02:14:07,463 - INFO -  * Detected change in 'C:\\Users\\Muiz\\AppData\\Local\\Programs\\Python\\Python313\\Lib\\site-packages\\transformers\\models\\marian\\modeling_tf_marian.py', reloading
2025-10-23 02:14:07,497 - INFO -  * Detected change in 'C:\\Users\\Muiz\\AppData\\Local\\Programs\\Python\\Python313\\Lib\\site-packages\\transformers\\models\\marian\\tokenization_marian.py', reloading
2025-10-23 02:14:07,497 - INFO -  * Detected change in 'C:\\Users\\Muiz\\AppData\\Local\\Programs\\Python\\Python313\\Lib\\site-packages\\transformers\\models\\marian\\tokenization_marian.py', reloading
2025-10-23 02:14:07,497 - INFO -  * Detected change in 'C:\\Users\\Muiz\\AppData\\Local\\Programs\\Python\\Python313\\Lib\\site-packages\\transformers\\models\\marian\\tokenization_marian.py', reloading
2025-10-23 02:14:07,523 - INFO -  * Detected change in 'C:\\Users\\Muiz\\AppData\\Local\\Programs\\Python\\Python313\\Lib\\site-packages\\transformers\\models\\markuplm\\__init__.py', reloading
2025-10-23 02:14:07,523 - INFO -  * Detected change in 'C:\\Users\\Muiz\\AppData\\Local\\Programs\\Python\\Python313\\Lib\\site-packages\\transformers\\models\\markuplm\\__init__.py', reloading
2025-10-23 02:14:07,553 - INFO -  * Detected change in 'C:\\Users\\Muiz\\AppData\\Local\\Programs\\Python\\Python313\\Lib\\site-packages\\transformers\\models\\markuplm\\configuration_markuplm.py', reloading
2025-10-23 02:14:07,592 - INFO -  * Detected change in 'C:\\Users\\Muiz\\AppData\\Local\\Programs\\Python\\Python313\\Lib\\site-packages\\transformers\\models\\markuplm\\feature_extraction_markuplm.py', reloading
2025-10-23 02:14:07,592 - INFO -  * Detected change in 'C:\\Users\\Muiz\\AppData\\Local\\Programs\\Python\\Python313\\Lib\\site-packages\\transformers\\models\\markuplm\\feature_extraction_markuplm.py', reloading
2025-10-23 02:14:07,631 - INFO -  * Detected change in 'C:\\Users\\Muiz\\AppData\\Local\\Programs\\Python\\Python313\\Lib\\site-packages\\transformers\\models\\markuplm\\modeling_markuplm.py', reloading
2025-10-23 02:14:07,631 - INFO -  * Detected change in 'C:\\Users\\Muiz\\AppData\\Local\\Programs\\Python\\Python313\\Lib\\site-packages\\transformers\\models\\markuplm\\modeling_markuplm.py', reloading
2025-10-23 02:14:07,632 - INFO -  * Detected change in 'C:\\Users\\Muiz\\AppData\\Local\\Programs\\Python\\Python313\\Lib\\site-packages\\transformers\\models\\markuplm\\modeling_markuplm.py', reloading
2025-10-23 02:14:07,663 - INFO -  * Detected change in 'C:\\Users\\Muiz\\AppData\\Local\\Programs\\Python\\Python313\\Lib\\site-packages\\transformers\\models\\markuplm\\processing_markuplm.py', reloading
2025-10-23 02:14:07,663 - INFO -  * Detected change in 'C:\\Users\\Muiz\\AppData\\Local\\Programs\\Python\\Python313\\Lib\\site-packages\\transformers\\models\\markuplm\\processing_markuplm.py', reloading
2025-10-23 02:14:07,663 - INFO -  * Detected change in 'C:\\Users\\Muiz\\AppData\\Local\\Programs\\Python\\Python313\\Lib\\site-packages\\transformers\\models\\markuplm\\processing_markuplm.py', reloading
2025-10-23 02:14:07,692 - INFO -  * Detected change in 'C:\\Users\\Muiz\\AppData\\Local\\Programs\\Python\\Python313\\Lib\\site-packages\\transformers\\models\\markuplm\\tokenization_markuplm.py', reloading
2025-10-23 02:14:07,692 - INFO -  * Detected change in 'C:\\Users\\Muiz\\AppData\\Local\\Programs\\Python\\Python313\\Lib\\site-packages\\transformers\\models\\markuplm\\tokenization_markuplm.py', reloading
2025-10-23 02:14:07,726 - INFO -  * Detected change in 'C:\\Users\\Muiz\\AppData\\Local\\Programs\\Python\\Python313\\Lib\\site-packages\\transformers\\models\\markuplm\\tokenization_markuplm_fast.py', reloading
2025-10-23 02:14:07,726 - INFO -  * Detected change in 'C:\\Users\\Muiz\\AppData\\Local\\Programs\\Python\\Python313\\Lib\\site-packages\\transformers\\models\\markuplm\\tokenization_markuplm_fast.py', reloading
2025-10-23 02:14:07,726 - INFO -  * Detected change in 'C:\\Users\\Muiz\\AppData\\Local\\Programs\\Python\\Python313\\Lib\\site-packages\\transformers\\models\\markuplm\\tokenization_markuplm_fast.py', reloading
2025-10-23 02:14:07,754 - INFO -  * Detected change in 'C:\\Users\\Muiz\\AppData\\Local\\Programs\\Python\\Python313\\Lib\\site-packages\\transformers\\models\\mask2former\\__init__.py', reloading
2025-10-23 02:14:07,754 - INFO -  * Detected change in 'C:\\Users\\Muiz\\AppData\\Local\\Programs\\Python\\Python313\\Lib\\site-packages\\transformers\\models\\mask2former\\__init__.py', reloading
2025-10-23 02:14:07,754 - INFO -  * Detected change in 'C:\\Users\\Muiz\\AppData\\Local\\Programs\\Python\\Python313\\Lib\\site-packages\\transformers\\models\\mask2former\\__init__.py', reloading
2025-10-23 02:14:07,779 - INFO -  * Detected change in 'C:\\Users\\Muiz\\AppData\\Local\\Programs\\Python\\Python313\\Lib\\site-packages\\transformers\\models\\mask2former\\configuration_mask2former.py', reloading
2025-10-23 02:14:07,779 - INFO -  * Detected change in 'C:\\Users\\Muiz\\AppData\\Local\\Programs\\Python\\Python313\\Lib\\site-packages\\transformers\\models\\mask2former\\configuration_mask2former.py', reloading
2025-10-23 02:14:07,779 - INFO -  * Detected change in 'C:\\Users\\Muiz\\AppData\\Local\\Programs\\Python\\Python313\\Lib\\site-packages\\transformers\\models\\mask2former\\configuration_mask2former.py', reloading
2025-10-23 02:14:07,811 - INFO -  * Detected change in 'C:\\Users\\Muiz\\AppData\\Local\\Programs\\Python\\Python313\\Lib\\site-packages\\transformers\\models\\mask2former\\image_processing_mask2former.py', reloading
2025-10-23 02:14:07,811 - INFO -  * Detected change in 'C:\\Users\\Muiz\\AppData\\Local\\Programs\\Python\\Python313\\Lib\\site-packages\\transformers\\models\\mask2former\\image_processing_mask2former.py', reloading
2025-10-23 02:14:07,811 - INFO -  * Detected change in 'C:\\Users\\Muiz\\AppData\\Local\\Programs\\Python\\Python313\\Lib\\site-packages\\transformers\\models\\mask2former\\image_processing_mask2former.py', reloading
2025-10-23 02:14:07,836 - INFO -  * Detected change in 'C:\\Users\\Muiz\\AppData\\Local\\Programs\\Python\\Python313\\Lib\\site-packages\\transformers\\models\\mask2former\\image_processing_mask2former_fast.py', reloading
2025-10-23 02:14:07,872 - INFO -  * Detected change in 'C:\\Users\\Muiz\\AppData\\Local\\Programs\\Python\\Python313\\Lib\\site-packages\\transformers\\models\\mask2former\\modeling_mask2former.py', reloading
2025-10-23 02:14:07,873 - INFO -  * Detected change in 'C:\\Users\\Muiz\\AppData\\Local\\Programs\\Python\\Python313\\Lib\\site-packages\\transformers\\models\\mask2former\\modeling_mask2former.py', reloading
2025-10-23 02:14:07,909 - INFO -  * Detected change in 'C:\\Users\\Muiz\\AppData\\Local\\Programs\\Python\\Python313\\Lib\\site-packages\\transformers\\models\\maskformer\\__init__.py', reloading
2025-10-23 02:14:07,939 - INFO -  * Detected change in 'C:\\Users\\Muiz\\AppData\\Local\\Programs\\Python\\Python313\\Lib\\site-packages\\transformers\\models\\maskformer\\configuration_maskformer.py', reloading
2025-10-23 02:14:07,965 - INFO -  * Detected change in 'C:\\Users\\Muiz\\AppData\\Local\\Programs\\Python\\Python313\\Lib\\site-packages\\transformers\\models\\maskformer\\configuration_maskformer_swin.py', reloading
2025-10-23 02:14:07,988 - INFO -  * Detected change in 'C:\\Users\\Muiz\\AppData\\Local\\Programs\\Python\\Python313\\Lib\\site-packages\\transformers\\models\\maskformer\\feature_extraction_maskformer.py', reloading
2025-10-23 02:14:08,019 - INFO -  * Detected change in 'C:\\Users\\Muiz\\AppData\\Local\\Programs\\Python\\Python313\\Lib\\site-packages\\transformers\\models\\maskformer\\image_processing_maskformer.py', reloading
2025-10-23 02:14:08,058 - INFO -  * Detected change in 'C:\\Users\\Muiz\\AppData\\Local\\Programs\\Python\\Python313\\Lib\\site-packages\\transformers\\models\\maskformer\\image_processing_maskformer_fast.py', reloading
2025-10-23 02:14:08,098 - INFO -  * Detected change in 'C:\\Users\\Muiz\\AppData\\Local\\Programs\\Python\\Python313\\Lib\\site-packages\\transformers\\models\\maskformer\\modeling_maskformer.py', reloading
2025-10-23 02:14:08,134 - INFO -  * Detected change in 'C:\\Users\\Muiz\\AppData\\Local\\Programs\\Python\\Python313\\Lib\\site-packages\\transformers\\models\\maskformer\\modeling_maskformer_swin.py', reloading
2025-10-23 02:14:08,162 - INFO -  * Detected change in 'C:\\Users\\Muiz\\AppData\\Local\\Programs\\Python\\Python313\\Lib\\site-packages\\transformers\\models\\mbart\\__init__.py', reloading
2025-10-23 02:14:08,186 - INFO -  * Detected change in 'C:\\Users\\Muiz\\AppData\\Local\\Programs\\Python\\Python313\\Lib\\site-packages\\transformers\\models\\mbart\\configuration_mbart.py', reloading
2025-10-23 02:14:08,204 - INFO -  * Restarting with watchdog (windowsapi)
2025-10-23 02:14:08,217 - INFO -  * Detected change in 'C:\\Users\\Muiz\\AppData\\Local\\Programs\\Python\\Python313\\Lib\\site-packages\\transformers\\models\\mbart\\modeling_flax_mbart.py', reloading
2025-10-23 02:14:08,251 - INFO -  * Detected change in 'C:\\Users\\Muiz\\AppData\\Local\\Programs\\Python\\Python313\\Lib\\site-packages\\transformers\\models\\mbart\\modeling_mbart.py', reloading
2025-10-23 02:14:08,283 - INFO -  * Detected change in 'C:\\Users\\Muiz\\AppData\\Local\\Programs\\Python\\Python313\\Lib\\site-packages\\transformers\\models\\mbart\\modeling_tf_mbart.py', reloading
2025-10-23 02:14:08,310 - INFO -  * Detected change in 'C:\\Users\\Muiz\\AppData\\Local\\Programs\\Python\\Python313\\Lib\\site-packages\\transformers\\models\\mbart\\tokenization_mbart.py', reloading
2025-10-23 02:14:08,336 - INFO -  * Detected change in 'C:\\Users\\Muiz\\AppData\\Local\\Programs\\Python\\Python313\\Lib\\site-packages\\transformers\\models\\mbart\\tokenization_mbart_fast.py', reloading
2025-10-23 02:14:08,357 - INFO -  * Detected change in 'C:\\Users\\Muiz\\AppData\\Local\\Programs\\Python\\Python313\\Lib\\site-packages\\transformers\\models\\mbart50\\__init__.py', reloading
2025-10-23 02:14:08,381 - INFO -  * Detected change in 'C:\\Users\\Muiz\\AppData\\Local\\Programs\\Python\\Python313\\Lib\\site-packages\\transformers\\models\\mbart50\\tokenization_mbart50.py', reloading
2025-10-23 02:14:08,406 - INFO -  * Detected change in 'C:\\Users\\Muiz\\AppData\\Local\\Programs\\Python\\Python313\\Lib\\site-packages\\transformers\\models\\mbart50\\tokenization_mbart50_fast.py', reloading
2025-10-23 02:14:08,427 - INFO -  * Detected change in 'C:\\Users\\Muiz\\AppData\\Local\\Programs\\Python\\Python313\\Lib\\site-packages\\transformers\\models\\megatron_bert\\__init__.py', reloading
2025-10-23 02:14:08,721 - INFO -  * Restarting with watchdog (windowsapi)
2025-10-23 02:14:10,169 - INFO - Model and TF-IDF vectorizer loaded successfully.
2025-10-23 02:14:10,170 - INFO - Model and TF-IDF vectorizer loaded successfully.
2025-10-23 02:14:10,519 - WARNING -  * Debugger is active!
2025-10-23 02:14:10,522 - INFO -  * Debugger PIN: 603-667-668
2025-10-23 02:14:10,534 - WARNING -  * Debugger is active!
2025-10-23 02:14:10,538 - INFO -  * Debugger PIN: 603-667-668
2025-10-23 02:14:10,594 - INFO -  * Detected change in 'C:\\Users\\Muiz\\AppData\\Local\\Programs\\Python\\Python313\\Lib\\site-packages\\transformers\\models\\mobilenet_v2\\feature_extraction_mobilenet_v2.py', reloading
2025-10-23 02:14:10,653 - INFO -  * Detected change in 'C:\\Users\\Muiz\\AppData\\Local\\Programs\\Python\\Python313\\Lib\\site-packages\\transformers\\models\\mobilenet_v2\\image_processing_mobilenet_v2.py', reloading
2025-10-23 02:14:10,653 - INFO -  * Detected change in 'C:\\Users\\Muiz\\AppData\\Local\\Programs\\Python\\Python313\\Lib\\site-packages\\transformers\\models\\mobilenet_v2\\image_processing_mobilenet_v2.py', reloading
2025-10-23 02:14:10,676 - INFO -  * Detected change in 'C:\\Users\\Muiz\\AppData\\Local\\Programs\\Python\\Python313\\Lib\\site-packages\\transformers\\models\\mobilenet_v2\\image_processing_mobilenet_v2_fast.py', reloading
2025-10-23 02:14:10,676 - INFO -  * Detected change in 'C:\\Users\\Muiz\\AppData\\Local\\Programs\\Python\\Python313\\Lib\\site-packages\\transformers\\models\\mobilenet_v2\\image_processing_mobilenet_v2_fast.py', reloading
2025-10-23 02:14:10,694 - INFO - Model and TF-IDF vectorizer loaded successfully.
2025-10-23 02:14:10,723 - INFO -  * Detected change in 'C:\\Users\\Muiz\\AppData\\Local\\Programs\\Python\\Python313\\Lib\\site-packages\\transformers\\models\\mobilenet_v2\\modeling_mobilenet_v2.py', reloading
2025-10-23 02:14:10,723 - INFO -  * Detected change in 'C:\\Users\\Muiz\\AppData\\Local\\Programs\\Python\\Python313\\Lib\\site-packages\\transformers\\models\\mobilenet_v2\\modeling_mobilenet_v2.py', reloading
2025-10-23 02:14:10,746 - INFO -  * Detected change in 'C:\\Users\\Muiz\\AppData\\Local\\Programs\\Python\\Python313\\Lib\\site-packages\\transformers\\models\\mobilevit\\__init__.py', reloading
2025-10-23 02:14:10,746 - INFO -  * Detected change in 'C:\\Users\\Muiz\\AppData\\Local\\Programs\\Python\\Python313\\Lib\\site-packages\\transformers\\models\\mobilevit\\__init__.py', reloading
2025-10-23 02:14:10,758 - INFO -  * Detected change in 'C:\\Users\\Muiz\\AppData\\Local\\Programs\\Python\\Python313\\Lib\\site-packages\\transformers\\models\\mobilevit\\configuration_mobilevit.py', reloading
2025-10-23 02:14:10,783 - INFO -  * Detected change in 'C:\\Users\\Muiz\\AppData\\Local\\Programs\\Python\\Python313\\Lib\\site-packages\\transformers\\models\\mobilevit\\feature_extraction_mobilevit.py', reloading
2025-10-23 02:14:10,829 - INFO -  * Detected change in 'C:\\Users\\Muiz\\AppData\\Local\\Programs\\Python\\Python313\\Lib\\site-packages\\transformers\\models\\mobilevit\\image_processing_mobilevit.py', reloading
2025-10-23 02:14:10,829 - INFO -  * Detected change in 'C:\\Users\\Muiz\\AppData\\Local\\Programs\\Python\\Python313\\Lib\\site-packages\\transformers\\models\\mobilevit\\image_processing_mobilevit.py', reloading
2025-10-23 02:14:10,871 - INFO -  * Detected change in 'C:\\Users\\Muiz\\AppData\\Local\\Programs\\Python\\Python313\\Lib\\site-packages\\transformers\\models\\mobilevit\\image_processing_mobilevit_fast.py', reloading
2025-10-23 02:14:10,871 - INFO -  * Detected change in 'C:\\Users\\Muiz\\AppData\\Local\\Programs\\Python\\Python313\\Lib\\site-packages\\transformers\\models\\mobilevit\\image_processing_mobilevit_fast.py', reloading
2025-10-23 02:14:10,914 - INFO -  * Detected change in 'C:\\Users\\Muiz\\AppData\\Local\\Programs\\Python\\Python313\\Lib\\site-packages\\transformers\\models\\mobilevit\\modeling_mobilevit.py', reloading
2025-10-23 02:14:10,953 - INFO -  * Detected change in 'C:\\Users\\Muiz\\AppData\\Local\\Programs\\Python\\Python313\\Lib\\site-packages\\transformers\\models\\mobilevit\\modeling_tf_mobilevit.py', reloading
2025-10-23 02:14:10,954 - INFO -  * Detected change in 'C:\\Users\\Muiz\\AppData\\Local\\Programs\\Python\\Python313\\Lib\\site-packages\\transformers\\models\\mobilevit\\modeling_tf_mobilevit.py', reloading
2025-10-23 02:14:10,987 - INFO -  * Detected change in 'C:\\Users\\Muiz\\AppData\\Local\\Programs\\Python\\Python313\\Lib\\site-packages\\transformers\\models\\mobilevitv2\\__init__.py', reloading
2025-10-23 02:14:10,987 - INFO -  * Detected change in 'C:\\Users\\Muiz\\AppData\\Local\\Programs\\Python\\Python313\\Lib\\site-packages\\transformers\\models\\mobilevitv2\\__init__.py', reloading
2025-10-23 02:14:11,015 - INFO -  * Detected change in 'C:\\Users\\Muiz\\AppData\\Local\\Programs\\Python\\Python313\\Lib\\site-packages\\transformers\\models\\mobilevitv2\\configuration_mobilevitv2.py', reloading
2025-10-23 02:14:11,015 - INFO -  * Detected change in 'C:\\Users\\Muiz\\AppData\\Local\\Programs\\Python\\Python313\\Lib\\site-packages\\transformers\\models\\mobilevitv2\\configuration_mobilevitv2.py', reloading
2025-10-23 02:14:11,047 - INFO -  * Detected change in 'C:\\Users\\Muiz\\AppData\\Local\\Programs\\Python\\Python313\\Lib\\site-packages\\transformers\\models\\mobilevitv2\\modeling_mobilevitv2.py', reloading
2025-10-23 02:14:11,047 - INFO -  * Detected change in 'C:\\Users\\Muiz\\AppData\\Local\\Programs\\Python\\Python313\\Lib\\site-packages\\transformers\\models\\mobilevitv2\\modeling_mobilevitv2.py', reloading
2025-10-23 02:14:11,073 - INFO -  * Detected change in 'C:\\Users\\Muiz\\AppData\\Local\\Programs\\Python\\Python313\\Lib\\site-packages\\transformers\\models\\modernbert\\__init__.py', reloading
2025-10-23 02:14:11,073 - INFO -  * Detected change in 'C:\\Users\\Muiz\\AppData\\Local\\Programs\\Python\\Python313\\Lib\\site-packages\\transformers\\models\\modernbert\\__init__.py', reloading
2025-10-23 02:14:11,098 - INFO -  * Detected change in 'C:\\Users\\Muiz\\AppData\\Local\\Programs\\Python\\Python313\\Lib\\site-packages\\transformers\\models\\modernbert\\configuration_modernbert.py', reloading
2025-10-23 02:14:11,098 - INFO -  * Detected change in 'C:\\Users\\Muiz\\AppData\\Local\\Programs\\Python\\Python313\\Lib\\site-packages\\transformers\\models\\modernbert\\configuration_modernbert.py', reloading
2025-10-23 02:14:11,117 - INFO -  * Detected change in 'C:\\Users\\Muiz\\AppData\\Local\\Programs\\Python\\Python313\\Lib\\site-packages\\transformers\\models\\modernbert\\modeling_modernbert.py', reloading
2025-10-23 02:14:11,118 - INFO -  * Detected change in 'C:\\Users\\Muiz\\AppData\\Local\\Programs\\Python\\Python313\\Lib\\site-packages\\transformers\\models\\modernbert\\modeling_modernbert.py', reloading
2025-10-23 02:14:11,126 - WARNING -  * Debugger is active!
2025-10-23 02:14:11,128 - INFO -  * Debugger PIN: 603-667-668
2025-10-23 02:14:11,145 - INFO -  * Detected change in 'C:\\Users\\Muiz\\AppData\\Local\\Programs\\Python\\Python313\\Lib\\site-packages\\transformers\\models\\modernbert_decoder\\__init__.py', reloading
2025-10-23 02:14:11,145 - INFO -  * Detected change in 'C:\\Users\\Muiz\\AppData\\Local\\Programs\\Python\\Python313\\Lib\\site-packages\\transformers\\models\\modernbert_decoder\\__init__.py', reloading
2025-10-23 02:14:11,166 - INFO -  * Detected change in 'C:\\Users\\Muiz\\AppData\\Local\\Programs\\Python\\Python313\\Lib\\site-packages\\transformers\\models\\modernbert_decoder\\configuration_modernbert_decoder.py', reloading
2025-10-23 02:14:11,166 - INFO -  * Detected change in 'C:\\Users\\Muiz\\AppData\\Local\\Programs\\Python\\Python313\\Lib\\site-packages\\transformers\\models\\modernbert_decoder\\configuration_modernbert_decoder.py', reloading
2025-10-23 02:14:11,166 - INFO -  * Detected change in 'C:\\Users\\Muiz\\AppData\\Local\\Programs\\Python\\Python313\\Lib\\site-packages\\transformers\\models\\modernbert_decoder\\configuration_modernbert_decoder.py', reloading
2025-10-23 02:14:11,188 - INFO -  * Detected change in 'C:\\Users\\Muiz\\AppData\\Local\\Programs\\Python\\Python313\\Lib\\site-packages\\transformers\\models\\modernbert_decoder\\modeling_modernbert_decoder.py', reloading
2025-10-23 02:14:11,188 - INFO -  * Detected change in 'C:\\Users\\Muiz\\AppData\\Local\\Programs\\Python\\Python313\\Lib\\site-packages\\transformers\\models\\modernbert_decoder\\modeling_modernbert_decoder.py', reloading
2025-10-23 02:14:11,189 - INFO -  * Detected change in 'C:\\Users\\Muiz\\AppData\\Local\\Programs\\Python\\Python313\\Lib\\site-packages\\transformers\\models\\modernbert_decoder\\modeling_modernbert_decoder.py', reloading
2025-10-23 02:14:11,215 - INFO -  * Detected change in 'C:\\Users\\Muiz\\AppData\\Local\\Programs\\Python\\Python313\\Lib\\site-packages\\transformers\\models\\moonshine\\__init__.py', reloading
2025-10-23 02:14:11,216 - INFO -  * Detected change in 'C:\\Users\\Muiz\\AppData\\Local\\Programs\\Python\\Python313\\Lib\\site-packages\\transformers\\models\\moonshine\\__init__.py', reloading
2025-10-23 02:14:11,216 - INFO -  * Detected change in 'C:\\Users\\Muiz\\AppData\\Local\\Programs\\Python\\Python313\\Lib\\site-packages\\transformers\\models\\moonshine\\__init__.py', reloading
2025-10-23 02:14:11,236 - INFO -  * Detected change in 'C:\\Users\\Muiz\\AppData\\Local\\Programs\\Python\\Python313\\Lib\\site-packages\\transformers\\models\\moonshine\\configuration_moonshine.py', reloading
2025-10-23 02:14:11,237 - INFO -  * Detected change in 'C:\\Users\\Muiz\\AppData\\Local\\Programs\\Python\\Python313\\Lib\\site-packages\\transformers\\models\\moonshine\\configuration_moonshine.py', reloading
2025-10-23 02:14:11,237 - INFO -  * Detected change in 'C:\\Users\\Muiz\\AppData\\Local\\Programs\\Python\\Python313\\Lib\\site-packages\\transformers\\models\\moonshine\\configuration_moonshine.py', reloading
2025-10-23 02:14:11,257 - INFO -  * Detected change in 'C:\\Users\\Muiz\\AppData\\Local\\Programs\\Python\\Python313\\Lib\\site-packages\\transformers\\models\\moonshine\\modeling_moonshine.py', reloading
2025-10-23 02:14:11,257 - INFO -  * Detected change in 'C:\\Users\\Muiz\\AppData\\Local\\Programs\\Python\\Python313\\Lib\\site-packages\\transformers\\models\\moonshine\\modeling_moonshine.py', reloading
2025-10-23 02:14:11,257 - INFO -  * Detected change in 'C:\\Users\\Muiz\\AppData\\Local\\Programs\\Python\\Python313\\Lib\\site-packages\\transformers\\models\\moonshine\\modeling_moonshine.py', reloading
2025-10-23 02:14:11,287 - INFO -  * Detected change in 'C:\\Users\\Muiz\\AppData\\Local\\Programs\\Python\\Python313\\Lib\\site-packages\\transformers\\models\\moshi\\__init__.py', reloading
2025-10-23 02:14:11,287 - INFO -  * Detected change in 'C:\\Users\\Muiz\\AppData\\Local\\Programs\\Python\\Python313\\Lib\\site-packages\\transformers\\models\\moshi\\__init__.py', reloading
2025-10-23 02:14:11,287 - INFO -  * Detected change in 'C:\\Users\\Muiz\\AppData\\Local\\Programs\\Python\\Python313\\Lib\\site-packages\\transformers\\models\\moshi\\__init__.py', reloading
2025-10-23 02:14:11,315 - INFO -  * Detected change in 'C:\\Users\\Muiz\\AppData\\Local\\Programs\\Python\\Python313\\Lib\\site-packages\\transformers\\models\\moshi\\configuration_moshi.py', reloading
2025-10-23 02:14:11,315 - INFO -  * Detected change in 'C:\\Users\\Muiz\\AppData\\Local\\Programs\\Python\\Python313\\Lib\\site-packages\\transformers\\models\\moshi\\configuration_moshi.py', reloading
2025-10-23 02:14:11,350 - INFO -  * Detected change in 'C:\\Users\\Muiz\\AppData\\Local\\Programs\\Python\\Python313\\Lib\\site-packages\\transformers\\models\\moshi\\modeling_moshi.py', reloading
2025-10-23 02:14:11,351 - INFO -  * Detected change in 'C:\\Users\\Muiz\\AppData\\Local\\Programs\\Python\\Python313\\Lib\\site-packages\\transformers\\models\\moshi\\modeling_moshi.py', reloading
2025-10-23 02:14:11,395 - INFO -  * Detected change in 'C:\\Users\\Muiz\\AppData\\Local\\Programs\\Python\\Python313\\Lib\\site-packages\\transformers\\models\\mpnet\\__init__.py', reloading
2025-10-23 02:14:11,395 - INFO -  * Detected change in 'C:\\Users\\Muiz\\AppData\\Local\\Programs\\Python\\Python313\\Lib\\site-packages\\transformers\\models\\mpnet\\__init__.py', reloading
2025-10-23 02:14:11,421 - INFO -  * Detected change in 'C:\\Users\\Muiz\\AppData\\Local\\Programs\\Python\\Python313\\Lib\\site-packages\\transformers\\models\\mpnet\\configuration_mpnet.py', reloading
2025-10-23 02:14:11,422 - INFO -  * Detected change in 'C:\\Users\\Muiz\\AppData\\Local\\Programs\\Python\\Python313\\Lib\\site-packages\\transformers\\models\\mpnet\\configuration_mpnet.py', reloading
2025-10-23 02:14:11,422 - INFO -  * Detected change in 'C:\\Users\\Muiz\\AppData\\Local\\Programs\\Python\\Python313\\Lib\\site-packages\\transformers\\models\\mpnet\\configuration_mpnet.py', reloading
2025-10-23 02:14:11,464 - INFO -  * Detected change in 'C:\\Users\\Muiz\\AppData\\Local\\Programs\\Python\\Python313\\Lib\\site-packages\\transformers\\models\\mpnet\\modeling_mpnet.py', reloading
2025-10-23 02:14:11,464 - INFO -  * Detected change in 'C:\\Users\\Muiz\\AppData\\Local\\Programs\\Python\\Python313\\Lib\\site-packages\\transformers\\models\\mpnet\\modeling_mpnet.py', reloading
2025-10-23 02:14:11,465 - INFO -  * Detected change in 'C:\\Users\\Muiz\\AppData\\Local\\Programs\\Python\\Python313\\Lib\\site-packages\\transformers\\models\\mpnet\\modeling_mpnet.py', reloading
2025-10-23 02:14:11,500 - INFO -  * Detected change in 'C:\\Users\\Muiz\\AppData\\Local\\Programs\\Python\\Python313\\Lib\\site-packages\\transformers\\models\\mpnet\\modeling_tf_mpnet.py', reloading
2025-10-23 02:14:11,500 - INFO -  * Detected change in 'C:\\Users\\Muiz\\AppData\\Local\\Programs\\Python\\Python313\\Lib\\site-packages\\transformers\\models\\mpnet\\modeling_tf_mpnet.py', reloading
2025-10-23 02:14:11,500 - INFO -  * Detected change in 'C:\\Users\\Muiz\\AppData\\Local\\Programs\\Python\\Python313\\Lib\\site-packages\\transformers\\models\\mpnet\\modeling_tf_mpnet.py', reloading
2025-10-23 02:14:11,540 - INFO -  * Detected change in 'C:\\Users\\Muiz\\AppData\\Local\\Programs\\Python\\Python313\\Lib\\site-packages\\transformers\\models\\mpnet\\tokenization_mpnet.py', reloading
2025-10-23 02:14:11,541 - INFO -  * Detected change in 'C:\\Users\\Muiz\\AppData\\Local\\Programs\\Python\\Python313\\Lib\\site-packages\\transformers\\models\\mpnet\\tokenization_mpnet.py', reloading
2025-10-23 02:14:11,573 - INFO -  * Detected change in 'C:\\Users\\Muiz\\AppData\\Local\\Programs\\Python\\Python313\\Lib\\site-packages\\transformers\\models\\mpnet\\tokenization_mpnet_fast.py', reloading
2025-10-23 02:14:11,574 - INFO -  * Detected change in 'C:\\Users\\Muiz\\AppData\\Local\\Programs\\Python\\Python313\\Lib\\site-packages\\transformers\\models\\mpnet\\tokenization_mpnet_fast.py', reloading
2025-10-23 02:14:11,604 - INFO -  * Detected change in 'C:\\Users\\Muiz\\AppData\\Local\\Programs\\Python\\Python313\\Lib\\site-packages\\transformers\\models\\mpt\\__init__.py', reloading
2025-10-23 02:14:11,633 - INFO -  * Detected change in 'C:\\Users\\Muiz\\AppData\\Local\\Programs\\Python\\Python313\\Lib\\site-packages\\transformers\\models\\mpt\\configuration_mpt.py', reloading
2025-10-23 02:14:11,668 - INFO -  * Detected change in 'C:\\Users\\Muiz\\AppData\\Local\\Programs\\Python\\Python313\\Lib\\site-packages\\transformers\\models\\mpt\\modeling_mpt.py', reloading
2025-10-23 02:14:11,697 - INFO -  * Detected change in 'C:\\Users\\Muiz\\AppData\\Local\\Programs\\Python\\Python313\\Lib\\site-packages\\transformers\\models\\mra\\__init__.py', reloading
2025-10-23 02:14:11,725 - INFO -  * Detected change in 'C:\\Users\\Muiz\\AppData\\Local\\Programs\\Python\\Python313\\Lib\\site-packages\\transformers\\models\\mra\\configuration_mra.py', reloading
2025-10-23 02:14:11,759 - INFO -  * Detected change in 'C:\\Users\\Muiz\\AppData\\Local\\Programs\\Python\\Python313\\Lib\\site-packages\\transformers\\models\\mra\\modeling_mra.py', reloading
2025-10-23 02:14:11,805 - INFO -  * Detected change in 'C:\\Users\\Muiz\\AppData\\Local\\Programs\\Python\\Python313\\Lib\\site-packages\\transformers\\models\\mt5\\__init__.py', reloading
2025-10-23 02:14:11,826 - INFO -  * Detected change in 'C:\\Users\\Muiz\\AppData\\Local\\Programs\\Python\\Python313\\Lib\\site-packages\\transformers\\models\\mt5\\configuration_mt5.py', reloading
2025-10-23 02:14:11,844 - INFO -  * Restarting with watchdog (windowsapi)
2025-10-23 02:14:11,848 - INFO -  * Detected change in 'C:\\Users\\Muiz\\AppData\\Local\\Programs\\Python\\Python313\\Lib\\site-packages\\transformers\\models\\mt5\\modeling_flax_mt5.py', reloading
2025-10-23 02:14:11,889 - INFO -  * Detected change in 'C:\\Users\\Muiz\\AppData\\Local\\Programs\\Python\\Python313\\Lib\\site-packages\\transformers\\models\\mt5\\modeling_mt5.py', reloading
2025-10-23 02:14:11,923 - INFO -  * Detected change in 'C:\\Users\\Muiz\\AppData\\Local\\Programs\\Python\\Python313\\Lib\\site-packages\\transformers\\models\\mt5\\modeling_tf_mt5.py', reloading
2025-10-23 02:14:11,939 - INFO -  * Detected change in 'C:\\Users\\Muiz\\AppData\\Local\\Programs\\Python\\Python313\\Lib\\site-packages\\transformers\\models\\mt5\\tokenization_mt5.py', reloading
2025-10-23 02:14:11,957 - INFO -  * Detected change in 'C:\\Users\\Muiz\\AppData\\Local\\Programs\\Python\\Python313\\Lib\\site-packages\\transformers\\models\\musicgen\\__init__.py', reloading
2025-10-23 02:14:11,979 - INFO -  * Detected change in 'C:\\Users\\Muiz\\AppData\\Local\\Programs\\Python\\Python313\\Lib\\site-packages\\transformers\\models\\musicgen\\configuration_musicgen.py', reloading
2025-10-23 02:14:12,011 - INFO -  * Detected change in 'C:\\Users\\Muiz\\AppData\\Local\\Programs\\Python\\Python313\\Lib\\site-packages\\transformers\\models\\musicgen\\modeling_musicgen.py', reloading
2025-10-23 02:14:12,041 - INFO -  * Detected change in 'C:\\Users\\Muiz\\AppData\\Local\\Programs\\Python\\Python313\\Lib\\site-packages\\transformers\\models\\musicgen\\processing_musicgen.py', reloading
2025-10-23 02:14:12,058 - INFO -  * Detected change in 'C:\\Users\\Muiz\\AppData\\Local\\Programs\\Python\\Python313\\Lib\\site-packages\\transformers\\models\\musicgen_melody\\__init__.py', reloading
2025-10-23 02:14:12,081 - INFO -  * Detected change in 'C:\\Users\\Muiz\\AppData\\Local\\Programs\\Python\\Python313\\Lib\\site-packages\\transformers\\models\\musicgen_melody\\configuration_musicgen_melody.py', reloading
2025-10-23 02:14:12,109 - INFO -  * Detected change in 'C:\\Users\\Muiz\\AppData\\Local\\Programs\\Python\\Python313\\Lib\\site-packages\\transformers\\models\\musicgen_melody\\modeling_musicgen_melody.py', reloading
2025-10-23 02:14:12,133 - INFO -  * Detected change in 'C:\\Users\\Muiz\\AppData\\Local\\Programs\\Python\\Python313\\Lib\\site-packages\\transformers\\models\\mvp\\__init__.py', reloading
2025-10-23 02:14:12,416 - INFO -  * Restarting with watchdog (windowsapi)
2025-10-23 02:14:13,757 - INFO - Model and TF-IDF vectorizer loaded successfully.
2025-10-23 02:14:13,800 - INFO - Model and TF-IDF vectorizer loaded successfully.
2025-10-23 02:14:14,253 - WARNING -  * Debugger is active!
2025-10-23 02:14:14,253 - WARNING -  * Debugger is active!
2025-10-23 02:14:14,255 - INFO -  * Debugger PIN: 603-667-668
2025-10-23 02:14:14,256 - INFO -  * Debugger PIN: 603-667-668
2025-10-23 02:14:14,293 - INFO -  * Detected change in 'C:\\Users\\Muiz\\AppData\\Local\\Programs\\Python\\Python313\\Lib\\site-packages\\transformers\\models\\openai\\tokenization_openai.py', reloading
2025-10-23 02:14:14,293 - INFO -  * Detected change in 'C:\\Users\\Muiz\\AppData\\Local\\Programs\\Python\\Python313\\Lib\\site-packages\\transformers\\models\\openai\\tokenization_openai.py', reloading
2025-10-23 02:14:14,317 - INFO -  * Detected change in 'C:\\Users\\Muiz\\AppData\\Local\\Programs\\Python\\Python313\\Lib\\site-packages\\transformers\\models\\openai\\tokenization_openai_fast.py', reloading
2025-10-23 02:14:14,317 - INFO -  * Detected change in 'C:\\Users\\Muiz\\AppData\\Local\\Programs\\Python\\Python313\\Lib\\site-packages\\transformers\\models\\openai\\tokenization_openai_fast.py', reloading
2025-10-23 02:14:14,332 - INFO - Model and TF-IDF vectorizer loaded successfully.
2025-10-23 02:14:14,337 - INFO -  * Detected change in 'C:\\Users\\Muiz\\AppData\\Local\\Programs\\Python\\Python313\\Lib\\site-packages\\transformers\\models\\opt\\__init__.py', reloading
2025-10-23 02:14:14,364 - INFO -  * Detected change in 'C:\\Users\\Muiz\\AppData\\Local\\Programs\\Python\\Python313\\Lib\\site-packages\\transformers\\models\\opt\\configuration_opt.py', reloading
2025-10-23 02:14:14,364 - INFO -  * Detected change in 'C:\\Users\\Muiz\\AppData\\Local\\Programs\\Python\\Python313\\Lib\\site-packages\\transformers\\models\\opt\\configuration_opt.py', reloading
2025-10-23 02:14:14,392 - INFO -  * Detected change in 'C:\\Users\\Muiz\\AppData\\Local\\Programs\\Python\\Python313\\Lib\\site-packages\\transformers\\models\\opt\\modeling_flax_opt.py', reloading
2025-10-23 02:14:14,444 - INFO -  * Detected change in 'C:\\Users\\Muiz\\AppData\\Local\\Programs\\Python\\Python313\\Lib\\site-packages\\transformers\\models\\opt\\modeling_opt.py', reloading
2025-10-23 02:14:14,531 - INFO -  * Detected change in 'C:\\Users\\Muiz\\AppData\\Local\\Programs\\Python\\Python313\\Lib\\site-packages\\transformers\\models\\opt\\modeling_tf_opt.py', reloading
2025-10-23 02:14:14,564 - INFO -  * Detected change in 'C:\\Users\\Muiz\\AppData\\Local\\Programs\\Python\\Python313\\Lib\\site-packages\\transformers\\models\\ovis2\\__init__.py', reloading
2025-10-23 02:14:14,564 - INFO -  * Detected change in 'C:\\Users\\Muiz\\AppData\\Local\\Programs\\Python\\Python313\\Lib\\site-packages\\transformers\\models\\ovis2\\__init__.py', reloading
2025-10-23 02:14:14,597 - INFO -  * Detected change in 'C:\\Users\\Muiz\\AppData\\Local\\Programs\\Python\\Python313\\Lib\\site-packages\\transformers\\models\\ovis2\\configuration_ovis2.py', reloading
2025-10-23 02:14:14,598 - INFO -  * Detected change in 'C:\\Users\\Muiz\\AppData\\Local\\Programs\\Python\\Python313\\Lib\\site-packages\\transformers\\models\\ovis2\\configuration_ovis2.py', reloading
2025-10-23 02:14:14,624 - INFO -  * Detected change in 'C:\\Users\\Muiz\\AppData\\Local\\Programs\\Python\\Python313\\Lib\\site-packages\\transformers\\models\\ovis2\\image_processing_ovis2.py', reloading
2025-10-23 02:14:14,624 - INFO -  * Detected change in 'C:\\Users\\Muiz\\AppData\\Local\\Programs\\Python\\Python313\\Lib\\site-packages\\transformers\\models\\ovis2\\image_processing_ovis2.py', reloading
2025-10-23 02:14:14,654 - INFO -  * Detected change in 'C:\\Users\\Muiz\\AppData\\Local\\Programs\\Python\\Python313\\Lib\\site-packages\\transformers\\models\\ovis2\\image_processing_ovis2_fast.py', reloading
2025-10-23 02:14:14,654 - INFO -  * Detected change in 'C:\\Users\\Muiz\\AppData\\Local\\Programs\\Python\\Python313\\Lib\\site-packages\\transformers\\models\\ovis2\\image_processing_ovis2_fast.py', reloading
2025-10-23 02:14:14,675 - INFO -  * Detected change in 'C:\\Users\\Muiz\\AppData\\Local\\Programs\\Python\\Python313\\Lib\\site-packages\\transformers\\models\\ovis2\\modeling_ovis2.py', reloading
2025-10-23 02:14:14,675 - INFO -  * Detected change in 'C:\\Users\\Muiz\\AppData\\Local\\Programs\\Python\\Python313\\Lib\\site-packages\\transformers\\models\\ovis2\\modeling_ovis2.py', reloading
2025-10-23 02:14:14,706 - INFO -  * Detected change in 'C:\\Users\\Muiz\\AppData\\Local\\Programs\\Python\\Python313\\Lib\\site-packages\\transformers\\models\\ovis2\\processing_ovis2.py', reloading
2025-10-23 02:14:14,706 - INFO -  * Detected change in 'C:\\Users\\Muiz\\AppData\\Local\\Programs\\Python\\Python313\\Lib\\site-packages\\transformers\\models\\ovis2\\processing_ovis2.py', reloading
2025-10-23 02:14:14,729 - INFO -  * Detected change in 'C:\\Users\\Muiz\\AppData\\Local\\Programs\\Python\\Python313\\Lib\\site-packages\\transformers\\models\\owlv2\\__init__.py', reloading
2025-10-23 02:14:14,730 - INFO -  * Detected change in 'C:\\Users\\Muiz\\AppData\\Local\\Programs\\Python\\Python313\\Lib\\site-packages\\transformers\\models\\owlv2\\__init__.py', reloading
2025-10-23 02:14:14,757 - INFO -  * Detected change in 'C:\\Users\\Muiz\\AppData\\Local\\Programs\\Python\\Python313\\Lib\\site-packages\\transformers\\models\\owlv2\\configuration_owlv2.py', reloading
2025-10-23 02:14:14,786 - INFO -  * Detected change in 'C:\\Users\\Muiz\\AppData\\Local\\Programs\\Python\\Python313\\Lib\\site-packages\\transformers\\models\\owlv2\\image_processing_owlv2.py', reloading
2025-10-23 02:14:14,787 - INFO -  * Detected change in 'C:\\Users\\Muiz\\AppData\\Local\\Programs\\Python\\Python313\\Lib\\site-packages\\transformers\\models\\owlv2\\image_processing_owlv2.py', reloading
2025-10-23 02:14:14,820 - WARNING -  * Debugger is active!
2025-10-23 02:14:14,822 - INFO -  * Detected change in 'C:\\Users\\Muiz\\AppData\\Local\\Programs\\Python\\Python313\\Lib\\site-packages\\transformers\\models\\owlv2\\image_processing_owlv2_fast.py', reloading
2025-10-23 02:14:14,822 - INFO -  * Detected change in 'C:\\Users\\Muiz\\AppData\\Local\\Programs\\Python\\Python313\\Lib\\site-packages\\transformers\\models\\owlv2\\image_processing_owlv2_fast.py', reloading
2025-10-23 02:14:14,822 - INFO -  * Debugger PIN: 603-667-668
2025-10-23 02:14:14,871 - INFO -  * Detected change in 'C:\\Users\\Muiz\\AppData\\Local\\Programs\\Python\\Python313\\Lib\\site-packages\\transformers\\models\\owlv2\\modeling_owlv2.py', reloading
2025-10-23 02:14:14,871 - INFO -  * Detected change in 'C:\\Users\\Muiz\\AppData\\Local\\Programs\\Python\\Python313\\Lib\\site-packages\\transformers\\models\\owlv2\\modeling_owlv2.py', reloading
2025-10-23 02:14:14,871 - INFO -  * Detected change in 'C:\\Users\\Muiz\\AppData\\Local\\Programs\\Python\\Python313\\Lib\\site-packages\\transformers\\models\\owlv2\\modeling_owlv2.py', reloading
2025-10-23 02:14:14,911 - INFO -  * Detected change in 'C:\\Users\\Muiz\\AppData\\Local\\Programs\\Python\\Python313\\Lib\\site-packages\\transformers\\models\\owlv2\\processing_owlv2.py', reloading
2025-10-23 02:14:14,911 - INFO -  * Detected change in 'C:\\Users\\Muiz\\AppData\\Local\\Programs\\Python\\Python313\\Lib\\site-packages\\transformers\\models\\owlv2\\processing_owlv2.py', reloading
2025-10-23 02:14:14,940 - INFO -  * Detected change in 'C:\\Users\\Muiz\\AppData\\Local\\Programs\\Python\\Python313\\Lib\\site-packages\\transformers\\models\\owlvit\\__init__.py', reloading
2025-10-23 02:14:14,940 - INFO -  * Detected change in 'C:\\Users\\Muiz\\AppData\\Local\\Programs\\Python\\Python313\\Lib\\site-packages\\transformers\\models\\owlvit\\__init__.py', reloading
2025-10-23 02:14:14,940 - INFO -  * Detected change in 'C:\\Users\\Muiz\\AppData\\Local\\Programs\\Python\\Python313\\Lib\\site-packages\\transformers\\models\\owlvit\\__init__.py', reloading
2025-10-23 02:14:14,968 - INFO -  * Detected change in 'C:\\Users\\Muiz\\AppData\\Local\\Programs\\Python\\Python313\\Lib\\site-packages\\transformers\\models\\owlvit\\configuration_owlvit.py', reloading
2025-10-23 02:14:14,968 - INFO -  * Detected change in 'C:\\Users\\Muiz\\AppData\\Local\\Programs\\Python\\Python313\\Lib\\site-packages\\transformers\\models\\owlvit\\configuration_owlvit.py', reloading
2025-10-23 02:14:14,968 - INFO -  * Detected change in 'C:\\Users\\Muiz\\AppData\\Local\\Programs\\Python\\Python313\\Lib\\site-packages\\transformers\\models\\owlvit\\configuration_owlvit.py', reloading
2025-10-23 02:14:14,994 - INFO -  * Detected change in 'C:\\Users\\Muiz\\AppData\\Local\\Programs\\Python\\Python313\\Lib\\site-packages\\transformers\\models\\owlvit\\feature_extraction_owlvit.py', reloading
2025-10-23 02:14:14,994 - INFO -  * Detected change in 'C:\\Users\\Muiz\\AppData\\Local\\Programs\\Python\\Python313\\Lib\\site-packages\\transformers\\models\\owlvit\\feature_extraction_owlvit.py', reloading
2025-10-23 02:14:14,994 - INFO -  * Detected change in 'C:\\Users\\Muiz\\AppData\\Local\\Programs\\Python\\Python313\\Lib\\site-packages\\transformers\\models\\owlvit\\feature_extraction_owlvit.py', reloading
2025-10-23 02:14:15,026 - INFO -  * Detected change in 'C:\\Users\\Muiz\\AppData\\Local\\Programs\\Python\\Python313\\Lib\\site-packages\\transformers\\models\\owlvit\\image_processing_owlvit.py', reloading
2025-10-23 02:14:15,026 - INFO -  * Detected change in 'C:\\Users\\Muiz\\AppData\\Local\\Programs\\Python\\Python313\\Lib\\site-packages\\transformers\\models\\owlvit\\image_processing_owlvit.py', reloading
2025-10-23 02:14:15,026 - INFO -  * Detected change in 'C:\\Users\\Muiz\\AppData\\Local\\Programs\\Python\\Python313\\Lib\\site-packages\\transformers\\models\\owlvit\\image_processing_owlvit.py', reloading
2025-10-23 02:14:15,058 - INFO -  * Detected change in 'C:\\Users\\Muiz\\AppData\\Local\\Programs\\Python\\Python313\\Lib\\site-packages\\transformers\\models\\owlvit\\image_processing_owlvit_fast.py', reloading
2025-10-23 02:14:15,058 - INFO -  * Detected change in 'C:\\Users\\Muiz\\AppData\\Local\\Programs\\Python\\Python313\\Lib\\site-packages\\transformers\\models\\owlvit\\image_processing_owlvit_fast.py', reloading
2025-10-23 02:14:15,059 - INFO -  * Detected change in 'C:\\Users\\Muiz\\AppData\\Local\\Programs\\Python\\Python313\\Lib\\site-packages\\transformers\\models\\owlvit\\image_processing_owlvit_fast.py', reloading
2025-10-23 02:14:15,092 - INFO -  * Detected change in 'C:\\Users\\Muiz\\AppData\\Local\\Programs\\Python\\Python313\\Lib\\site-packages\\transformers\\models\\owlvit\\modeling_owlvit.py', reloading
2025-10-23 02:14:15,092 - INFO -  * Detected change in 'C:\\Users\\Muiz\\AppData\\Local\\Programs\\Python\\Python313\\Lib\\site-packages\\transformers\\models\\owlvit\\modeling_owlvit.py', reloading
2025-10-23 02:14:15,092 - INFO -  * Detected change in 'C:\\Users\\Muiz\\AppData\\Local\\Programs\\Python\\Python313\\Lib\\site-packages\\transformers\\models\\owlvit\\modeling_owlvit.py', reloading
2025-10-23 02:14:15,146 - INFO -  * Detected change in 'C:\\Users\\Muiz\\AppData\\Local\\Programs\\Python\\Python313\\Lib\\site-packages\\transformers\\models\\owlvit\\processing_owlvit.py', reloading
2025-10-23 02:14:15,146 - INFO -  * Detected change in 'C:\\Users\\Muiz\\AppData\\Local\\Programs\\Python\\Python313\\Lib\\site-packages\\transformers\\models\\owlvit\\processing_owlvit.py', reloading
2025-10-23 02:14:15,146 - INFO -  * Detected change in 'C:\\Users\\Muiz\\AppData\\Local\\Programs\\Python\\Python313\\Lib\\site-packages\\transformers\\models\\owlvit\\processing_owlvit.py', reloading
2025-10-23 02:14:15,173 - INFO -  * Detected change in 'C:\\Users\\Muiz\\AppData\\Local\\Programs\\Python\\Python313\\Lib\\site-packages\\transformers\\models\\paligemma\\__init__.py', reloading
2025-10-23 02:14:15,173 - INFO -  * Detected change in 'C:\\Users\\Muiz\\AppData\\Local\\Programs\\Python\\Python313\\Lib\\site-packages\\transformers\\models\\paligemma\\__init__.py', reloading
2025-10-23 02:14:15,194 - INFO -  * Detected change in 'C:\\Users\\Muiz\\AppData\\Local\\Programs\\Python\\Python313\\Lib\\site-packages\\transformers\\models\\paligemma\\configuration_paligemma.py', reloading
2025-10-23 02:14:15,194 - INFO -  * Detected change in 'C:\\Users\\Muiz\\AppData\\Local\\Programs\\Python\\Python313\\Lib\\site-packages\\transformers\\models\\paligemma\\configuration_paligemma.py', reloading
2025-10-23 02:14:15,195 - INFO -  * Detected change in 'C:\\Users\\Muiz\\AppData\\Local\\Programs\\Python\\Python313\\Lib\\site-packages\\transformers\\models\\paligemma\\configuration_paligemma.py', reloading
2025-10-23 02:14:15,227 - INFO -  * Detected change in 'C:\\Users\\Muiz\\AppData\\Local\\Programs\\Python\\Python313\\Lib\\site-packages\\transformers\\models\\paligemma\\modeling_paligemma.py', reloading
2025-10-23 02:14:15,227 - INFO -  * Detected change in 'C:\\Users\\Muiz\\AppData\\Local\\Programs\\Python\\Python313\\Lib\\site-packages\\transformers\\models\\paligemma\\modeling_paligemma.py', reloading
2025-10-23 02:14:15,227 - INFO -  * Detected change in 'C:\\Users\\Muiz\\AppData\\Local\\Programs\\Python\\Python313\\Lib\\site-packages\\transformers\\models\\paligemma\\modeling_paligemma.py', reloading
2025-10-23 02:14:15,258 - INFO -  * Detected change in 'C:\\Users\\Muiz\\AppData\\Local\\Programs\\Python\\Python313\\Lib\\site-packages\\transformers\\models\\paligemma\\processing_paligemma.py', reloading
2025-10-23 02:14:15,259 - INFO -  * Detected change in 'C:\\Users\\Muiz\\AppData\\Local\\Programs\\Python\\Python313\\Lib\\site-packages\\transformers\\models\\paligemma\\processing_paligemma.py', reloading
2025-10-23 02:14:15,287 - INFO -  * Detected change in 'C:\\Users\\Muiz\\AppData\\Local\\Programs\\Python\\Python313\\Lib\\site-packages\\transformers\\models\\parakeet\\__init__.py', reloading
2025-10-23 02:14:15,319 - INFO -  * Detected change in 'C:\\Users\\Muiz\\AppData\\Local\\Programs\\Python\\Python313\\Lib\\site-packages\\transformers\\models\\parakeet\\configuration_parakeet.py', reloading
2025-10-23 02:14:15,351 - INFO -  * Detected change in 'C:\\Users\\Muiz\\AppData\\Local\\Programs\\Python\\Python313\\Lib\\site-packages\\transformers\\models\\parakeet\\feature_extraction_parakeet.py', reloading
2025-10-23 02:14:15,375 - INFO -  * Detected change in 'C:\\Users\\Muiz\\AppData\\Local\\Programs\\Python\\Python313\\Lib\\site-packages\\transformers\\models\\parakeet\\modeling_parakeet.py', reloading
2025-10-23 02:14:15,404 - INFO -  * Detected change in 'C:\\Users\\Muiz\\AppData\\Local\\Programs\\Python\\Python313\\Lib\\site-packages\\transformers\\models\\parakeet\\tokenization_parakeet_fast.py', reloading
2025-10-23 02:14:15,427 - INFO -  * Detected change in 'C:\\Users\\Muiz\\AppData\\Local\\Programs\\Python\\Python313\\Lib\\site-packages\\transformers\\models\\patchtsmixer\\__init__.py', reloading
2025-10-23 02:14:15,466 - INFO -  * Detected change in 'C:\\Users\\Muiz\\AppData\\Local\\Programs\\Python\\Python313\\Lib\\site-packages\\transformers\\models\\patchtsmixer\\configuration_patchtsmixer.py', reloading
2025-10-23 02:14:15,531 - INFO -  * Detected change in 'C:\\Users\\Muiz\\AppData\\Local\\Programs\\Python\\Python313\\Lib\\site-packages\\transformers\\models\\patchtsmixer\\modeling_patchtsmixer.py', reloading
2025-10-23 02:14:15,562 - INFO -  * Detected change in 'C:\\Users\\Muiz\\AppData\\Local\\Programs\\Python\\Python313\\Lib\\site-packages\\transformers\\models\\patchtst\\__init__.py', reloading
2025-10-23 02:14:15,577 - INFO -  * Restarting with watchdog (windowsapi)
2025-10-23 02:14:15,592 - INFO -  * Detected change in 'C:\\Users\\Muiz\\AppData\\Local\\Programs\\Python\\Python313\\Lib\\site-packages\\transformers\\models\\patchtst\\configuration_patchtst.py', reloading
2025-10-23 02:14:15,620 - INFO -  * Detected change in 'C:\\Users\\Muiz\\AppData\\Local\\Programs\\Python\\Python313\\Lib\\site-packages\\transformers\\models\\patchtst\\modeling_patchtst.py', reloading
2025-10-23 02:14:15,646 - INFO -  * Detected change in 'C:\\Users\\Muiz\\AppData\\Local\\Programs\\Python\\Python313\\Lib\\site-packages\\transformers\\models\\pegasus\\__init__.py', reloading
2025-10-23 02:14:15,672 - INFO -  * Detected change in 'C:\\Users\\Muiz\\AppData\\Local\\Programs\\Python\\Python313\\Lib\\site-packages\\transformers\\models\\pegasus\\configuration_pegasus.py', reloading
2025-10-23 02:14:15,702 - INFO -  * Detected change in 'C:\\Users\\Muiz\\AppData\\Local\\Programs\\Python\\Python313\\Lib\\site-packages\\transformers\\models\\pegasus\\modeling_flax_pegasus.py', reloading
2025-10-23 02:14:15,737 - INFO -  * Detected change in 'C:\\Users\\Muiz\\AppData\\Local\\Programs\\Python\\Python313\\Lib\\site-packages\\transformers\\models\\pegasus\\modeling_pegasus.py', reloading
2025-10-23 02:14:15,768 - INFO -  * Detected change in 'C:\\Users\\Muiz\\AppData\\Local\\Programs\\Python\\Python313\\Lib\\site-packages\\transformers\\models\\pegasus\\modeling_tf_pegasus.py', reloading
2025-10-23 02:14:15,800 - INFO -  * Detected change in 'C:\\Users\\Muiz\\AppData\\Local\\Programs\\Python\\Python313\\Lib\\site-packages\\transformers\\models\\pegasus\\tokenization_pegasus.py', reloading
2025-10-23 02:14:15,823 - INFO -  * Detected change in 'C:\\Users\\Muiz\\AppData\\Local\\Programs\\Python\\Python313\\Lib\\site-packages\\transformers\\models\\pegasus\\tokenization_pegasus_fast.py', reloading
2025-10-23 02:14:15,842 - INFO -  * Detected change in 'C:\\Users\\Muiz\\AppData\\Local\\Programs\\Python\\Python313\\Lib\\site-packages\\transformers\\models\\pegasus_x\\__init__.py', reloading
2025-10-23 02:14:16,117 - INFO -  * Restarting with watchdog (windowsapi)
2025-10-23 02:14:17,491 - INFO - Model and TF-IDF vectorizer loaded successfully.
2025-10-23 02:14:17,495 - INFO - Model and TF-IDF vectorizer loaded successfully.
2025-10-23 02:14:17,829 - WARNING -  * Debugger is active!
2025-10-23 02:14:17,831 - INFO -  * Debugger PIN: 603-667-668
2025-10-23 02:14:17,871 - INFO -  * Detected change in 'C:\\Users\\Muiz\\AppData\\Local\\Programs\\Python\\Python313\\Lib\\site-packages\\transformers\\models\\pvt\\modeling_pvt.py', reloading
2025-10-23 02:14:17,890 - INFO -  * Detected change in 'C:\\Users\\Muiz\\AppData\\Local\\Programs\\Python\\Python313\\Lib\\site-packages\\transformers\\models\\pvt_v2\\__init__.py', reloading
2025-10-23 02:14:17,906 - WARNING -  * Debugger is active!
2025-10-23 02:14:17,907 - INFO -  * Debugger PIN: 603-667-668
2025-10-23 02:14:17,912 - INFO -  * Detected change in 'C:\\Users\\Muiz\\AppData\\Local\\Programs\\Python\\Python313\\Lib\\site-packages\\transformers\\models\\pvt_v2\\configuration_pvt_v2.py', reloading
2025-10-23 02:14:17,938 - INFO -  * Detected change in 'C:\\Users\\Muiz\\AppData\\Local\\Programs\\Python\\Python313\\Lib\\site-packages\\transformers\\models\\pvt_v2\\modeling_pvt_v2.py', reloading
2025-10-23 02:14:17,938 - INFO -  * Detected change in 'C:\\Users\\Muiz\\AppData\\Local\\Programs\\Python\\Python313\\Lib\\site-packages\\transformers\\models\\pvt_v2\\modeling_pvt_v2.py', reloading
2025-10-23 02:14:17,964 - INFO -  * Detected change in 'C:\\Users\\Muiz\\AppData\\Local\\Programs\\Python\\Python313\\Lib\\site-packages\\transformers\\models\\qwen2\\__init__.py', reloading
2025-10-23 02:14:17,964 - INFO -  * Detected change in 'C:\\Users\\Muiz\\AppData\\Local\\Programs\\Python\\Python313\\Lib\\site-packages\\transformers\\models\\qwen2\\__init__.py', reloading
2025-10-23 02:14:17,993 - INFO -  * Detected change in 'C:\\Users\\Muiz\\AppData\\Local\\Programs\\Python\\Python313\\Lib\\site-packages\\transformers\\models\\qwen2\\configuration_qwen2.py', reloading
2025-10-23 02:14:17,993 - INFO -  * Detected change in 'C:\\Users\\Muiz\\AppData\\Local\\Programs\\Python\\Python313\\Lib\\site-packages\\transformers\\models\\qwen2\\configuration_qwen2.py', reloading
2025-10-23 02:14:18,012 - INFO -  * Detected change in 'C:\\Users\\Muiz\\AppData\\Local\\Programs\\Python\\Python313\\Lib\\site-packages\\transformers\\models\\qwen2\\modeling_qwen2.py', reloading
2025-10-23 02:14:18,013 - INFO -  * Detected change in 'C:\\Users\\Muiz\\AppData\\Local\\Programs\\Python\\Python313\\Lib\\site-packages\\transformers\\models\\qwen2\\modeling_qwen2.py', reloading
2025-10-23 02:14:18,039 - INFO -  * Detected change in 'C:\\Users\\Muiz\\AppData\\Local\\Programs\\Python\\Python313\\Lib\\site-packages\\transformers\\models\\qwen2\\tokenization_qwen2.py', reloading
2025-10-23 02:14:18,061 - INFO -  * Detected change in 'C:\\Users\\Muiz\\AppData\\Local\\Programs\\Python\\Python313\\Lib\\site-packages\\transformers\\models\\qwen2\\tokenization_qwen2_fast.py', reloading
2025-10-23 02:14:18,079 - INFO - Model and TF-IDF vectorizer loaded successfully.
2025-10-23 02:14:18,086 - INFO -  * Detected change in 'C:\\Users\\Muiz\\AppData\\Local\\Programs\\Python\\Python313\\Lib\\site-packages\\transformers\\models\\qwen2_5_omni\\__init__.py', reloading
2025-10-23 02:14:18,086 - INFO -  * Detected change in 'C:\\Users\\Muiz\\AppData\\Local\\Programs\\Python\\Python313\\Lib\\site-packages\\transformers\\models\\qwen2_5_omni\\__init__.py', reloading
2025-10-23 02:14:18,104 - INFO -  * Detected change in 'C:\\Users\\Muiz\\AppData\\Local\\Programs\\Python\\Python313\\Lib\\site-packages\\transformers\\models\\qwen2_5_omni\\configuration_qwen2_5_omni.py', reloading
2025-10-23 02:14:18,104 - INFO -  * Detected change in 'C:\\Users\\Muiz\\AppData\\Local\\Programs\\Python\\Python313\\Lib\\site-packages\\transformers\\models\\qwen2_5_omni\\configuration_qwen2_5_omni.py', reloading
2025-10-23 02:14:18,123 - INFO -  * Detected change in 'C:\\Users\\Muiz\\AppData\\Local\\Programs\\Python\\Python313\\Lib\\site-packages\\transformers\\models\\qwen2_5_omni\\modeling_qwen2_5_omni.py', reloading
2025-10-23 02:14:18,195 - INFO -  * Detected change in 'C:\\Users\\Muiz\\AppData\\Local\\Programs\\Python\\Python313\\Lib\\site-packages\\transformers\\models\\qwen2_5_omni\\processing_qwen2_5_omni.py', reloading
2025-10-23 02:14:18,237 - INFO -  * Detected change in 'C:\\Users\\Muiz\\AppData\\Local\\Programs\\Python\\Python313\\Lib\\site-packages\\transformers\\models\\qwen2_5_vl\\__init__.py', reloading
2025-10-23 02:14:18,237 - INFO -  * Detected change in 'C:\\Users\\Muiz\\AppData\\Local\\Programs\\Python\\Python313\\Lib\\site-packages\\transformers\\models\\qwen2_5_vl\\__init__.py', reloading
2025-10-23 02:14:18,276 - INFO -  * Detected change in 'C:\\Users\\Muiz\\AppData\\Local\\Programs\\Python\\Python313\\Lib\\site-packages\\transformers\\models\\qwen2_5_vl\\configuration_qwen2_5_vl.py', reloading
2025-10-23 02:14:18,276 - INFO -  * Detected change in 'C:\\Users\\Muiz\\AppData\\Local\\Programs\\Python\\Python313\\Lib\\site-packages\\transformers\\models\\qwen2_5_vl\\configuration_qwen2_5_vl.py', reloading
2025-10-23 02:14:18,302 - INFO -  * Detected change in 'C:\\Users\\Muiz\\AppData\\Local\\Programs\\Python\\Python313\\Lib\\site-packages\\transformers\\models\\qwen2_5_vl\\modeling_qwen2_5_vl.py', reloading
2025-10-23 02:14:18,302 - INFO -  * Detected change in 'C:\\Users\\Muiz\\AppData\\Local\\Programs\\Python\\Python313\\Lib\\site-packages\\transformers\\models\\qwen2_5_vl\\modeling_qwen2_5_vl.py', reloading
2025-10-23 02:14:18,338 - INFO -  * Detected change in 'C:\\Users\\Muiz\\AppData\\Local\\Programs\\Python\\Python313\\Lib\\site-packages\\transformers\\models\\qwen2_5_vl\\processing_qwen2_5_vl.py', reloading
2025-10-23 02:14:18,338 - INFO -  * Detected change in 'C:\\Users\\Muiz\\AppData\\Local\\Programs\\Python\\Python313\\Lib\\site-packages\\transformers\\models\\qwen2_5_vl\\processing_qwen2_5_vl.py', reloading
2025-10-23 02:14:18,366 - INFO -  * Detected change in 'C:\\Users\\Muiz\\AppData\\Local\\Programs\\Python\\Python313\\Lib\\site-packages\\transformers\\models\\qwen2_audio\\__init__.py', reloading
2025-10-23 02:14:18,366 - INFO -  * Detected change in 'C:\\Users\\Muiz\\AppData\\Local\\Programs\\Python\\Python313\\Lib\\site-packages\\transformers\\models\\qwen2_audio\\__init__.py', reloading
2025-10-23 02:14:18,397 - INFO -  * Detected change in 'C:\\Users\\Muiz\\AppData\\Local\\Programs\\Python\\Python313\\Lib\\site-packages\\transformers\\models\\qwen2_audio\\configuration_qwen2_audio.py', reloading
2025-10-23 02:14:18,397 - INFO -  * Detected change in 'C:\\Users\\Muiz\\AppData\\Local\\Programs\\Python\\Python313\\Lib\\site-packages\\transformers\\models\\qwen2_audio\\configuration_qwen2_audio.py', reloading
2025-10-23 02:14:18,424 - INFO -  * Detected change in 'C:\\Users\\Muiz\\AppData\\Local\\Programs\\Python\\Python313\\Lib\\site-packages\\transformers\\models\\qwen2_audio\\modeling_qwen2_audio.py', reloading
2025-10-23 02:14:18,424 - INFO -  * Detected change in 'C:\\Users\\Muiz\\AppData\\Local\\Programs\\Python\\Python313\\Lib\\site-packages\\transformers\\models\\qwen2_audio\\modeling_qwen2_audio.py', reloading
2025-10-23 02:14:18,449 - WARNING -  * Debugger is active!
2025-10-23 02:14:18,451 - INFO -  * Debugger PIN: 603-667-668
2025-10-23 02:14:18,456 - INFO -  * Detected change in 'C:\\Users\\Muiz\\AppData\\Local\\Programs\\Python\\Python313\\Lib\\site-packages\\transformers\\models\\qwen2_audio\\processing_qwen2_audio.py', reloading
2025-10-23 02:14:18,456 - INFO -  * Detected change in 'C:\\Users\\Muiz\\AppData\\Local\\Programs\\Python\\Python313\\Lib\\site-packages\\transformers\\models\\qwen2_audio\\processing_qwen2_audio.py', reloading
2025-10-23 02:14:18,477 - INFO -  * Detected change in 'C:\\Users\\Muiz\\AppData\\Local\\Programs\\Python\\Python313\\Lib\\site-packages\\transformers\\models\\qwen2_moe\\__init__.py', reloading
2025-10-23 02:14:18,477 - INFO -  * Detected change in 'C:\\Users\\Muiz\\AppData\\Local\\Programs\\Python\\Python313\\Lib\\site-packages\\transformers\\models\\qwen2_moe\\__init__.py', reloading
2025-10-23 02:14:18,478 - INFO -  * Detected change in 'C:\\Users\\Muiz\\AppData\\Local\\Programs\\Python\\Python313\\Lib\\site-packages\\transformers\\models\\qwen2_moe\\__init__.py', reloading
2025-10-23 02:14:18,504 - INFO -  * Detected change in 'C:\\Users\\Muiz\\AppData\\Local\\Programs\\Python\\Python313\\Lib\\site-packages\\transformers\\models\\qwen2_moe\\configuration_qwen2_moe.py', reloading
2025-10-23 02:14:18,504 - INFO -  * Detected change in 'C:\\Users\\Muiz\\AppData\\Local\\Programs\\Python\\Python313\\Lib\\site-packages\\transformers\\models\\qwen2_moe\\configuration_qwen2_moe.py', reloading
2025-10-23 02:14:18,505 - INFO -  * Detected change in 'C:\\Users\\Muiz\\AppData\\Local\\Programs\\Python\\Python313\\Lib\\site-packages\\transformers\\models\\qwen2_moe\\configuration_qwen2_moe.py', reloading
2025-10-23 02:14:18,536 - INFO -  * Detected change in 'C:\\Users\\Muiz\\AppData\\Local\\Programs\\Python\\Python313\\Lib\\site-packages\\transformers\\models\\qwen2_moe\\modeling_qwen2_moe.py', reloading
2025-10-23 02:14:18,536 - INFO -  * Detected change in 'C:\\Users\\Muiz\\AppData\\Local\\Programs\\Python\\Python313\\Lib\\site-packages\\transformers\\models\\qwen2_moe\\modeling_qwen2_moe.py', reloading
2025-10-23 02:14:18,577 - INFO -  * Detected change in 'C:\\Users\\Muiz\\AppData\\Local\\Programs\\Python\\Python313\\Lib\\site-packages\\transformers\\models\\qwen2_vl\\__init__.py', reloading
2025-10-23 02:14:18,577 - INFO -  * Detected change in 'C:\\Users\\Muiz\\AppData\\Local\\Programs\\Python\\Python313\\Lib\\site-packages\\transformers\\models\\qwen2_vl\\__init__.py', reloading
2025-10-23 02:14:18,577 - INFO -  * Detected change in 'C:\\Users\\Muiz\\AppData\\Local\\Programs\\Python\\Python313\\Lib\\site-packages\\transformers\\models\\qwen2_vl\\__init__.py', reloading
2025-10-23 02:14:18,607 - INFO -  * Detected change in 'C:\\Users\\Muiz\\AppData\\Local\\Programs\\Python\\Python313\\Lib\\site-packages\\transformers\\models\\qwen2_vl\\configuration_qwen2_vl.py', reloading
2025-10-23 02:14:18,607 - INFO -  * Detected change in 'C:\\Users\\Muiz\\AppData\\Local\\Programs\\Python\\Python313\\Lib\\site-packages\\transformers\\models\\qwen2_vl\\configuration_qwen2_vl.py', reloading
2025-10-23 02:14:18,640 - INFO -  * Detected change in 'C:\\Users\\Muiz\\AppData\\Local\\Programs\\Python\\Python313\\Lib\\site-packages\\transformers\\models\\qwen2_vl\\image_processing_qwen2_vl.py', reloading
2025-10-23 02:14:18,640 - INFO -  * Detected change in 'C:\\Users\\Muiz\\AppData\\Local\\Programs\\Python\\Python313\\Lib\\site-packages\\transformers\\models\\qwen2_vl\\image_processing_qwen2_vl.py', reloading
2025-10-23 02:14:18,670 - INFO -  * Detected change in 'C:\\Users\\Muiz\\AppData\\Local\\Programs\\Python\\Python313\\Lib\\site-packages\\transformers\\models\\qwen2_vl\\image_processing_qwen2_vl_fast.py', reloading
2025-10-23 02:14:18,670 - INFO -  * Detected change in 'C:\\Users\\Muiz\\AppData\\Local\\Programs\\Python\\Python313\\Lib\\site-packages\\transformers\\models\\qwen2_vl\\image_processing_qwen2_vl_fast.py', reloading
2025-10-23 02:14:18,693 - INFO -  * Detected change in 'C:\\Users\\Muiz\\AppData\\Local\\Programs\\Python\\Python313\\Lib\\site-packages\\transformers\\models\\qwen2_vl\\modeling_qwen2_vl.py', reloading
2025-10-23 02:14:18,693 - INFO -  * Detected change in 'C:\\Users\\Muiz\\AppData\\Local\\Programs\\Python\\Python313\\Lib\\site-packages\\transformers\\models\\qwen2_vl\\modeling_qwen2_vl.py', reloading
2025-10-23 02:14:18,693 - INFO -  * Detected change in 'C:\\Users\\Muiz\\AppData\\Local\\Programs\\Python\\Python313\\Lib\\site-packages\\transformers\\models\\qwen2_vl\\modeling_qwen2_vl.py', reloading
2025-10-23 02:14:18,732 - INFO -  * Detected change in 'C:\\Users\\Muiz\\AppData\\Local\\Programs\\Python\\Python313\\Lib\\site-packages\\transformers\\models\\qwen2_vl\\processing_qwen2_vl.py', reloading
2025-10-23 02:14:18,732 - INFO -  * Detected change in 'C:\\Users\\Muiz\\AppData\\Local\\Programs\\Python\\Python313\\Lib\\site-packages\\transformers\\models\\qwen2_vl\\processing_qwen2_vl.py', reloading
2025-10-23 02:14:18,732 - INFO -  * Detected change in 'C:\\Users\\Muiz\\AppData\\Local\\Programs\\Python\\Python313\\Lib\\site-packages\\transformers\\models\\qwen2_vl\\processing_qwen2_vl.py', reloading
2025-10-23 02:14:18,756 - INFO -  * Detected change in 'C:\\Users\\Muiz\\AppData\\Local\\Programs\\Python\\Python313\\Lib\\site-packages\\transformers\\models\\qwen3\\__init__.py', reloading
2025-10-23 02:14:18,756 - INFO -  * Detected change in 'C:\\Users\\Muiz\\AppData\\Local\\Programs\\Python\\Python313\\Lib\\site-packages\\transformers\\models\\qwen3\\__init__.py', reloading
2025-10-23 02:14:18,757 - INFO -  * Detected change in 'C:\\Users\\Muiz\\AppData\\Local\\Programs\\Python\\Python313\\Lib\\site-packages\\transformers\\models\\qwen3\\__init__.py', reloading
2025-10-23 02:14:18,788 - INFO -  * Detected change in 'C:\\Users\\Muiz\\AppData\\Local\\Programs\\Python\\Python313\\Lib\\site-packages\\transformers\\models\\qwen3\\configuration_qwen3.py', reloading
2025-10-23 02:14:18,788 - INFO -  * Detected change in 'C:\\Users\\Muiz\\AppData\\Local\\Programs\\Python\\Python313\\Lib\\site-packages\\transformers\\models\\qwen3\\configuration_qwen3.py', reloading
2025-10-23 02:14:18,788 - INFO -  * Detected change in 'C:\\Users\\Muiz\\AppData\\Local\\Programs\\Python\\Python313\\Lib\\site-packages\\transformers\\models\\qwen3\\configuration_qwen3.py', reloading
2025-10-23 02:14:18,809 - INFO -  * Detected change in 'C:\\Users\\Muiz\\AppData\\Local\\Programs\\Python\\Python313\\Lib\\site-packages\\transformers\\models\\qwen3\\modeling_qwen3.py', reloading
2025-10-23 02:14:18,809 - INFO -  * Detected change in 'C:\\Users\\Muiz\\AppData\\Local\\Programs\\Python\\Python313\\Lib\\site-packages\\transformers\\models\\qwen3\\modeling_qwen3.py', reloading
2025-10-23 02:14:18,809 - INFO -  * Detected change in 'C:\\Users\\Muiz\\AppData\\Local\\Programs\\Python\\Python313\\Lib\\site-packages\\transformers\\models\\qwen3\\modeling_qwen3.py', reloading
2025-10-23 02:14:18,835 - INFO -  * Detected change in 'C:\\Users\\Muiz\\AppData\\Local\\Programs\\Python\\Python313\\Lib\\site-packages\\transformers\\models\\qwen3_moe\\__init__.py', reloading
2025-10-23 02:14:18,835 - INFO -  * Detected change in 'C:\\Users\\Muiz\\AppData\\Local\\Programs\\Python\\Python313\\Lib\\site-packages\\transformers\\models\\qwen3_moe\\__init__.py', reloading
2025-10-23 02:14:18,872 - INFO -  * Detected change in 'C:\\Users\\Muiz\\AppData\\Local\\Programs\\Python\\Python313\\Lib\\site-packages\\transformers\\models\\qwen3_moe\\configuration_qwen3_moe.py', reloading
2025-10-23 02:14:18,873 - INFO -  * Detected change in 'C:\\Users\\Muiz\\AppData\\Local\\Programs\\Python\\Python313\\Lib\\site-packages\\transformers\\models\\qwen3_moe\\configuration_qwen3_moe.py', reloading
2025-10-23 02:14:18,895 - INFO -  * Detected change in 'C:\\Users\\Muiz\\AppData\\Local\\Programs\\Python\\Python313\\Lib\\site-packages\\transformers\\models\\qwen3_moe\\modeling_qwen3_moe.py', reloading
2025-10-23 02:14:18,895 - INFO -  * Detected change in 'C:\\Users\\Muiz\\AppData\\Local\\Programs\\Python\\Python313\\Lib\\site-packages\\transformers\\models\\qwen3_moe\\modeling_qwen3_moe.py', reloading
2025-10-23 02:14:18,921 - INFO -  * Detected change in 'C:\\Users\\Muiz\\AppData\\Local\\Programs\\Python\\Python313\\Lib\\site-packages\\transformers\\models\\qwen3_next\\__init__.py', reloading
2025-10-23 02:14:18,964 - INFO -  * Detected change in 'C:\\Users\\Muiz\\AppData\\Local\\Programs\\Python\\Python313\\Lib\\site-packages\\transformers\\models\\qwen3_next\\configuration_qwen3_next.py', reloading
2025-10-23 02:14:18,987 - INFO -  * Detected change in 'C:\\Users\\Muiz\\AppData\\Local\\Programs\\Python\\Python313\\Lib\\site-packages\\transformers\\models\\qwen3_next\\modeling_qwen3_next.py', reloading
2025-10-23 02:14:19,018 - INFO -  * Detected change in 'C:\\Users\\Muiz\\AppData\\Local\\Programs\\Python\\Python313\\Lib\\site-packages\\transformers\\models\\qwen3_omni_moe\\__init__.py', reloading
2025-10-23 02:14:19,038 - INFO -  * Detected change in 'C:\\Users\\Muiz\\AppData\\Local\\Programs\\Python\\Python313\\Lib\\site-packages\\transformers\\models\\qwen3_omni_moe\\configuration_qwen3_omni_moe.py', reloading
2025-10-23 02:14:19,064 - INFO -  * Detected change in 'C:\\Users\\Muiz\\AppData\\Local\\Programs\\Python\\Python313\\Lib\\site-packages\\transformers\\models\\qwen3_omni_moe\\modeling_qwen3_omni_moe.py', reloading
2025-10-23 02:14:19,105 - INFO -  * Detected change in 'C:\\Users\\Muiz\\AppData\\Local\\Programs\\Python\\Python313\\Lib\\site-packages\\transformers\\models\\qwen3_omni_moe\\processing_qwen3_omni_moe.py', reloading
2025-10-23 02:14:19,131 - INFO -  * Detected change in 'C:\\Users\\Muiz\\AppData\\Local\\Programs\\Python\\Python313\\Lib\\site-packages\\transformers\\models\\qwen3_vl\\__init__.py', reloading
2025-10-23 02:14:19,138 - INFO -  * Restarting with watchdog (windowsapi)
2025-10-23 02:14:19,148 - INFO -  * Detected change in 'C:\\Users\\Muiz\\AppData\\Local\\Programs\\Python\\Python313\\Lib\\site-packages\\transformers\\models\\qwen3_vl\\configuration_qwen3_vl.py', reloading
2025-10-23 02:14:19,166 - INFO -  * Detected change in 'C:\\Users\\Muiz\\AppData\\Local\\Programs\\Python\\Python313\\Lib\\site-packages\\transformers\\models\\qwen3_vl\\modeling_qwen3_vl.py', reloading
2025-10-23 02:14:19,192 - INFO -  * Detected change in 'C:\\Users\\Muiz\\AppData\\Local\\Programs\\Python\\Python313\\Lib\\site-packages\\transformers\\models\\qwen3_vl\\processing_qwen3_vl.py', reloading
2025-10-23 02:14:19,215 - INFO -  * Detected change in 'C:\\Users\\Muiz\\AppData\\Local\\Programs\\Python\\Python313\\Lib\\site-packages\\transformers\\models\\qwen3_vl\\video_processing_qwen3_vl.py', reloading
2025-10-23 02:14:19,290 - INFO -  * Detected change in 'C:\\Users\\Muiz\\AppData\\Local\\Programs\\Python\\Python313\\Lib\\site-packages\\transformers\\models\\qwen3_vl_moe\\__init__.py', reloading
2025-10-23 02:14:19,326 - INFO -  * Detected change in 'C:\\Users\\Muiz\\AppData\\Local\\Programs\\Python\\Python313\\Lib\\site-packages\\transformers\\models\\qwen3_vl_moe\\configuration_qwen3_vl_moe.py', reloading
2025-10-23 02:14:19,345 - INFO -  * Detected change in 'C:\\Users\\Muiz\\AppData\\Local\\Programs\\Python\\Python313\\Lib\\site-packages\\transformers\\models\\qwen3_vl_moe\\modeling_qwen3_vl_moe.py', reloading
2025-10-23 02:14:19,377 - INFO -  * Detected change in 'C:\\Users\\Muiz\\AppData\\Local\\Programs\\Python\\Python313\\Lib\\site-packages\\transformers\\models\\rag\\__init__.py', reloading
2025-10-23 02:14:19,402 - INFO -  * Detected change in 'C:\\Users\\Muiz\\AppData\\Local\\Programs\\Python\\Python313\\Lib\\site-packages\\transformers\\models\\rag\\configuration_rag.py', reloading
2025-10-23 02:14:19,418 - INFO -  * Detected change in 'C:\\Users\\Muiz\\AppData\\Local\\Programs\\Python\\Python313\\Lib\\site-packages\\transformers\\models\\rag\\modeling_rag.py', reloading
2025-10-23 02:14:19,456 - INFO -  * Detected change in 'C:\\Users\\Muiz\\AppData\\Local\\Programs\\Python\\Python313\\Lib\\site-packages\\transformers\\models\\rag\\modeling_tf_rag.py', reloading
2025-10-23 02:14:19,737 - INFO -  * Restarting with watchdog (windowsapi)
2025-10-23 02:14:21,105 - INFO - Model and TF-IDF vectorizer loaded successfully.
2025-10-23 02:14:21,105 - INFO - Model and TF-IDF vectorizer loaded successfully.
2025-10-23 02:14:21,742 - WARNING -  * Debugger is active!
2025-10-23 02:14:21,753 - INFO -  * Debugger PIN: 603-667-668
2025-10-23 02:14:21,785 - INFO -  * Detected change in 'C:\\Users\\Muiz\\AppData\\Local\\Programs\\Python\\Python313\\Lib\\site-packages\\transformers\\models\\roberta_prelayernorm\\modeling_roberta_prelayernorm.py', reloading
2025-10-23 02:14:21,798 - INFO - Model and TF-IDF vectorizer loaded successfully.
2025-10-23 02:14:21,821 - INFO -  * Detected change in 'C:\\Users\\Muiz\\AppData\\Local\\Programs\\Python\\Python313\\Lib\\site-packages\\transformers\\models\\roberta_prelayernorm\\modeling_tf_roberta_prelayernorm.py', reloading
2025-10-23 02:14:21,842 - INFO -  * Detected change in 'C:\\Users\\Muiz\\AppData\\Local\\Programs\\Python\\Python313\\Lib\\site-packages\\transformers\\models\\roc_bert\\__init__.py', reloading
2025-10-23 02:14:21,859 - INFO -  * Detected change in 'C:\\Users\\Muiz\\AppData\\Local\\Programs\\Python\\Python313\\Lib\\site-packages\\transformers\\models\\roc_bert\\configuration_roc_bert.py', reloading
2025-10-23 02:14:21,879 - INFO -  * Detected change in 'C:\\Users\\Muiz\\AppData\\Local\\Programs\\Python\\Python313\\Lib\\site-packages\\transformers\\models\\roc_bert\\modeling_roc_bert.py', reloading
2025-10-23 02:14:21,897 - WARNING -  * Debugger is active!
2025-10-23 02:14:21,899 - INFO -  * Debugger PIN: 603-667-668
2025-10-23 02:14:21,924 - INFO -  * Detected change in 'C:\\Users\\Muiz\\AppData\\Local\\Programs\\Python\\Python313\\Lib\\site-packages\\transformers\\models\\roc_bert\\tokenization_roc_bert.py', reloading
2025-10-23 02:14:21,925 - INFO -  * Detected change in 'C:\\Users\\Muiz\\AppData\\Local\\Programs\\Python\\Python313\\Lib\\site-packages\\transformers\\models\\roc_bert\\tokenization_roc_bert.py', reloading
2025-10-23 02:14:21,971 - INFO -  * Detected change in 'C:\\Users\\Muiz\\AppData\\Local\\Programs\\Python\\Python313\\Lib\\site-packages\\transformers\\models\\roformer\\__init__.py', reloading
2025-10-23 02:14:21,971 - INFO -  * Detected change in 'C:\\Users\\Muiz\\AppData\\Local\\Programs\\Python\\Python313\\Lib\\site-packages\\transformers\\models\\roformer\\__init__.py', reloading
2025-10-23 02:14:22,021 - INFO -  * Detected change in 'C:\\Users\\Muiz\\AppData\\Local\\Programs\\Python\\Python313\\Lib\\site-packages\\transformers\\models\\roformer\\configuration_roformer.py', reloading
2025-10-23 02:14:22,021 - INFO -  * Detected change in 'C:\\Users\\Muiz\\AppData\\Local\\Programs\\Python\\Python313\\Lib\\site-packages\\transformers\\models\\roformer\\configuration_roformer.py', reloading
2025-10-23 02:14:22,084 - INFO -  * Detected change in 'C:\\Users\\Muiz\\AppData\\Local\\Programs\\Python\\Python313\\Lib\\site-packages\\transformers\\models\\roformer\\modeling_flax_roformer.py', reloading
2025-10-23 02:14:22,084 - INFO -  * Detected change in 'C:\\Users\\Muiz\\AppData\\Local\\Programs\\Python\\Python313\\Lib\\site-packages\\transformers\\models\\roformer\\modeling_flax_roformer.py', reloading
2025-10-23 02:14:22,124 - INFO -  * Detected change in 'C:\\Users\\Muiz\\AppData\\Local\\Programs\\Python\\Python313\\Lib\\site-packages\\transformers\\models\\roformer\\modeling_roformer.py', reloading
2025-10-23 02:14:22,124 - INFO -  * Detected change in 'C:\\Users\\Muiz\\AppData\\Local\\Programs\\Python\\Python313\\Lib\\site-packages\\transformers\\models\\roformer\\modeling_roformer.py', reloading
2025-10-23 02:14:22,162 - INFO -  * Detected change in 'C:\\Users\\Muiz\\AppData\\Local\\Programs\\Python\\Python313\\Lib\\site-packages\\transformers\\models\\roformer\\modeling_tf_roformer.py', reloading
2025-10-23 02:14:22,163 - INFO -  * Detected change in 'C:\\Users\\Muiz\\AppData\\Local\\Programs\\Python\\Python313\\Lib\\site-packages\\transformers\\models\\roformer\\modeling_tf_roformer.py', reloading
2025-10-23 02:14:22,184 - WARNING -  * Debugger is active!
2025-10-23 02:14:22,186 - INFO -  * Debugger PIN: 603-667-668
2025-10-23 02:14:22,198 - INFO -  * Detected change in 'C:\\Users\\Muiz\\AppData\\Local\\Programs\\Python\\Python313\\Lib\\site-packages\\transformers\\models\\roformer\\tokenization_roformer.py', reloading
2025-10-23 02:14:22,198 - INFO -  * Detected change in 'C:\\Users\\Muiz\\AppData\\Local\\Programs\\Python\\Python313\\Lib\\site-packages\\transformers\\models\\roformer\\tokenization_roformer.py', reloading
2025-10-23 02:14:22,226 - INFO -  * Detected change in 'C:\\Users\\Muiz\\AppData\\Local\\Programs\\Python\\Python313\\Lib\\site-packages\\transformers\\models\\roformer\\tokenization_roformer_fast.py', reloading
2025-10-23 02:14:22,226 - INFO -  * Detected change in 'C:\\Users\\Muiz\\AppData\\Local\\Programs\\Python\\Python313\\Lib\\site-packages\\transformers\\models\\roformer\\tokenization_roformer_fast.py', reloading
2025-10-23 02:14:22,227 - INFO -  * Detected change in 'C:\\Users\\Muiz\\AppData\\Local\\Programs\\Python\\Python313\\Lib\\site-packages\\transformers\\models\\roformer\\tokenization_roformer_fast.py', reloading
2025-10-23 02:14:22,254 - INFO -  * Detected change in 'C:\\Users\\Muiz\\AppData\\Local\\Programs\\Python\\Python313\\Lib\\site-packages\\transformers\\models\\rt_detr\\__init__.py', reloading
2025-10-23 02:14:22,254 - INFO -  * Detected change in 'C:\\Users\\Muiz\\AppData\\Local\\Programs\\Python\\Python313\\Lib\\site-packages\\transformers\\models\\rt_detr\\__init__.py', reloading
2025-10-23 02:14:22,254 - INFO -  * Detected change in 'C:\\Users\\Muiz\\AppData\\Local\\Programs\\Python\\Python313\\Lib\\site-packages\\transformers\\models\\rt_detr\\__init__.py', reloading
2025-10-23 02:14:22,285 - INFO -  * Detected change in 'C:\\Users\\Muiz\\AppData\\Local\\Programs\\Python\\Python313\\Lib\\site-packages\\transformers\\models\\rt_detr\\configuration_rt_detr.py', reloading
2025-10-23 02:14:22,285 - INFO -  * Detected change in 'C:\\Users\\Muiz\\AppData\\Local\\Programs\\Python\\Python313\\Lib\\site-packages\\transformers\\models\\rt_detr\\configuration_rt_detr.py', reloading
2025-10-23 02:14:22,285 - INFO -  * Detected change in 'C:\\Users\\Muiz\\AppData\\Local\\Programs\\Python\\Python313\\Lib\\site-packages\\transformers\\models\\rt_detr\\configuration_rt_detr.py', reloading
2025-10-23 02:14:22,303 - INFO -  * Detected change in 'C:\\Users\\Muiz\\AppData\\Local\\Programs\\Python\\Python313\\Lib\\site-packages\\transformers\\models\\rt_detr\\configuration_rt_detr_resnet.py', reloading
2025-10-23 02:14:22,303 - INFO -  * Detected change in 'C:\\Users\\Muiz\\AppData\\Local\\Programs\\Python\\Python313\\Lib\\site-packages\\transformers\\models\\rt_detr\\configuration_rt_detr_resnet.py', reloading
2025-10-23 02:14:22,304 - INFO -  * Detected change in 'C:\\Users\\Muiz\\AppData\\Local\\Programs\\Python\\Python313\\Lib\\site-packages\\transformers\\models\\rt_detr\\configuration_rt_detr_resnet.py', reloading
2025-10-23 02:14:22,336 - INFO -  * Detected change in 'C:\\Users\\Muiz\\AppData\\Local\\Programs\\Python\\Python313\\Lib\\site-packages\\transformers\\models\\rt_detr\\image_processing_rt_detr.py', reloading
2025-10-23 02:14:22,336 - INFO -  * Detected change in 'C:\\Users\\Muiz\\AppData\\Local\\Programs\\Python\\Python313\\Lib\\site-packages\\transformers\\models\\rt_detr\\image_processing_rt_detr.py', reloading
2025-10-23 02:14:22,336 - INFO -  * Detected change in 'C:\\Users\\Muiz\\AppData\\Local\\Programs\\Python\\Python313\\Lib\\site-packages\\transformers\\models\\rt_detr\\image_processing_rt_detr.py', reloading
2025-10-23 02:14:22,361 - INFO -  * Detected change in 'C:\\Users\\Muiz\\AppData\\Local\\Programs\\Python\\Python313\\Lib\\site-packages\\transformers\\models\\rt_detr\\image_processing_rt_detr_fast.py', reloading
2025-10-23 02:14:22,361 - INFO -  * Detected change in 'C:\\Users\\Muiz\\AppData\\Local\\Programs\\Python\\Python313\\Lib\\site-packages\\transformers\\models\\rt_detr\\image_processing_rt_detr_fast.py', reloading
2025-10-23 02:14:22,361 - INFO -  * Detected change in 'C:\\Users\\Muiz\\AppData\\Local\\Programs\\Python\\Python313\\Lib\\site-packages\\transformers\\models\\rt_detr\\image_processing_rt_detr_fast.py', reloading
2025-10-23 02:14:22,400 - INFO -  * Detected change in 'C:\\Users\\Muiz\\AppData\\Local\\Programs\\Python\\Python313\\Lib\\site-packages\\transformers\\models\\rt_detr\\modeling_rt_detr.py', reloading
2025-10-23 02:14:22,400 - INFO -  * Detected change in 'C:\\Users\\Muiz\\AppData\\Local\\Programs\\Python\\Python313\\Lib\\site-packages\\transformers\\models\\rt_detr\\modeling_rt_detr.py', reloading
2025-10-23 02:14:22,453 - INFO -  * Detected change in 'C:\\Users\\Muiz\\AppData\\Local\\Programs\\Python\\Python313\\Lib\\site-packages\\transformers\\models\\rt_detr\\modeling_rt_detr_resnet.py', reloading
2025-10-23 02:14:22,476 - INFO -  * Detected change in 'C:\\Users\\Muiz\\AppData\\Local\\Programs\\Python\\Python313\\Lib\\site-packages\\transformers\\models\\rt_detr_v2\\__init__.py', reloading
2025-10-23 02:14:22,476 - INFO -  * Detected change in 'C:\\Users\\Muiz\\AppData\\Local\\Programs\\Python\\Python313\\Lib\\site-packages\\transformers\\models\\rt_detr_v2\\__init__.py', reloading
2025-10-23 02:14:22,476 - INFO -  * Detected change in 'C:\\Users\\Muiz\\AppData\\Local\\Programs\\Python\\Python313\\Lib\\site-packages\\transformers\\models\\rt_detr_v2\\__init__.py', reloading
2025-10-23 02:14:22,498 - INFO -  * Detected change in 'C:\\Users\\Muiz\\AppData\\Local\\Programs\\Python\\Python313\\Lib\\site-packages\\transformers\\models\\rt_detr_v2\\configuration_rt_detr_v2.py', reloading
2025-10-23 02:14:22,522 - INFO -  * Detected change in 'C:\\Users\\Muiz\\AppData\\Local\\Programs\\Python\\Python313\\Lib\\site-packages\\transformers\\models\\rt_detr_v2\\modeling_rt_detr_v2.py', reloading
2025-10-23 02:14:22,522 - INFO -  * Detected change in 'C:\\Users\\Muiz\\AppData\\Local\\Programs\\Python\\Python313\\Lib\\site-packages\\transformers\\models\\rt_detr_v2\\modeling_rt_detr_v2.py', reloading
2025-10-23 02:14:22,522 - INFO -  * Detected change in 'C:\\Users\\Muiz\\AppData\\Local\\Programs\\Python\\Python313\\Lib\\site-packages\\transformers\\models\\rt_detr_v2\\modeling_rt_detr_v2.py', reloading
2025-10-23 02:14:22,560 - INFO -  * Detected change in 'C:\\Users\\Muiz\\AppData\\Local\\Programs\\Python\\Python313\\Lib\\site-packages\\transformers\\models\\rwkv\\__init__.py', reloading
2025-10-23 02:14:22,560 - INFO -  * Detected change in 'C:\\Users\\Muiz\\AppData\\Local\\Programs\\Python\\Python313\\Lib\\site-packages\\transformers\\models\\rwkv\\__init__.py', reloading
2025-10-23 02:14:22,560 - INFO -  * Detected change in 'C:\\Users\\Muiz\\AppData\\Local\\Programs\\Python\\Python313\\Lib\\site-packages\\transformers\\models\\rwkv\\__init__.py', reloading
2025-10-23 02:14:22,586 - INFO -  * Detected change in 'C:\\Users\\Muiz\\AppData\\Local\\Programs\\Python\\Python313\\Lib\\site-packages\\transformers\\models\\rwkv\\configuration_rwkv.py', reloading
2025-10-23 02:14:22,586 - INFO -  * Detected change in 'C:\\Users\\Muiz\\AppData\\Local\\Programs\\Python\\Python313\\Lib\\site-packages\\transformers\\models\\rwkv\\configuration_rwkv.py', reloading
2025-10-23 02:14:22,586 - INFO -  * Detected change in 'C:\\Users\\Muiz\\AppData\\Local\\Programs\\Python\\Python313\\Lib\\site-packages\\transformers\\models\\rwkv\\configuration_rwkv.py', reloading
2025-10-23 02:14:22,619 - INFO -  * Detected change in 'C:\\Users\\Muiz\\AppData\\Local\\Programs\\Python\\Python313\\Lib\\site-packages\\transformers\\models\\rwkv\\modeling_rwkv.py', reloading
2025-10-23 02:14:22,619 - INFO -  * Detected change in 'C:\\Users\\Muiz\\AppData\\Local\\Programs\\Python\\Python313\\Lib\\site-packages\\transformers\\models\\rwkv\\modeling_rwkv.py', reloading
2025-10-23 02:14:22,619 - INFO -  * Detected change in 'C:\\Users\\Muiz\\AppData\\Local\\Programs\\Python\\Python313\\Lib\\site-packages\\transformers\\models\\rwkv\\modeling_rwkv.py', reloading
2025-10-23 02:14:22,639 - INFO -  * Detected change in 'C:\\Users\\Muiz\\AppData\\Local\\Programs\\Python\\Python313\\Lib\\site-packages\\transformers\\models\\sam\\__init__.py', reloading
2025-10-23 02:14:22,639 - INFO -  * Detected change in 'C:\\Users\\Muiz\\AppData\\Local\\Programs\\Python\\Python313\\Lib\\site-packages\\transformers\\models\\sam\\__init__.py', reloading
2025-10-23 02:14:22,670 - INFO -  * Detected change in 'C:\\Users\\Muiz\\AppData\\Local\\Programs\\Python\\Python313\\Lib\\site-packages\\transformers\\models\\sam\\configuration_sam.py', reloading
2025-10-23 02:14:22,670 - INFO -  * Detected change in 'C:\\Users\\Muiz\\AppData\\Local\\Programs\\Python\\Python313\\Lib\\site-packages\\transformers\\models\\sam\\configuration_sam.py', reloading
2025-10-23 02:14:22,671 - INFO -  * Detected change in 'C:\\Users\\Muiz\\AppData\\Local\\Programs\\Python\\Python313\\Lib\\site-packages\\transformers\\models\\sam\\configuration_sam.py', reloading
2025-10-23 02:14:22,692 - INFO -  * Detected change in 'C:\\Users\\Muiz\\AppData\\Local\\Programs\\Python\\Python313\\Lib\\site-packages\\transformers\\models\\sam\\image_processing_sam.py', reloading
2025-10-23 02:14:22,692 - INFO -  * Detected change in 'C:\\Users\\Muiz\\AppData\\Local\\Programs\\Python\\Python313\\Lib\\site-packages\\transformers\\models\\sam\\image_processing_sam.py', reloading
2025-10-23 02:14:22,729 - INFO -  * Detected change in 'C:\\Users\\Muiz\\AppData\\Local\\Programs\\Python\\Python313\\Lib\\site-packages\\transformers\\models\\sam\\image_processing_sam_fast.py', reloading
2025-10-23 02:14:22,730 - INFO -  * Detected change in 'C:\\Users\\Muiz\\AppData\\Local\\Programs\\Python\\Python313\\Lib\\site-packages\\transformers\\models\\sam\\image_processing_sam_fast.py', reloading
2025-10-23 02:14:22,730 - INFO -  * Detected change in 'C:\\Users\\Muiz\\AppData\\Local\\Programs\\Python\\Python313\\Lib\\site-packages\\transformers\\models\\sam\\image_processing_sam_fast.py', reloading
2025-10-23 02:14:22,764 - INFO -  * Detected change in 'C:\\Users\\Muiz\\AppData\\Local\\Programs\\Python\\Python313\\Lib\\site-packages\\transformers\\models\\sam\\modeling_sam.py', reloading
2025-10-23 02:14:22,764 - INFO -  * Detected change in 'C:\\Users\\Muiz\\AppData\\Local\\Programs\\Python\\Python313\\Lib\\site-packages\\transformers\\models\\sam\\modeling_sam.py', reloading
2025-10-23 02:14:22,764 - INFO -  * Detected change in 'C:\\Users\\Muiz\\AppData\\Local\\Programs\\Python\\Python313\\Lib\\site-packages\\transformers\\models\\sam\\modeling_sam.py', reloading
2025-10-23 02:14:22,812 - INFO -  * Detected change in 'C:\\Users\\Muiz\\AppData\\Local\\Programs\\Python\\Python313\\Lib\\site-packages\\transformers\\models\\sam\\modeling_tf_sam.py', reloading
2025-10-23 02:14:22,847 - INFO -  * Detected change in 'C:\\Users\\Muiz\\AppData\\Local\\Programs\\Python\\Python313\\Lib\\site-packages\\transformers\\models\\sam\\processing_sam.py', reloading
2025-10-23 02:14:22,848 - INFO -  * Detected change in 'C:\\Users\\Muiz\\AppData\\Local\\Programs\\Python\\Python313\\Lib\\site-packages\\transformers\\models\\sam\\processing_sam.py', reloading
2025-10-23 02:14:22,862 - INFO -  * Detected change in 'C:\\Users\\Muiz\\AppData\\Local\\Programs\\Python\\Python313\\Lib\\site-packages\\transformers\\models\\sam2\\__init__.py', reloading
2025-10-23 02:14:22,862 - INFO -  * Detected change in 'C:\\Users\\Muiz\\AppData\\Local\\Programs\\Python\\Python313\\Lib\\site-packages\\transformers\\models\\sam2\\__init__.py', reloading
2025-10-23 02:14:22,889 - INFO -  * Detected change in 'C:\\Users\\Muiz\\AppData\\Local\\Programs\\Python\\Python313\\Lib\\site-packages\\transformers\\models\\sam2\\configuration_sam2.py', reloading
2025-10-23 02:14:22,889 - INFO -  * Detected change in 'C:\\Users\\Muiz\\AppData\\Local\\Programs\\Python\\Python313\\Lib\\site-packages\\transformers\\models\\sam2\\configuration_sam2.py', reloading
2025-10-23 02:14:22,902 - INFO -  * Detected change in 'C:\\Users\\Muiz\\AppData\\Local\\Programs\\Python\\Python313\\Lib\\site-packages\\transformers\\models\\sam2\\image_processing_sam2_fast.py', reloading
2025-10-23 02:14:22,902 - INFO -  * Detected change in 'C:\\Users\\Muiz\\AppData\\Local\\Programs\\Python\\Python313\\Lib\\site-packages\\transformers\\models\\sam2\\image_processing_sam2_fast.py', reloading
2025-10-23 02:14:22,928 - INFO -  * Detected change in 'C:\\Users\\Muiz\\AppData\\Local\\Programs\\Python\\Python313\\Lib\\site-packages\\transformers\\models\\sam2\\modeling_sam2.py', reloading
2025-10-23 02:14:22,972 - INFO -  * Detected change in 'C:\\Users\\Muiz\\AppData\\Local\\Programs\\Python\\Python313\\Lib\\site-packages\\transformers\\models\\sam2\\processing_sam2.py', reloading
2025-10-23 02:14:23,000 - INFO -  * Detected change in 'C:\\Users\\Muiz\\AppData\\Local\\Programs\\Python\\Python313\\Lib\\site-packages\\transformers\\models\\sam2_video\\__init__.py', reloading
2025-10-23 02:14:23,020 - INFO -  * Detected change in 'C:\\Users\\Muiz\\AppData\\Local\\Programs\\Python\\Python313\\Lib\\site-packages\\transformers\\models\\sam2_video\\configuration_sam2_video.py', reloading
2025-10-23 02:14:23,044 - INFO -  * Detected change in 'C:\\Users\\Muiz\\AppData\\Local\\Programs\\Python\\Python313\\Lib\\site-packages\\transformers\\models\\sam2_video\\modeling_sam2_video.py', reloading
2025-10-23 02:14:23,088 - INFO -  * Detected change in 'C:\\Users\\Muiz\\AppData\\Local\\Programs\\Python\\Python313\\Lib\\site-packages\\transformers\\models\\sam2_video\\processing_sam2_video.py', reloading
2025-10-23 02:14:23,114 - INFO -  * Restarting with watchdog (windowsapi)
2025-10-23 02:14:23,172 - INFO -  * Detected change in 'C:\\Users\\Muiz\\AppData\\Local\\Programs\\Python\\Python313\\Lib\\site-packages\\transformers\\models\\sam2_video\\video_processing_sam2_video.py', reloading
2025-10-23 02:14:23,515 - INFO -  * Restarting with watchdog (windowsapi)
2025-10-23 02:14:25,391 - INFO - Model and TF-IDF vectorizer loaded successfully.
2025-10-23 02:14:25,397 - INFO - Model and TF-IDF vectorizer loaded successfully.
2025-10-23 02:14:25,791 - WARNING -  * Debugger is active!
2025-10-23 02:14:25,803 - INFO -  * Debugger PIN: 603-667-668
2025-10-23 02:14:25,814 - WARNING -  * Debugger is active!
2025-10-23 02:14:25,826 - INFO -  * Debugger PIN: 603-667-668
2025-10-23 02:14:25,874 - INFO -  * Detected change in 'C:\\Users\\Muiz\\AppData\\Local\\Programs\\Python\\Python313\\Lib\\site-packages\\transformers\\models\\siglip\\__init__.py', reloading
2025-10-23 02:14:25,874 - INFO -  * Detected change in 'C:\\Users\\Muiz\\AppData\\Local\\Programs\\Python\\Python313\\Lib\\site-packages\\transformers\\models\\siglip\\__init__.py', reloading
2025-10-23 02:14:25,874 - INFO - Model and TF-IDF vectorizer loaded successfully.
2025-10-23 02:14:25,897 - INFO -  * Detected change in 'C:\\Users\\Muiz\\AppData\\Local\\Programs\\Python\\Python313\\Lib\\site-packages\\transformers\\models\\siglip\\configuration_siglip.py', reloading
2025-10-23 02:14:25,911 - INFO -  * Detected change in 'C:\\Users\\Muiz\\AppData\\Local\\Programs\\Python\\Python313\\Lib\\site-packages\\transformers\\models\\siglip\\image_processing_siglip.py', reloading
2025-10-23 02:14:25,928 - INFO -  * Detected change in 'C:\\Users\\Muiz\\AppData\\Local\\Programs\\Python\\Python313\\Lib\\site-packages\\transformers\\models\\siglip\\image_processing_siglip_fast.py', reloading
2025-10-23 02:14:25,946 - INFO -  * Detected change in 'C:\\Users\\Muiz\\AppData\\Local\\Programs\\Python\\Python313\\Lib\\site-packages\\transformers\\models\\siglip\\modeling_siglip.py', reloading
2025-10-23 02:14:25,973 - INFO -  * Detected change in 'C:\\Users\\Muiz\\AppData\\Local\\Programs\\Python\\Python313\\Lib\\site-packages\\transformers\\models\\siglip\\processing_siglip.py', reloading
2025-10-23 02:14:25,973 - INFO -  * Detected change in 'C:\\Users\\Muiz\\AppData\\Local\\Programs\\Python\\Python313\\Lib\\site-packages\\transformers\\models\\siglip\\processing_siglip.py', reloading
2025-10-23 02:14:26,011 - INFO -  * Detected change in 'C:\\Users\\Muiz\\AppData\\Local\\Programs\\Python\\Python313\\Lib\\site-packages\\transformers\\models\\siglip\\tokenization_siglip.py', reloading
2025-10-23 02:14:26,048 - INFO -  * Detected change in 'C:\\Users\\Muiz\\AppData\\Local\\Programs\\Python\\Python313\\Lib\\site-packages\\transformers\\models\\siglip2\\__init__.py', reloading
2025-10-23 02:14:26,048 - INFO -  * Detected change in 'C:\\Users\\Muiz\\AppData\\Local\\Programs\\Python\\Python313\\Lib\\site-packages\\transformers\\models\\siglip2\\__init__.py', reloading
2025-10-23 02:14:26,081 - INFO -  * Detected change in 'C:\\Users\\Muiz\\AppData\\Local\\Programs\\Python\\Python313\\Lib\\site-packages\\transformers\\models\\siglip2\\configuration_siglip2.py', reloading
2025-10-23 02:14:26,081 - INFO -  * Detected change in 'C:\\Users\\Muiz\\AppData\\Local\\Programs\\Python\\Python313\\Lib\\site-packages\\transformers\\models\\siglip2\\configuration_siglip2.py', reloading
2025-10-23 02:14:26,101 - INFO -  * Detected change in 'C:\\Users\\Muiz\\AppData\\Local\\Programs\\Python\\Python313\\Lib\\site-packages\\transformers\\models\\siglip2\\image_processing_siglip2.py', reloading
2025-10-23 02:14:26,149 - INFO -  * Detected change in 'C:\\Users\\Muiz\\AppData\\Local\\Programs\\Python\\Python313\\Lib\\site-packages\\transformers\\models\\siglip2\\image_processing_siglip2_fast.py', reloading
2025-10-23 02:14:26,149 - INFO -  * Detected change in 'C:\\Users\\Muiz\\AppData\\Local\\Programs\\Python\\Python313\\Lib\\site-packages\\transformers\\models\\siglip2\\image_processing_siglip2_fast.py', reloading
2025-10-23 02:14:26,178 - INFO -  * Detected change in 'C:\\Users\\Muiz\\AppData\\Local\\Programs\\Python\\Python313\\Lib\\site-packages\\transformers\\models\\siglip2\\modeling_siglip2.py', reloading
2025-10-23 02:14:26,179 - INFO -  * Detected change in 'C:\\Users\\Muiz\\AppData\\Local\\Programs\\Python\\Python313\\Lib\\site-packages\\transformers\\models\\siglip2\\modeling_siglip2.py', reloading
2025-10-23 02:14:26,206 - INFO -  * Detected change in 'C:\\Users\\Muiz\\AppData\\Local\\Programs\\Python\\Python313\\Lib\\site-packages\\transformers\\models\\siglip2\\processing_siglip2.py', reloading
2025-10-23 02:14:26,206 - INFO -  * Detected change in 'C:\\Users\\Muiz\\AppData\\Local\\Programs\\Python\\Python313\\Lib\\site-packages\\transformers\\models\\siglip2\\processing_siglip2.py', reloading
2025-10-23 02:14:26,228 - INFO -  * Detected change in 'C:\\Users\\Muiz\\AppData\\Local\\Programs\\Python\\Python313\\Lib\\site-packages\\transformers\\models\\smolvlm\\__init__.py', reloading
2025-10-23 02:14:26,228 - INFO -  * Detected change in 'C:\\Users\\Muiz\\AppData\\Local\\Programs\\Python\\Python313\\Lib\\site-packages\\transformers\\models\\smolvlm\\__init__.py', reloading
2025-10-23 02:14:26,247 - INFO -  * Detected change in 'C:\\Users\\Muiz\\AppData\\Local\\Programs\\Python\\Python313\\Lib\\site-packages\\transformers\\models\\smolvlm\\configuration_smolvlm.py', reloading
2025-10-23 02:14:26,247 - INFO -  * Detected change in 'C:\\Users\\Muiz\\AppData\\Local\\Programs\\Python\\Python313\\Lib\\site-packages\\transformers\\models\\smolvlm\\configuration_smolvlm.py', reloading
2025-10-23 02:14:26,265 - INFO -  * Detected change in 'C:\\Users\\Muiz\\AppData\\Local\\Programs\\Python\\Python313\\Lib\\site-packages\\transformers\\models\\smolvlm\\image_processing_smolvlm.py', reloading
2025-10-23 02:14:26,265 - INFO -  * Detected change in 'C:\\Users\\Muiz\\AppData\\Local\\Programs\\Python\\Python313\\Lib\\site-packages\\transformers\\models\\smolvlm\\image_processing_smolvlm.py', reloading
2025-10-23 02:14:26,331 - INFO -  * Detected change in 'C:\\Users\\Muiz\\AppData\\Local\\Programs\\Python\\Python313\\Lib\\site-packages\\transformers\\models\\smolvlm\\image_processing_smolvlm_fast.py', reloading
2025-10-23 02:14:26,387 - INFO -  * Detected change in 'C:\\Users\\Muiz\\AppData\\Local\\Programs\\Python\\Python313\\Lib\\site-packages\\transformers\\models\\smolvlm\\modeling_smolvlm.py', reloading
2025-10-23 02:14:26,388 - INFO -  * Detected change in 'C:\\Users\\Muiz\\AppData\\Local\\Programs\\Python\\Python313\\Lib\\site-packages\\transformers\\models\\smolvlm\\modeling_smolvlm.py', reloading
2025-10-23 02:14:26,423 - INFO -  * Detected change in 'C:\\Users\\Muiz\\AppData\\Local\\Programs\\Python\\Python313\\Lib\\site-packages\\transformers\\models\\smolvlm\\processing_smolvlm.py', reloading
2025-10-23 02:14:26,448 - INFO -  * Detected change in 'C:\\Users\\Muiz\\AppData\\Local\\Programs\\Python\\Python313\\Lib\\site-packages\\transformers\\models\\speech_encoder_decoder\\__init__.py', reloading
2025-10-23 02:14:26,473 - INFO -  * Detected change in 'C:\\Users\\Muiz\\AppData\\Local\\Programs\\Python\\Python313\\Lib\\site-packages\\transformers\\models\\speech_encoder_decoder\\configuration_speech_encoder_decoder.py', reloading
2025-10-23 02:14:26,473 - INFO -  * Detected change in 'C:\\Users\\Muiz\\AppData\\Local\\Programs\\Python\\Python313\\Lib\\site-packages\\transformers\\models\\speech_encoder_decoder\\configuration_speech_encoder_decoder.py', reloading
2025-10-23 02:14:26,507 - INFO -  * Detected change in 'C:\\Users\\Muiz\\AppData\\Local\\Programs\\Python\\Python313\\Lib\\site-packages\\transformers\\models\\speech_encoder_decoder\\modeling_flax_speech_encoder_decoder.py', reloading
2025-10-23 02:14:26,542 - INFO -  * Detected change in 'C:\\Users\\Muiz\\AppData\\Local\\Programs\\Python\\Python313\\Lib\\site-packages\\transformers\\models\\speech_encoder_decoder\\modeling_speech_encoder_decoder.py', reloading
2025-10-23 02:14:26,542 - INFO -  * Detected change in 'C:\\Users\\Muiz\\AppData\\Local\\Programs\\Python\\Python313\\Lib\\site-packages\\transformers\\models\\speech_encoder_decoder\\modeling_speech_encoder_decoder.py', reloading
2025-10-23 02:14:26,567 - INFO -  * Detected change in 'C:\\Users\\Muiz\\AppData\\Local\\Programs\\Python\\Python313\\Lib\\site-packages\\transformers\\models\\speech_to_text\\__init__.py', reloading
2025-10-23 02:14:26,567 - INFO -  * Detected change in 'C:\\Users\\Muiz\\AppData\\Local\\Programs\\Python\\Python313\\Lib\\site-packages\\transformers\\models\\speech_to_text\\__init__.py', reloading
2025-10-23 02:14:26,593 - INFO -  * Detected change in 'C:\\Users\\Muiz\\AppData\\Local\\Programs\\Python\\Python313\\Lib\\site-packages\\transformers\\models\\speech_to_text\\configuration_speech_to_text.py', reloading
2025-10-23 02:14:26,593 - INFO -  * Detected change in 'C:\\Users\\Muiz\\AppData\\Local\\Programs\\Python\\Python313\\Lib\\site-packages\\transformers\\models\\speech_to_text\\configuration_speech_to_text.py', reloading
2025-10-23 02:14:26,608 - INFO -  * Detected change in 'C:\\Users\\Muiz\\AppData\\Local\\Programs\\Python\\Python313\\Lib\\site-packages\\transformers\\models\\speech_to_text\\feature_extraction_speech_to_text.py', reloading
2025-10-23 02:14:26,639 - INFO -  * Detected change in 'C:\\Users\\Muiz\\AppData\\Local\\Programs\\Python\\Python313\\Lib\\site-packages\\transformers\\models\\speech_to_text\\modeling_speech_to_text.py', reloading
2025-10-23 02:14:26,676 - INFO -  * Detected change in 'C:\\Users\\Muiz\\AppData\\Local\\Programs\\Python\\Python313\\Lib\\site-packages\\transformers\\models\\speech_to_text\\modeling_tf_speech_to_text.py', reloading
2025-10-23 02:14:26,708 - INFO -  * Detected change in 'C:\\Users\\Muiz\\AppData\\Local\\Programs\\Python\\Python313\\Lib\\site-packages\\transformers\\models\\speech_to_text\\processing_speech_to_text.py', reloading
2025-10-23 02:14:26,708 - INFO -  * Detected change in 'C:\\Users\\Muiz\\AppData\\Local\\Programs\\Python\\Python313\\Lib\\site-packages\\transformers\\models\\speech_to_text\\processing_speech_to_text.py', reloading
2025-10-23 02:14:26,733 - INFO -  * Detected change in 'C:\\Users\\Muiz\\AppData\\Local\\Programs\\Python\\Python313\\Lib\\site-packages\\transformers\\models\\speech_to_text\\tokenization_speech_to_text.py', reloading
2025-10-23 02:14:26,755 - INFO -  * Detected change in 'C:\\Users\\Muiz\\AppData\\Local\\Programs\\Python\\Python313\\Lib\\site-packages\\transformers\\models\\speecht5\\__init__.py', reloading
2025-10-23 02:14:26,780 - INFO -  * Detected change in 'C:\\Users\\Muiz\\AppData\\Local\\Programs\\Python\\Python313\\Lib\\site-packages\\transformers\\models\\speecht5\\configuration_speecht5.py', reloading
2025-10-23 02:14:26,780 - INFO -  * Detected change in 'C:\\Users\\Muiz\\AppData\\Local\\Programs\\Python\\Python313\\Lib\\site-packages\\transformers\\models\\speecht5\\configuration_speecht5.py', reloading
2025-10-23 02:14:26,806 - INFO -  * Detected change in 'C:\\Users\\Muiz\\AppData\\Local\\Programs\\Python\\Python313\\Lib\\site-packages\\transformers\\models\\speecht5\\feature_extraction_speecht5.py', reloading
2025-10-23 02:14:26,806 - INFO -  * Detected change in 'C:\\Users\\Muiz\\AppData\\Local\\Programs\\Python\\Python313\\Lib\\site-packages\\transformers\\models\\speecht5\\feature_extraction_speecht5.py', reloading
2025-10-23 02:14:26,844 - INFO -  * Detected change in 'C:\\Users\\Muiz\\AppData\\Local\\Programs\\Python\\Python313\\Lib\\site-packages\\transformers\\models\\speecht5\\modeling_speecht5.py', reloading
2025-10-23 02:14:26,844 - INFO -  * Detected change in 'C:\\Users\\Muiz\\AppData\\Local\\Programs\\Python\\Python313\\Lib\\site-packages\\transformers\\models\\speecht5\\modeling_speecht5.py', reloading
2025-10-23 02:14:27,141 - INFO -  * Restarting with watchdog (windowsapi)
2025-10-23 02:14:27,364 - WARNING -  * Debugger is active!
2025-10-23 02:14:27,392 - INFO -  * Debugger PIN: 603-667-668
2025-10-23 02:14:27,520 - INFO -  * Detected change in 'C:\\Users\\Muiz\\AppData\\Local\\Programs\\Python\\Python313\\Lib\\site-packages\\transformers\\models\\squeezebert\\tokenization_squeezebert.py', reloading
2025-10-23 02:14:27,680 - INFO -  * Detected change in 'C:\\Users\\Muiz\\AppData\\Local\\Programs\\Python\\Python313\\Lib\\site-packages\\transformers\\models\\squeezebert\\tokenization_squeezebert_fast.py', reloading
2025-10-23 02:14:27,784 - INFO -  * Detected change in 'C:\\Users\\Muiz\\AppData\\Local\\Programs\\Python\\Python313\\Lib\\site-packages\\transformers\\models\\stablelm\\__init__.py', reloading
2025-10-23 02:14:27,817 - INFO -  * Detected change in 'C:\\Users\\Muiz\\AppData\\Local\\Programs\\Python\\Python313\\Lib\\site-packages\\transformers\\models\\stablelm\\configuration_stablelm.py', reloading
2025-10-23 02:14:27,883 - INFO -  * Detected change in 'C:\\Users\\Muiz\\AppData\\Local\\Programs\\Python\\Python313\\Lib\\site-packages\\transformers\\models\\stablelm\\modeling_stablelm.py', reloading
2025-10-23 02:14:27,944 - INFO -  * Detected change in 'C:\\Users\\Muiz\\AppData\\Local\\Programs\\Python\\Python313\\Lib\\site-packages\\transformers\\models\\starcoder2\\__init__.py', reloading
2025-10-23 02:14:28,029 - INFO -  * Detected change in 'C:\\Users\\Muiz\\AppData\\Local\\Programs\\Python\\Python313\\Lib\\site-packages\\transformers\\models\\starcoder2\\configuration_starcoder2.py', reloading
2025-10-23 02:14:28,061 - INFO -  * Detected change in 'C:\\Users\\Muiz\\AppData\\Local\\Programs\\Python\\Python313\\Lib\\site-packages\\transformers\\models\\starcoder2\\modeling_starcoder2.py', reloading
2025-10-23 02:14:28,090 - INFO -  * Detected change in 'C:\\Users\\Muiz\\AppData\\Local\\Programs\\Python\\Python313\\Lib\\site-packages\\transformers\\models\\superglue\\__init__.py', reloading
2025-10-23 02:14:28,165 - INFO -  * Detected change in 'C:\\Users\\Muiz\\AppData\\Local\\Programs\\Python\\Python313\\Lib\\site-packages\\transformers\\models\\superglue\\configuration_superglue.py', reloading
2025-10-23 02:14:28,227 - INFO -  * Detected change in 'C:\\Users\\Muiz\\AppData\\Local\\Programs\\Python\\Python313\\Lib\\site-packages\\transformers\\models\\superglue\\image_processing_superglue.py', reloading
2025-10-23 02:14:28,257 - INFO -  * Detected change in 'C:\\Users\\Muiz\\AppData\\Local\\Programs\\Python\\Python313\\Lib\\site-packages\\transformers\\models\\superglue\\modeling_superglue.py', reloading
2025-10-23 02:14:28,360 - INFO -  * Detected change in 'C:\\Users\\Muiz\\AppData\\Local\\Programs\\Python\\Python313\\Lib\\site-packages\\transformers\\models\\superpoint\\__init__.py', reloading
2025-10-23 02:14:28,390 - INFO -  * Detected change in 'C:\\Users\\Muiz\\AppData\\Local\\Programs\\Python\\Python313\\Lib\\site-packages\\transformers\\models\\superpoint\\configuration_superpoint.py', reloading
2025-10-23 02:14:28,446 - INFO -  * Detected change in 'C:\\Users\\Muiz\\AppData\\Local\\Programs\\Python\\Python313\\Lib\\site-packages\\transformers\\models\\superpoint\\image_processing_superpoint.py', reloading
2025-10-23 02:14:28,756 - INFO -  * Restarting with watchdog (windowsapi)
2025-10-23 02:14:29,286 - INFO - Model and TF-IDF vectorizer loaded successfully.
2025-10-23 02:14:29,310 - INFO - Model and TF-IDF vectorizer loaded successfully.
2025-10-23 02:14:29,656 - WARNING -  * Debugger is active!
2025-10-23 02:14:29,660 - INFO -  * Debugger PIN: 603-667-668
2025-10-23 02:14:29,691 - INFO -  * Detected change in 'C:\\Users\\Muiz\\AppData\\Local\\Programs\\Python\\Python313\\Lib\\site-packages\\transformers\\models\\swinv2\\modeling_swinv2.py', reloading
2025-10-23 02:14:29,696 - WARNING -  * Debugger is active!
2025-10-23 02:14:29,702 - INFO -  * Debugger PIN: 603-667-668
2025-10-23 02:14:29,757 - INFO -  * Detected change in 'C:\\Users\\Muiz\\AppData\\Local\\Programs\\Python\\Python313\\Lib\\site-packages\\transformers\\models\\switch_transformers\\__init__.py', reloading
2025-10-23 02:14:29,869 - INFO -  * Detected change in 'C:\\Users\\Muiz\\AppData\\Local\\Programs\\Python\\Python313\\Lib\\site-packages\\transformers\\models\\switch_transformers\\configuration_switch_transformers.py', reloading
2025-10-23 02:14:29,931 - INFO -  * Detected change in 'C:\\Users\\Muiz\\AppData\\Local\\Programs\\Python\\Python313\\Lib\\site-packages\\transformers\\models\\switch_transformers\\modeling_switch_transformers.py', reloading
2025-10-23 02:14:30,068 - INFO -  * Detected change in 'C:\\Users\\Muiz\\AppData\\Local\\Programs\\Python\\Python313\\Lib\\site-packages\\transformers\\models\\t5\\__init__.py', reloading
2025-10-23 02:14:30,094 - INFO -  * Detected change in 'C:\\Users\\Muiz\\AppData\\Local\\Programs\\Python\\Python313\\Lib\\site-packages\\transformers\\models\\t5\\configuration_t5.py', reloading
2025-10-23 02:14:30,191 - INFO -  * Detected change in 'C:\\Users\\Muiz\\AppData\\Local\\Programs\\Python\\Python313\\Lib\\site-packages\\transformers\\models\\t5\\modeling_flax_t5.py', reloading
2025-10-23 02:14:30,346 - INFO -  * Detected change in 'C:\\Users\\Muiz\\AppData\\Local\\Programs\\Python\\Python313\\Lib\\site-packages\\transformers\\models\\t5\\modeling_t5.py', reloading
2025-10-23 02:14:30,386 - INFO -  * Detected change in 'C:\\Users\\Muiz\\AppData\\Local\\Programs\\Python\\Python313\\Lib\\site-packages\\transformers\\models\\t5\\modeling_tf_t5.py', reloading
2025-10-23 02:14:30,535 - INFO -  * Detected change in 'C:\\Users\\Muiz\\AppData\\Local\\Programs\\Python\\Python313\\Lib\\site-packages\\transformers\\models\\t5\\tokenization_t5.py', reloading
2025-10-23 02:14:30,622 - INFO -  * Detected change in 'C:\\Users\\Muiz\\AppData\\Local\\Programs\\Python\\Python313\\Lib\\site-packages\\transformers\\models\\t5\\tokenization_t5_fast.py', reloading
2025-10-23 02:14:30,661 - INFO -  * Detected change in 'C:\\Users\\Muiz\\AppData\\Local\\Programs\\Python\\Python313\\Lib\\site-packages\\transformers\\models\\t5gemma\\__init__.py', reloading
2025-10-23 02:14:30,708 - INFO -  * Detected change in 'C:\\Users\\Muiz\\AppData\\Local\\Programs\\Python\\Python313\\Lib\\site-packages\\transformers\\models\\table_transformer\\__init__.py', reloading
2025-10-23 02:14:30,734 - INFO -  * Detected change in 'C:\\Users\\Muiz\\AppData\\Local\\Programs\\Python\\Python313\\Lib\\site-packages\\transformers\\models\\table_transformer\\configuration_table_transformer.py', reloading
2025-10-23 02:14:31,037 - INFO -  * Restarting with watchdog (windowsapi)
2025-10-23 02:14:31,049 - INFO - Model and TF-IDF vectorizer loaded successfully.
2025-10-23 02:14:31,410 - WARNING -  * Debugger is active!
2025-10-23 02:14:31,422 - INFO -  * Debugger PIN: 603-667-668
2025-10-23 02:14:31,514 - INFO -  * Detected change in 'C:\\Users\\Muiz\\AppData\\Local\\Programs\\Python\\Python313\\Lib\\site-packages\\transformers\\models\\time_series_transformer\\__init__.py', reloading
2025-10-23 02:14:31,626 - INFO -  * Detected change in 'C:\\Users\\Muiz\\AppData\\Local\\Programs\\Python\\Python313\\Lib\\site-packages\\transformers\\models\\time_series_transformer\\configuration_time_series_transformer.py', reloading
2025-10-23 02:14:31,782 - INFO -  * Detected change in 'C:\\Users\\Muiz\\AppData\\Local\\Programs\\Python\\Python313\\Lib\\site-packages\\transformers\\models\\time_series_transformer\\modeling_time_series_transformer.py', reloading
2025-10-23 02:14:31,848 - INFO -  * Detected change in 'C:\\Users\\Muiz\\AppData\\Local\\Programs\\Python\\Python313\\Lib\\site-packages\\transformers\\models\\timesfm\\__init__.py', reloading
2025-10-23 02:14:31,931 - INFO -  * Detected change in 'C:\\Users\\Muiz\\AppData\\Local\\Programs\\Python\\Python313\\Lib\\site-packages\\transformers\\models\\timesfm\\configuration_timesfm.py', reloading
2025-10-23 02:14:31,966 - INFO -  * Detected change in 'C:\\Users\\Muiz\\AppData\\Local\\Programs\\Python\\Python313\\Lib\\site-packages\\transformers\\models\\timesfm\\modeling_timesfm.py', reloading
2025-10-23 02:14:31,999 - INFO -  * Detected change in 'C:\\Users\\Muiz\\AppData\\Local\\Programs\\Python\\Python313\\Lib\\site-packages\\transformers\\models\\timesformer\\__init__.py', reloading
2025-10-23 02:14:32,095 - INFO -  * Detected change in 'C:\\Users\\Muiz\\AppData\\Local\\Programs\\Python\\Python313\\Lib\\site-packages\\transformers\\models\\timesformer\\configuration_timesformer.py', reloading
2025-10-23 02:14:32,119 - INFO -  * Detected change in 'C:\\Users\\Muiz\\AppData\\Local\\Programs\\Python\\Python313\\Lib\\site-packages\\transformers\\models\\timesformer\\modeling_timesformer.py', reloading
2025-10-23 02:14:32,231 - INFO -  * Detected change in 'C:\\Users\\Muiz\\AppData\\Local\\Programs\\Python\\Python313\\Lib\\site-packages\\transformers\\models\\timm_backbone\\__init__.py', reloading
2025-10-23 02:14:32,243 - INFO - Model and TF-IDF vectorizer loaded successfully.
2025-10-23 02:14:32,299 - INFO -  * Detected change in 'C:\\Users\\Muiz\\AppData\\Local\\Programs\\Python\\Python313\\Lib\\site-packages\\transformers\\models\\timm_backbone\\configuration_timm_backbone.py', reloading
2025-10-23 02:14:32,321 - INFO -  * Detected change in 'C:\\Users\\Muiz\\AppData\\Local\\Programs\\Python\\Python313\\Lib\\site-packages\\transformers\\models\\timm_backbone\\modeling_timm_backbone.py', reloading
2025-10-23 02:14:32,352 - INFO -  * Detected change in 'C:\\Users\\Muiz\\AppData\\Local\\Programs\\Python\\Python313\\Lib\\site-packages\\transformers\\models\\timm_wrapper\\__init__.py', reloading
2025-10-23 02:14:32,387 - INFO -  * Detected change in 'C:\\Users\\Muiz\\AppData\\Local\\Programs\\Python\\Python313\\Lib\\site-packages\\transformers\\models\\timm_wrapper\\configuration_timm_wrapper.py', reloading
2025-10-23 02:14:32,430 - INFO -  * Detected change in 'C:\\Users\\Muiz\\AppData\\Local\\Programs\\Python\\Python313\\Lib\\site-packages\\transformers\\models\\timm_wrapper\\image_processing_timm_wrapper.py', reloading
2025-10-23 02:14:32,732 - WARNING -  * Debugger is active!
2025-10-23 02:14:32,737 - INFO -  * Debugger PIN: 603-667-668
2025-10-23 02:14:32,770 - INFO -  * Detected change in 'C:\\Users\\Muiz\\AppData\\Local\\Programs\\Python\\Python313\\Lib\\site-packages\\transformers\\models\\tvp\\__init__.py', reloading
2025-10-23 02:14:32,783 - INFO -  * Restarting with watchdog (windowsapi)
2025-10-23 02:14:32,827 - INFO -  * Detected change in 'C:\\Users\\Muiz\\AppData\\Local\\Programs\\Python\\Python313\\Lib\\site-packages\\transformers\\models\\tvp\\configuration_tvp.py', reloading
2025-10-23 02:14:32,872 - INFO -  * Detected change in 'C:\\Users\\Muiz\\AppData\\Local\\Programs\\Python\\Python313\\Lib\\site-packages\\transformers\\models\\tvp\\image_processing_tvp.py', reloading
2025-10-23 02:14:32,971 - INFO -  * Detected change in 'C:\\Users\\Muiz\\AppData\\Local\\Programs\\Python\\Python313\\Lib\\site-packages\\transformers\\models\\tvp\\image_processing_tvp_fast.py', reloading
2025-10-23 02:14:33,080 - INFO -  * Detected change in 'C:\\Users\\Muiz\\AppData\\Local\\Programs\\Python\\Python313\\Lib\\site-packages\\transformers\\models\\tvp\\modeling_tvp.py', reloading
2025-10-23 02:14:33,169 - INFO -  * Detected change in 'C:\\Users\\Muiz\\AppData\\Local\\Programs\\Python\\Python313\\Lib\\site-packages\\transformers\\models\\tvp\\processing_tvp.py', reloading
2025-10-23 02:14:33,238 - INFO -  * Detected change in 'C:\\Users\\Muiz\\AppData\\Local\\Programs\\Python\\Python313\\Lib\\site-packages\\transformers\\models\\udop\\__init__.py', reloading
2025-10-23 02:14:33,242 - INFO - Model and TF-IDF vectorizer loaded successfully.
2025-10-23 02:14:33,256 - INFO -  * Detected change in 'C:\\Users\\Muiz\\AppData\\Local\\Programs\\Python\\Python313\\Lib\\site-packages\\transformers\\models\\udop\\configuration_udop.py', reloading
2025-10-23 02:14:33,284 - INFO -  * Detected change in 'C:\\Users\\Muiz\\AppData\\Local\\Programs\\Python\\Python313\\Lib\\site-packages\\transformers\\models\\udop\\modeling_udop.py', reloading
2025-10-23 02:14:33,313 - INFO -  * Detected change in 'C:\\Users\\Muiz\\AppData\\Local\\Programs\\Python\\Python313\\Lib\\site-packages\\transformers\\models\\udop\\processing_udop.py', reloading
2025-10-23 02:14:33,349 - INFO -  * Detected change in 'C:\\Users\\Muiz\\AppData\\Local\\Programs\\Python\\Python313\\Lib\\site-packages\\transformers\\models\\udop\\tokenization_udop.py', reloading
2025-10-23 02:14:33,415 - INFO -  * Detected change in 'C:\\Users\\Muiz\\AppData\\Local\\Programs\\Python\\Python313\\Lib\\site-packages\\transformers\\models\\udop\\tokenization_udop_fast.py', reloading
2025-10-23 02:14:33,434 - INFO -  * Detected change in 'C:\\Users\\Muiz\\AppData\\Local\\Programs\\Python\\Python313\\Lib\\site-packages\\transformers\\models\\umt5\\__init__.py', reloading
2025-10-23 02:14:33,463 - INFO -  * Detected change in 'C:\\Users\\Muiz\\AppData\\Local\\Programs\\Python\\Python313\\Lib\\site-packages\\transformers\\models\\umt5\\configuration_umt5.py', reloading
2025-10-23 02:14:33,504 - INFO -  * Detected change in 'C:\\Users\\Muiz\\AppData\\Local\\Programs\\Python\\Python313\\Lib\\site-packages\\transformers\\models\\umt5\\modeling_umt5.py', reloading
2025-10-23 02:14:33,561 - INFO -  * Detected change in 'C:\\Users\\Muiz\\AppData\\Local\\Programs\\Python\\Python313\\Lib\\site-packages\\transformers\\models\\unispeech\\__init__.py', reloading
2025-10-23 02:14:33,604 - INFO -  * Detected change in 'C:\\Users\\Muiz\\AppData\\Local\\Programs\\Python\\Python313\\Lib\\site-packages\\transformers\\models\\unispeech\\configuration_unispeech.py', reloading
2025-10-23 02:14:33,637 - INFO -  * Detected change in 'C:\\Users\\Muiz\\AppData\\Local\\Programs\\Python\\Python313\\Lib\\site-packages\\transformers\\models\\unispeech\\modeling_unispeech.py', reloading
2025-10-23 02:14:33,718 - INFO -  * Detected change in 'C:\\Users\\Muiz\\AppData\\Local\\Programs\\Python\\Python313\\Lib\\site-packages\\transformers\\models\\unispeech_sat\\__init__.py', reloading
2025-10-23 02:14:33,752 - INFO -  * Detected change in 'C:\\Users\\Muiz\\AppData\\Local\\Programs\\Python\\Python313\\Lib\\site-packages\\transformers\\models\\unispeech_sat\\configuration_unispeech_sat.py', reloading
2025-10-23 02:14:34,008 - WARNING -  * Debugger is active!
2025-10-23 02:14:34,034 - INFO -  * Debugger PIN: 603-667-668
2025-10-23 02:14:34,096 - INFO -  * Detected change in 'C:\\Users\\Muiz\\AppData\\Local\\Programs\\Python\\Python313\\Lib\\site-packages\\transformers\\models\\univnet\\feature_extraction_univnet.py', reloading
2025-10-23 02:14:34,406 - INFO -  * Restarting with watchdog (windowsapi)
2025-10-23 02:14:34,950 - INFO - Model and TF-IDF vectorizer loaded successfully.
2025-10-23 02:14:35,387 - WARNING -  * Debugger is active!
2025-10-23 02:14:35,395 - INFO -  * Debugger PIN: 603-667-668
2025-10-23 02:14:35,475 - INFO -  * Detected change in 'C:\\Users\\Muiz\\AppData\\Local\\Programs\\Python\\Python313\\Lib\\site-packages\\transformers\\models\\vilt\\configuration_vilt.py', reloading
2025-10-23 02:14:35,576 - INFO -  * Detected change in 'C:\\Users\\Muiz\\AppData\\Local\\Programs\\Python\\Python313\\Lib\\site-packages\\transformers\\models\\vilt\\feature_extraction_vilt.py', reloading
2025-10-23 02:14:35,591 - INFO -  * Detected change in 'C:\\Users\\Muiz\\AppData\\Local\\Programs\\Python\\Python313\\Lib\\site-packages\\transformers\\models\\vilt\\image_processing_vilt.py', reloading
2025-10-23 02:14:35,632 - INFO -  * Detected change in 'C:\\Users\\Muiz\\AppData\\Local\\Programs\\Python\\Python313\\Lib\\site-packages\\transformers\\models\\vilt\\image_processing_vilt_fast.py', reloading
2025-10-23 02:14:35,725 - INFO -  * Detected change in 'C:\\Users\\Muiz\\AppData\\Local\\Programs\\Python\\Python313\\Lib\\site-packages\\transformers\\models\\vilt\\modeling_vilt.py', reloading
2025-10-23 02:14:35,755 - INFO -  * Detected change in 'C:\\Users\\Muiz\\AppData\\Local\\Programs\\Python\\Python313\\Lib\\site-packages\\transformers\\models\\vilt\\processing_vilt.py', reloading
2025-10-23 02:14:35,846 - INFO -  * Detected change in 'C:\\Users\\Muiz\\AppData\\Local\\Programs\\Python\\Python313\\Lib\\site-packages\\transformers\\models\\vipllava\\__init__.py', reloading
2025-10-23 02:14:35,874 - INFO -  * Detected change in 'C:\\Users\\Muiz\\AppData\\Local\\Programs\\Python\\Python313\\Lib\\site-packages\\transformers\\models\\vipllava\\configuration_vipllava.py', reloading
2025-10-23 02:14:35,965 - INFO -  * Detected change in 'C:\\Users\\Muiz\\AppData\\Local\\Programs\\Python\\Python313\\Lib\\site-packages\\transformers\\models\\vipllava\\modeling_vipllava.py', reloading
2025-10-23 02:14:36,004 - INFO -  * Detected change in 'C:\\Users\\Muiz\\AppData\\Local\\Programs\\Python\\Python313\\Lib\\site-packages\\transformers\\models\\vision_encoder_decoder\\__init__.py', reloading
2025-10-23 02:14:36,028 - INFO -  * Detected change in 'C:\\Users\\Muiz\\AppData\\Local\\Programs\\Python\\Python313\\Lib\\site-packages\\transformers\\models\\vision_encoder_decoder\\configuration_vision_encoder_decoder.py', reloading
2025-10-23 02:14:36,128 - INFO -  * Detected change in 'C:\\Users\\Muiz\\AppData\\Local\\Programs\\Python\\Python313\\Lib\\site-packages\\transformers\\models\\vision_encoder_decoder\\modeling_flax_vision_encoder_decoder.py', reloading
2025-10-23 02:14:36,305 - INFO -  * Detected change in 'C:\\Users\\Muiz\\AppData\\Local\\Programs\\Python\\Python313\\Lib\\site-packages\\transformers\\models\\vision_encoder_decoder\\modeling_tf_vision_encoder_decoder.py', reloading
2025-10-23 02:14:36,330 - INFO - Model and TF-IDF vectorizer loaded successfully.
2025-10-23 02:14:36,347 - INFO -  * Detected change in 'C:\\Users\\Muiz\\AppData\\Local\\Programs\\Python\\Python313\\Lib\\site-packages\\transformers\\models\\vision_encoder_decoder\\modeling_vision_encoder_decoder.py', reloading
2025-10-23 02:14:36,373 - INFO -  * Detected change in 'C:\\Users\\Muiz\\AppData\\Local\\Programs\\Python\\Python313\\Lib\\site-packages\\transformers\\models\\vision_text_dual_encoder\\__init__.py', reloading
2025-10-23 02:14:36,385 - INFO -  * Detected change in 'C:\\Users\\Muiz\\AppData\\Local\\Programs\\Python\\Python313\\Lib\\site-packages\\transformers\\models\\vision_text_dual_encoder\\configuration_vision_text_dual_encoder.py', reloading
2025-10-23 02:14:36,427 - INFO -  * Detected change in 'C:\\Users\\Muiz\\AppData\\Local\\Programs\\Python\\Python313\\Lib\\site-packages\\transformers\\models\\vision_text_dual_encoder\\modeling_flax_vision_text_dual_encoder.py', reloading
2025-10-23 02:14:36,458 - INFO - Model and TF-IDF vectorizer loaded successfully.
2025-10-23 02:14:36,719 - INFO -  * Restarting with watchdog (windowsapi)
2025-10-23 02:14:37,213 - WARNING -  * Debugger is active!
2025-10-23 02:14:37,213 - WARNING -  * Debugger is active!
2025-10-23 02:14:37,217 - INFO -  * Debugger PIN: 603-667-668
2025-10-23 02:14:37,218 - INFO -  * Debugger PIN: 603-667-668
2025-10-23 02:14:37,260 - INFO -  * Detected change in 'C:\\Users\\Muiz\\AppData\\Local\\Programs\\Python\\Python313\\Lib\\site-packages\\transformers\\models\\vitmatte\\image_processing_vitmatte_fast.py', reloading
2025-10-23 02:14:37,260 - INFO -  * Detected change in 'C:\\Users\\Muiz\\AppData\\Local\\Programs\\Python\\Python313\\Lib\\site-packages\\transformers\\models\\vitmatte\\image_processing_vitmatte_fast.py', reloading
2025-10-23 02:14:37,364 - INFO -  * Detected change in 'C:\\Users\\Muiz\\AppData\\Local\\Programs\\Python\\Python313\\Lib\\site-packages\\transformers\\models\\vitmatte\\modeling_vitmatte.py', reloading
2025-10-23 02:14:37,364 - INFO -  * Detected change in 'C:\\Users\\Muiz\\AppData\\Local\\Programs\\Python\\Python313\\Lib\\site-packages\\transformers\\models\\vitmatte\\modeling_vitmatte.py', reloading
2025-10-23 02:14:37,393 - INFO -  * Detected change in 'C:\\Users\\Muiz\\AppData\\Local\\Programs\\Python\\Python313\\Lib\\site-packages\\transformers\\models\\vitpose\\__init__.py', reloading
2025-10-23 02:14:37,394 - INFO -  * Detected change in 'C:\\Users\\Muiz\\AppData\\Local\\Programs\\Python\\Python313\\Lib\\site-packages\\transformers\\models\\vitpose\\__init__.py', reloading
2025-10-23 02:14:37,417 - INFO -  * Detected change in 'C:\\Users\\Muiz\\AppData\\Local\\Programs\\Python\\Python313\\Lib\\site-packages\\transformers\\models\\vitpose\\configuration_vitpose.py', reloading
2025-10-23 02:14:37,417 - INFO -  * Detected change in 'C:\\Users\\Muiz\\AppData\\Local\\Programs\\Python\\Python313\\Lib\\site-packages\\transformers\\models\\vitpose\\configuration_vitpose.py', reloading
2025-10-23 02:14:37,448 - INFO -  * Detected change in 'C:\\Users\\Muiz\\AppData\\Local\\Programs\\Python\\Python313\\Lib\\site-packages\\transformers\\models\\vitpose\\image_processing_vitpose.py', reloading
2025-10-23 02:14:37,448 - INFO -  * Detected change in 'C:\\Users\\Muiz\\AppData\\Local\\Programs\\Python\\Python313\\Lib\\site-packages\\transformers\\models\\vitpose\\image_processing_vitpose.py', reloading
2025-10-23 02:14:37,479 - INFO -  * Detected change in 'C:\\Users\\Muiz\\AppData\\Local\\Programs\\Python\\Python313\\Lib\\site-packages\\transformers\\models\\vitpose\\modeling_vitpose.py', reloading
2025-10-23 02:14:37,479 - INFO -  * Detected change in 'C:\\Users\\Muiz\\AppData\\Local\\Programs\\Python\\Python313\\Lib\\site-packages\\transformers\\models\\vitpose\\modeling_vitpose.py', reloading
2025-10-23 02:14:37,519 - INFO -  * Detected change in 'C:\\Users\\Muiz\\AppData\\Local\\Programs\\Python\\Python313\\Lib\\site-packages\\transformers\\models\\vitpose_backbone\\__init__.py', reloading
2025-10-23 02:14:37,519 - INFO -  * Detected change in 'C:\\Users\\Muiz\\AppData\\Local\\Programs\\Python\\Python313\\Lib\\site-packages\\transformers\\models\\vitpose_backbone\\__init__.py', reloading
2025-10-23 02:14:37,642 - INFO -  * Detected change in 'C:\\Users\\Muiz\\AppData\\Local\\Programs\\Python\\Python313\\Lib\\site-packages\\transformers\\models\\vitpose_backbone\\configuration_vitpose_backbone.py', reloading
2025-10-23 02:14:37,642 - INFO -  * Detected change in 'C:\\Users\\Muiz\\AppData\\Local\\Programs\\Python\\Python313\\Lib\\site-packages\\transformers\\models\\vitpose_backbone\\configuration_vitpose_backbone.py', reloading
2025-10-23 02:14:37,669 - INFO -  * Detected change in 'C:\\Users\\Muiz\\AppData\\Local\\Programs\\Python\\Python313\\Lib\\site-packages\\transformers\\models\\vitpose_backbone\\modeling_vitpose_backbone.py', reloading
2025-10-23 02:14:37,699 - INFO -  * Detected change in 'C:\\Users\\Muiz\\AppData\\Local\\Programs\\Python\\Python313\\Lib\\site-packages\\transformers\\models\\vits\\__init__.py', reloading
2025-10-23 02:14:37,699 - INFO -  * Detected change in 'C:\\Users\\Muiz\\AppData\\Local\\Programs\\Python\\Python313\\Lib\\site-packages\\transformers\\models\\vits\\__init__.py', reloading
2025-10-23 02:14:37,726 - INFO -  * Detected change in 'C:\\Users\\Muiz\\AppData\\Local\\Programs\\Python\\Python313\\Lib\\site-packages\\transformers\\models\\vits\\configuration_vits.py', reloading
2025-10-23 02:14:37,726 - INFO -  * Detected change in 'C:\\Users\\Muiz\\AppData\\Local\\Programs\\Python\\Python313\\Lib\\site-packages\\transformers\\models\\vits\\configuration_vits.py', reloading
2025-10-23 02:14:37,760 - INFO -  * Detected change in 'C:\\Users\\Muiz\\AppData\\Local\\Programs\\Python\\Python313\\Lib\\site-packages\\transformers\\models\\vits\\modeling_vits.py', reloading
2025-10-23 02:14:37,795 - INFO -  * Detected change in 'C:\\Users\\Muiz\\AppData\\Local\\Programs\\Python\\Python313\\Lib\\site-packages\\transformers\\models\\vits\\tokenization_vits.py', reloading
2025-10-23 02:14:37,818 - INFO -  * Detected change in 'C:\\Users\\Muiz\\AppData\\Local\\Programs\\Python\\Python313\\Lib\\site-packages\\transformers\\models\\vivit\\__init__.py', reloading
2025-10-23 02:14:37,855 - INFO -  * Detected change in 'C:\\Users\\Muiz\\AppData\\Local\\Programs\\Python\\Python313\\Lib\\site-packages\\transformers\\models\\vivit\\configuration_vivit.py', reloading
2025-10-23 02:14:37,855 - INFO -  * Detected change in 'C:\\Users\\Muiz\\AppData\\Local\\Programs\\Python\\Python313\\Lib\\site-packages\\transformers\\models\\vivit\\configuration_vivit.py', reloading
2025-10-23 02:14:37,972 - INFO -  * Detected change in 'C:\\Users\\Muiz\\AppData\\Local\\Programs\\Python\\Python313\\Lib\\site-packages\\transformers\\models\\vivit\\image_processing_vivit.py', reloading
2025-10-23 02:14:37,972 - INFO -  * Detected change in 'C:\\Users\\Muiz\\AppData\\Local\\Programs\\Python\\Python313\\Lib\\site-packages\\transformers\\models\\vivit\\image_processing_vivit.py', reloading
2025-10-23 02:14:38,074 - INFO -  * Detected change in 'C:\\Users\\Muiz\\AppData\\Local\\Programs\\Python\\Python313\\Lib\\site-packages\\transformers\\models\\vivit\\modeling_vivit.py', reloading
2025-10-23 02:14:38,193 - INFO -  * Detected change in 'C:\\Users\\Muiz\\AppData\\Local\\Programs\\Python\\Python313\\Lib\\site-packages\\transformers\\models\\vjepa2\\__init__.py', reloading
2025-10-23 02:14:38,623 - INFO -  * Restarting with watchdog (windowsapi)
2025-10-23 02:14:38,857 - INFO - Model and TF-IDF vectorizer loaded successfully.
2025-10-23 02:14:39,294 - WARNING -  * Debugger is active!
2025-10-23 02:14:39,303 - INFO -  * Debugger PIN: 603-667-668
2025-10-23 02:14:39,386 - INFO -  * Detected change in 'C:\\Users\\Muiz\\AppData\\Local\\Programs\\Python\\Python313\\Lib\\site-packages\\transformers\\models\\wav2vec2\\modeling_wav2vec2.py', reloading
2025-10-23 02:14:39,429 - INFO -  * Detected change in 'C:\\Users\\Muiz\\AppData\\Local\\Programs\\Python\\Python313\\Lib\\site-packages\\transformers\\models\\wav2vec2\\processing_wav2vec2.py', reloading
2025-10-23 02:14:39,458 - INFO -  * Detected change in 'C:\\Users\\Muiz\\AppData\\Local\\Programs\\Python\\Python313\\Lib\\site-packages\\transformers\\models\\wav2vec2\\tokenization_wav2vec2.py', reloading
2025-10-23 02:14:39,474 - INFO -  * Detected change in 'C:\\Users\\Muiz\\AppData\\Local\\Programs\\Python\\Python313\\Lib\\site-packages\\transformers\\models\\wav2vec2_bert\\__init__.py', reloading
2025-10-23 02:14:39,498 - INFO -  * Detected change in 'C:\\Users\\Muiz\\AppData\\Local\\Programs\\Python\\Python313\\Lib\\site-packages\\transformers\\models\\wav2vec2_bert\\configuration_wav2vec2_bert.py', reloading
2025-10-23 02:14:39,520 - INFO -  * Detected change in 'C:\\Users\\Muiz\\AppData\\Local\\Programs\\Python\\Python313\\Lib\\site-packages\\transformers\\models\\wav2vec2_bert\\modeling_wav2vec2_bert.py', reloading
2025-10-23 02:14:39,550 - INFO -  * Detected change in 'C:\\Users\\Muiz\\AppData\\Local\\Programs\\Python\\Python313\\Lib\\site-packages\\transformers\\models\\wav2vec2_bert\\processing_wav2vec2_bert.py', reloading
2025-10-23 02:14:39,611 - INFO -  * Detected change in 'C:\\Users\\Muiz\\AppData\\Local\\Programs\\Python\\Python313\\Lib\\site-packages\\transformers\\models\\wav2vec2_conformer\\__init__.py', reloading
2025-10-23 02:14:39,728 - INFO -  * Detected change in 'C:\\Users\\Muiz\\AppData\\Local\\Programs\\Python\\Python313\\Lib\\site-packages\\transformers\\models\\wav2vec2_conformer\\configuration_wav2vec2_conformer.py', reloading
2025-10-23 02:14:39,753 - INFO -  * Detected change in 'C:\\Users\\Muiz\\AppData\\Local\\Programs\\Python\\Python313\\Lib\\site-packages\\transformers\\models\\wav2vec2_conformer\\modeling_wav2vec2_conformer.py', reloading
2025-10-23 02:14:39,786 - INFO -  * Detected change in 'C:\\Users\\Muiz\\AppData\\Local\\Programs\\Python\\Python313\\Lib\\site-packages\\transformers\\models\\wav2vec2_phoneme\\__init__.py', reloading
2025-10-23 02:14:39,811 - INFO -  * Detected change in 'C:\\Users\\Muiz\\AppData\\Local\\Programs\\Python\\Python313\\Lib\\site-packages\\transformers\\models\\wav2vec2_phoneme\\tokenization_wav2vec2_phoneme.py', reloading
2025-10-23 02:14:39,837 - INFO -  * Detected change in 'C:\\Users\\Muiz\\AppData\\Local\\Programs\\Python\\Python313\\Lib\\site-packages\\transformers\\models\\wav2vec2_with_lm\\__init__.py', reloading
2025-10-23 02:14:39,952 - INFO -  * Detected change in 'C:\\Users\\Muiz\\AppData\\Local\\Programs\\Python\\Python313\\Lib\\site-packages\\transformers\\models\\wav2vec2_with_lm\\processing_wav2vec2_with_lm.py', reloading
2025-10-23 02:14:39,976 - INFO -  * Detected change in 'C:\\Users\\Muiz\\AppData\\Local\\Programs\\Python\\Python313\\Lib\\site-packages\\transformers\\models\\wavlm\\__init__.py', reloading
2025-10-23 02:14:40,001 - INFO -  * Detected change in 'C:\\Users\\Muiz\\AppData\\Local\\Programs\\Python\\Python313\\Lib\\site-packages\\transformers\\models\\wavlm\\configuration_wavlm.py', reloading
2025-10-23 02:14:40,070 - INFO -  * Detected change in 'C:\\Users\\Muiz\\AppData\\Local\\Programs\\Python\\Python313\\Lib\\site-packages\\transformers\\models\\wavlm\\modeling_wavlm.py', reloading
2025-10-23 02:14:40,245 - INFO -  * Detected change in 'C:\\Users\\Muiz\\AppData\\Local\\Programs\\Python\\Python313\\Lib\\site-packages\\transformers\\models\\whisper\\__init__.py', reloading
2025-10-23 02:14:40,271 - INFO -  * Detected change in 'C:\\Users\\Muiz\\AppData\\Local\\Programs\\Python\\Python313\\Lib\\site-packages\\transformers\\models\\whisper\\configuration_whisper.py', reloading
2025-10-23 02:14:40,287 - INFO -  * Detected change in 'C:\\Users\\Muiz\\AppData\\Local\\Programs\\Python\\Python313\\Lib\\site-packages\\transformers\\models\\whisper\\feature_extraction_whisper.py', reloading
2025-10-23 02:14:40,333 - INFO -  * Detected change in 'C:\\Users\\Muiz\\AppData\\Local\\Programs\\Python\\Python313\\Lib\\site-packages\\transformers\\models\\whisper\\modeling_flax_whisper.py', reloading
2025-10-23 02:14:40,684 - INFO -  * Restarting with watchdog (windowsapi)
2025-10-23 02:14:40,798 - INFO - Model and TF-IDF vectorizer loaded successfully.
2025-10-23 02:14:40,830 - INFO - Model and TF-IDF vectorizer loaded successfully.
2025-10-23 02:14:41,248 - WARNING -  * Debugger is active!
2025-10-23 02:14:41,250 - INFO -  * Debugger PIN: 603-667-668
2025-10-23 02:14:41,283 - INFO -  * Detected change in 'C:\\Users\\Muiz\\AppData\\Local\\Programs\\Python\\Python313\\Lib\\site-packages\\transformers\\models\\xglm\\tokenization_xglm_fast.py', reloading
2025-10-23 02:14:41,303 - INFO -  * Detected change in 'C:\\Users\\Muiz\\AppData\\Local\\Programs\\Python\\Python313\\Lib\\site-packages\\transformers\\models\\xlm\\__init__.py', reloading
2025-10-23 02:14:41,328 - INFO -  * Detected change in 'C:\\Users\\Muiz\\AppData\\Local\\Programs\\Python\\Python313\\Lib\\site-packages\\transformers\\models\\xlm\\configuration_xlm.py', reloading
2025-10-23 02:14:41,356 - INFO -  * Detected change in 'C:\\Users\\Muiz\\AppData\\Local\\Programs\\Python\\Python313\\Lib\\site-packages\\transformers\\models\\xlm\\modeling_tf_xlm.py', reloading
2025-10-23 02:14:41,373 - WARNING -  * Debugger is active!
2025-10-23 02:14:41,383 - INFO -  * Debugger PIN: 603-667-668
2025-10-23 02:14:41,469 - INFO -  * Detected change in 'C:\\Users\\Muiz\\AppData\\Local\\Programs\\Python\\Python313\\Lib\\site-packages\\transformers\\models\\xlm\\modeling_xlm.py', reloading
2025-10-23 02:14:41,470 - INFO -  * Detected change in 'C:\\Users\\Muiz\\AppData\\Local\\Programs\\Python\\Python313\\Lib\\site-packages\\transformers\\models\\xlm\\modeling_xlm.py', reloading
2025-10-23 02:14:41,554 - INFO -  * Detected change in 'C:\\Users\\Muiz\\AppData\\Local\\Programs\\Python\\Python313\\Lib\\site-packages\\transformers\\models\\xlm\\tokenization_xlm.py', reloading
2025-10-23 02:14:41,554 - INFO -  * Detected change in 'C:\\Users\\Muiz\\AppData\\Local\\Programs\\Python\\Python313\\Lib\\site-packages\\transformers\\models\\xlm\\tokenization_xlm.py', reloading
2025-10-23 02:14:41,580 - INFO -  * Detected change in 'C:\\Users\\Muiz\\AppData\\Local\\Programs\\Python\\Python313\\Lib\\site-packages\\transformers\\models\\xlm_roberta\\__init__.py', reloading
2025-10-23 02:14:41,580 - INFO -  * Detected change in 'C:\\Users\\Muiz\\AppData\\Local\\Programs\\Python\\Python313\\Lib\\site-packages\\transformers\\models\\xlm_roberta\\__init__.py', reloading
2025-10-23 02:14:41,605 - INFO -  * Detected change in 'C:\\Users\\Muiz\\AppData\\Local\\Programs\\Python\\Python313\\Lib\\site-packages\\transformers\\models\\xlm_roberta\\configuration_xlm_roberta.py', reloading
2025-10-23 02:14:41,605 - INFO -  * Detected change in 'C:\\Users\\Muiz\\AppData\\Local\\Programs\\Python\\Python313\\Lib\\site-packages\\transformers\\models\\xlm_roberta\\configuration_xlm_roberta.py', reloading
2025-10-23 02:14:41,640 - INFO -  * Detected change in 'C:\\Users\\Muiz\\AppData\\Local\\Programs\\Python\\Python313\\Lib\\site-packages\\transformers\\models\\xlm_roberta\\modeling_flax_xlm_roberta.py', reloading
2025-10-23 02:14:41,640 - INFO -  * Detected change in 'C:\\Users\\Muiz\\AppData\\Local\\Programs\\Python\\Python313\\Lib\\site-packages\\transformers\\models\\xlm_roberta\\modeling_flax_xlm_roberta.py', reloading
2025-10-23 02:14:41,685 - INFO -  * Detected change in 'C:\\Users\\Muiz\\AppData\\Local\\Programs\\Python\\Python313\\Lib\\site-packages\\transformers\\models\\xlm_roberta\\modeling_tf_xlm_roberta.py', reloading
2025-10-23 02:14:41,685 - INFO -  * Detected change in 'C:\\Users\\Muiz\\AppData\\Local\\Programs\\Python\\Python313\\Lib\\site-packages\\transformers\\models\\xlm_roberta\\modeling_tf_xlm_roberta.py', reloading
2025-10-23 02:14:41,725 - INFO -  * Detected change in 'C:\\Users\\Muiz\\AppData\\Local\\Programs\\Python\\Python313\\Lib\\site-packages\\transformers\\models\\xlm_roberta\\modeling_xlm_roberta.py', reloading
2025-10-23 02:14:41,725 - INFO -  * Detected change in 'C:\\Users\\Muiz\\AppData\\Local\\Programs\\Python\\Python313\\Lib\\site-packages\\transformers\\models\\xlm_roberta\\modeling_xlm_roberta.py', reloading
2025-10-23 02:14:41,754 - INFO -  * Detected change in 'C:\\Users\\Muiz\\AppData\\Local\\Programs\\Python\\Python313\\Lib\\site-packages\\transformers\\models\\xlm_roberta\\tokenization_xlm_roberta.py', reloading
2025-10-23 02:14:41,778 - INFO -  * Detected change in 'C:\\Users\\Muiz\\AppData\\Local\\Programs\\Python\\Python313\\Lib\\site-packages\\transformers\\models\\xlm_roberta\\tokenization_xlm_roberta_fast.py', reloading
2025-10-23 02:14:41,778 - INFO -  * Detected change in 'C:\\Users\\Muiz\\AppData\\Local\\Programs\\Python\\Python313\\Lib\\site-packages\\transformers\\models\\xlm_roberta\\tokenization_xlm_roberta_fast.py', reloading
2025-10-23 02:14:41,798 - INFO -  * Detected change in 'C:\\Users\\Muiz\\AppData\\Local\\Programs\\Python\\Python313\\Lib\\site-packages\\transformers\\models\\xlm_roberta_xl\\__init__.py', reloading
2025-10-23 02:14:41,798 - INFO -  * Detected change in 'C:\\Users\\Muiz\\AppData\\Local\\Programs\\Python\\Python313\\Lib\\site-packages\\transformers\\models\\xlm_roberta_xl\\__init__.py', reloading
2025-10-23 02:14:41,811 - INFO -  * Detected change in 'C:\\Users\\Muiz\\AppData\\Local\\Programs\\Python\\Python313\\Lib\\site-packages\\transformers\\models\\xlm_roberta_xl\\configuration_xlm_roberta_xl.py', reloading
2025-10-23 02:14:41,915 - INFO -  * Detected change in 'C:\\Users\\Muiz\\AppData\\Local\\Programs\\Python\\Python313\\Lib\\site-packages\\transformers\\models\\xlm_roberta_xl\\modeling_xlm_roberta_xl.py', reloading
2025-10-23 02:14:41,979 - INFO -  * Detected change in 'C:\\Users\\Muiz\\AppData\\Local\\Programs\\Python\\Python313\\Lib\\site-packages\\transformers\\models\\xlnet\\__init__.py', reloading
2025-10-23 02:14:41,979 - INFO -  * Detected change in 'C:\\Users\\Muiz\\AppData\\Local\\Programs\\Python\\Python313\\Lib\\site-packages\\transformers\\models\\xlnet\\__init__.py', reloading
2025-10-23 02:14:42,006 - INFO -  * Detected change in 'C:\\Users\\Muiz\\AppData\\Local\\Programs\\Python\\Python313\\Lib\\site-packages\\transformers\\models\\xlnet\\configuration_xlnet.py', reloading
2025-10-23 02:14:42,034 - INFO -  * Detected change in 'C:\\Users\\Muiz\\AppData\\Local\\Programs\\Python\\Python313\\Lib\\site-packages\\transformers\\models\\xlnet\\modeling_tf_xlnet.py', reloading
2025-10-23 02:14:42,034 - INFO -  * Detected change in 'C:\\Users\\Muiz\\AppData\\Local\\Programs\\Python\\Python313\\Lib\\site-packages\\transformers\\models\\xlnet\\modeling_tf_xlnet.py', reloading
2025-10-23 02:14:42,073 - INFO -  * Detected change in 'C:\\Users\\Muiz\\AppData\\Local\\Programs\\Python\\Python313\\Lib\\site-packages\\transformers\\models\\xlnet\\modeling_xlnet.py', reloading
2025-10-23 02:14:42,073 - INFO -  * Detected change in 'C:\\Users\\Muiz\\AppData\\Local\\Programs\\Python\\Python313\\Lib\\site-packages\\transformers\\models\\xlnet\\modeling_xlnet.py', reloading
2025-10-23 02:14:42,106 - INFO -  * Detected change in 'C:\\Users\\Muiz\\AppData\\Local\\Programs\\Python\\Python313\\Lib\\site-packages\\transformers\\models\\xlnet\\tokenization_xlnet.py', reloading
2025-10-23 02:14:42,106 - INFO -  * Detected change in 'C:\\Users\\Muiz\\AppData\\Local\\Programs\\Python\\Python313\\Lib\\site-packages\\transformers\\models\\xlnet\\tokenization_xlnet.py', reloading
2025-10-23 02:14:42,131 - INFO -  * Detected change in 'C:\\Users\\Muiz\\AppData\\Local\\Programs\\Python\\Python313\\Lib\\site-packages\\transformers\\models\\xlnet\\tokenization_xlnet_fast.py', reloading
2025-10-23 02:14:42,131 - INFO -  * Detected change in 'C:\\Users\\Muiz\\AppData\\Local\\Programs\\Python\\Python313\\Lib\\site-packages\\transformers\\models\\xlnet\\tokenization_xlnet_fast.py', reloading
2025-10-23 02:14:42,152 - INFO -  * Detected change in 'C:\\Users\\Muiz\\AppData\\Local\\Programs\\Python\\Python313\\Lib\\site-packages\\transformers\\models\\xlstm\\__init__.py', reloading
2025-10-23 02:14:42,153 - INFO -  * Detected change in 'C:\\Users\\Muiz\\AppData\\Local\\Programs\\Python\\Python313\\Lib\\site-packages\\transformers\\models\\xlstm\\__init__.py', reloading
2025-10-23 02:14:42,172 - INFO -  * Detected change in 'C:\\Users\\Muiz\\AppData\\Local\\Programs\\Python\\Python313\\Lib\\site-packages\\transformers\\models\\xmod\\__init__.py', reloading
2025-10-23 02:14:42,172 - INFO -  * Detected change in 'C:\\Users\\Muiz\\AppData\\Local\\Programs\\Python\\Python313\\Lib\\site-packages\\transformers\\models\\xmod\\__init__.py', reloading
2025-10-23 02:14:42,195 - INFO -  * Detected change in 'C:\\Users\\Muiz\\AppData\\Local\\Programs\\Python\\Python313\\Lib\\site-packages\\transformers\\models\\xmod\\configuration_xmod.py', reloading
2025-10-23 02:14:42,223 - INFO -  * Detected change in 'C:\\Users\\Muiz\\AppData\\Local\\Programs\\Python\\Python313\\Lib\\site-packages\\transformers\\models\\xmod\\modeling_xmod.py', reloading
2025-10-23 02:14:42,223 - INFO -  * Detected change in 'C:\\Users\\Muiz\\AppData\\Local\\Programs\\Python\\Python313\\Lib\\site-packages\\transformers\\models\\xmod\\modeling_xmod.py', reloading
2025-10-23 02:14:42,249 - INFO -  * Detected change in 'C:\\Users\\Muiz\\AppData\\Local\\Programs\\Python\\Python313\\Lib\\site-packages\\transformers\\models\\yolos\\__init__.py', reloading
2025-10-23 02:14:42,249 - INFO -  * Detected change in 'C:\\Users\\Muiz\\AppData\\Local\\Programs\\Python\\Python313\\Lib\\site-packages\\transformers\\models\\yolos\\__init__.py', reloading
2025-10-23 02:14:42,272 - INFO -  * Detected change in 'C:\\Users\\Muiz\\AppData\\Local\\Programs\\Python\\Python313\\Lib\\site-packages\\transformers\\models\\yolos\\configuration_yolos.py', reloading
2025-10-23 02:14:42,295 - INFO -  * Detected change in 'C:\\Users\\Muiz\\AppData\\Local\\Programs\\Python\\Python313\\Lib\\site-packages\\transformers\\models\\yolos\\feature_extraction_yolos.py', reloading
2025-10-23 02:14:42,406 - INFO -  * Detected change in 'C:\\Users\\Muiz\\AppData\\Local\\Programs\\Python\\Python313\\Lib\\site-packages\\transformers\\models\\yolos\\image_processing_yolos.py', reloading
2025-10-23 02:14:42,564 - INFO -  * Restarting with watchdog (windowsapi)
2025-10-23 02:14:42,623 - INFO - Model and TF-IDF vectorizer loaded successfully.
2025-10-23 02:14:44,392 - WARNING -  * Debugger is active!
2025-10-23 02:14:44,395 - INFO -  * Debugger PIN: 603-667-668
2025-10-23 02:14:44,439 - INFO -  * Detected change in 'C:\\Users\\Muiz\\AppData\\Local\\Programs\\Python\\Python313\\Lib\\site-packages\\transformers\\generation\\__init__.py', reloading
2025-10-23 02:14:44,529 - INFO -  * Detected change in 'C:\\Users\\Muiz\\AppData\\Local\\Programs\\Python\\Python313\\Lib\\site-packages\\transformers\\generation\\logits_process.py', reloading
2025-10-23 02:14:44,556 - INFO - Model and TF-IDF vectorizer loaded successfully.
2025-10-23 02:14:44,595 - INFO -  * Detected change in 'C:\\Users\\Muiz\\AppData\\Local\\Programs\\Python\\Python313\\Lib\\site-packages\\transformers\\generation\\streamers.py', reloading
2025-10-23 02:14:44,615 - INFO -  * Detected change in 'C:\\Users\\Muiz\\AppData\\Local\\Programs\\Python\\Python313\\Lib\\site-packages\\transformers\\generation\\watermarking.py', reloading
2025-10-23 02:14:44,638 - INFO -  * Detected change in 'C:\\Users\\Muiz\\AppData\\Local\\Programs\\Python\\Python313\\Lib\\site-packages\\transformers\\generation\\beam_search.py', reloading
2025-10-23 02:14:44,697 - INFO -  * Detected change in 'C:\\Users\\Muiz\\AppData\\Local\\Programs\\Python\\Python313\\Lib\\site-packages\\transformers\\generation\\configuration_utils.py', reloading
2025-10-23 02:14:44,761 - INFO -  * Detected change in 'C:\\Users\\Muiz\\AppData\\Local\\Programs\\Python\\Python313\\Lib\\site-packages\\transformers\\generation\\beam_constraints.py', reloading
2025-10-23 02:14:44,798 - INFO - Model and TF-IDF vectorizer loaded successfully.
2025-10-23 02:14:44,812 - INFO -  * Detected change in 'C:\\Users\\Muiz\\AppData\\Local\\Programs\\Python\\Python313\\Lib\\site-packages\\transformers\\generation\\stopping_criteria.py', reloading
2025-10-23 02:14:44,835 - INFO -  * Detected change in 'C:\\Users\\Muiz\\AppData\\Local\\Programs\\Python\\Python313\\Lib\\site-packages\\transformers\\generation\\flax_logits_process.py', reloading
2025-10-23 02:14:44,859 - INFO -  * Detected change in 'C:\\Users\\Muiz\\AppData\\Local\\Programs\\Python\\Python313\\Lib\\site-packages\\transformers\\generation\\flax_utils.py', reloading
2025-10-23 02:14:44,890 - INFO -  * Detected change in 'C:\\Users\\Muiz\\AppData\\Local\\Programs\\Python\\Python313\\Lib\\site-packages\\transformers\\generation\\utils.py', reloading
2025-10-23 02:14:44,958 - INFO -  * Detected change in 'C:\\Users\\Muiz\\AppData\\Local\\Programs\\Python\\Python313\\Lib\\site-packages\\transformers\\generation\\tf_logits_process.py', reloading
2025-10-23 02:14:45,016 - INFO -  * Detected change in 'C:\\Users\\Muiz\\AppData\\Local\\Programs\\Python\\Python313\\Lib\\site-packages\\transformers\\generation\\tf_utils.py', reloading
2025-10-23 02:14:45,059 - INFO -  * Detected change in 'C:\\Users\\Muiz\\AppData\\Local\\Programs\\Python\\Python313\\Lib\\site-packages\\transformers\\hf_argparser.py', reloading
2025-10-23 02:14:45,087 - INFO -  * Detected change in 'C:\\Users\\Muiz\\AppData\\Local\\Programs\\Python\\Python313\\Lib\\site-packages\\transformers\\image_processing_base.py', reloading
2025-10-23 02:14:45,114 - INFO -  * Detected change in 'C:\\Users\\Muiz\\AppData\\Local\\Programs\\Python\\Python313\\Lib\\site-packages\\transformers\\image_processing_utils.py', reloading
2025-10-23 02:14:45,137 - WARNING -  * Debugger is active!
2025-10-23 02:14:45,140 - INFO -  * Debugger PIN: 603-667-668
2025-10-23 02:14:45,140 - INFO -  * Detected change in 'C:\\Users\\Muiz\\AppData\\Local\\Programs\\Python\\Python313\\Lib\\site-packages\\transformers\\image_processing_utils_fast.py', reloading
2025-10-23 02:14:45,169 - INFO -  * Detected change in 'C:\\Users\\Muiz\\AppData\\Local\\Programs\\Python\\Python313\\Lib\\site-packages\\transformers\\image_utils.py', reloading
2025-10-23 02:14:45,170 - INFO -  * Detected change in 'C:\\Users\\Muiz\\AppData\\Local\\Programs\\Python\\Python313\\Lib\\site-packages\\transformers\\image_utils.py', reloading
2025-10-23 02:14:45,197 - INFO -  * Detected change in 'C:\\Users\\Muiz\\AppData\\Local\\Programs\\Python\\Python313\\Lib\\site-packages\\transformers\\integrations\\__init__.py', reloading
2025-10-23 02:14:45,236 - INFO -  * Detected change in 'C:\\Users\\Muiz\\AppData\\Local\\Programs\\Python\\Python313\\Lib\\site-packages\\transformers\\integrations\\integration_utils.py', reloading
2025-10-23 02:14:45,236 - INFO -  * Detected change in 'C:\\Users\\Muiz\\AppData\\Local\\Programs\\Python\\Python313\\Lib\\site-packages\\transformers\\integrations\\integration_utils.py', reloading
2025-10-23 02:14:45,279 - INFO -  * Detected change in 'C:\\Users\\Muiz\\AppData\\Local\\Programs\\Python\\Python313\\Lib\\site-packages\\transformers\\integrations\\executorch.py', reloading
2025-10-23 02:14:45,309 - INFO -  * Detected change in 'C:\\Users\\Muiz\\AppData\\Local\\Programs\\Python\\Python313\\Lib\\site-packages\\transformers\\keras_callbacks.py', reloading
2025-10-23 02:14:45,340 - INFO -  * Detected change in 'C:\\Users\\Muiz\\AppData\\Local\\Programs\\Python\\Python313\\Lib\\site-packages\\transformers\\masking_utils.py', reloading
2025-10-23 02:14:45,372 - INFO -  * Detected change in 'C:\\Users\\Muiz\\AppData\\Local\\Programs\\Python\\Python313\\Lib\\site-packages\\transformers\\model_debugging_utils.py', reloading
2025-10-23 02:14:45,372 - INFO -  * Detected change in 'C:\\Users\\Muiz\\AppData\\Local\\Programs\\Python\\Python313\\Lib\\site-packages\\transformers\\model_debugging_utils.py', reloading
2025-10-23 02:14:45,408 - INFO -  * Detected change in 'C:\\Users\\Muiz\\AppData\\Local\\Programs\\Python\\Python313\\Lib\\site-packages\\transformers\\modelcard.py', reloading
2025-10-23 02:14:45,408 - INFO -  * Detected change in 'C:\\Users\\Muiz\\AppData\\Local\\Programs\\Python\\Python313\\Lib\\site-packages\\transformers\\modelcard.py', reloading
2025-10-23 02:14:45,445 - INFO -  * Detected change in 'C:\\Users\\Muiz\\AppData\\Local\\Programs\\Python\\Python313\\Lib\\site-packages\\transformers\\modeling_flax_utils.py', reloading
2025-10-23 02:14:45,478 - INFO -  * Detected change in 'C:\\Users\\Muiz\\AppData\\Local\\Programs\\Python\\Python313\\Lib\\site-packages\\transformers\\modeling_layers.py', reloading
2025-10-23 02:14:45,541 - WARNING -  * Debugger is active!
2025-10-23 02:14:45,550 - INFO -  * Debugger PIN: 603-667-668
2025-10-23 02:14:45,550 - INFO -  * Detected change in 'C:\\Users\\Muiz\\AppData\\Local\\Programs\\Python\\Python313\\Lib\\site-packages\\transformers\\modeling_rope_utils.py', reloading
2025-10-23 02:14:45,657 - INFO -  * Detected change in 'C:\\Users\\Muiz\\AppData\\Local\\Programs\\Python\\Python313\\Lib\\site-packages\\transformers\\modeling_tf_pytorch_utils.py', reloading
2025-10-23 02:14:45,658 - INFO -  * Detected change in 'C:\\Users\\Muiz\\AppData\\Local\\Programs\\Python\\Python313\\Lib\\site-packages\\transformers\\modeling_tf_pytorch_utils.py', reloading
2025-10-23 02:14:45,691 - INFO -  * Restarting with watchdog (windowsapi)
2025-10-23 02:14:45,753 - INFO -  * Detected change in 'C:\\Users\\Muiz\\AppData\\Local\\Programs\\Python\\Python313\\Lib\\site-packages\\transformers\\modeling_tf_utils.py', reloading
2025-10-23 02:14:45,753 - INFO -  * Detected change in 'C:\\Users\\Muiz\\AppData\\Local\\Programs\\Python\\Python313\\Lib\\site-packages\\transformers\\modeling_tf_utils.py', reloading
2025-10-23 02:14:45,839 - INFO -  * Detected change in 'C:\\Users\\Muiz\\AppData\\Local\\Programs\\Python\\Python313\\Lib\\site-packages\\transformers\\tf_utils.py', reloading
2025-10-23 02:14:45,839 - INFO -  * Detected change in 'C:\\Users\\Muiz\\AppData\\Local\\Programs\\Python\\Python313\\Lib\\site-packages\\transformers\\tf_utils.py', reloading
2025-10-23 02:14:45,893 - INFO -  * Detected change in 'C:\\Users\\Muiz\\AppData\\Local\\Programs\\Python\\Python313\\Lib\\site-packages\\transformers\\modeling_utils.py', reloading
2025-10-23 02:14:46,062 - INFO -  * Detected change in 'C:\\Users\\Muiz\\AppData\\Local\\Programs\\Python\\Python313\\Lib\\site-packages\\transformers\\integrations\\deepspeed.py', reloading
2025-10-23 02:14:46,087 - INFO -  * Detected change in 'C:\\Users\\Muiz\\AppData\\Local\\Programs\\Python\\Python313\\Lib\\site-packages\\transformers\\integrations\\fsdp.py', reloading
2025-10-23 02:14:46,087 - INFO -  * Detected change in 'C:\\Users\\Muiz\\AppData\\Local\\Programs\\Python\\Python313\\Lib\\site-packages\\transformers\\integrations\\fsdp.py', reloading
2025-10-23 02:14:46,242 - INFO -  * Detected change in 'C:\\Users\\Muiz\\AppData\\Local\\Programs\\Python\\Python313\\Lib\\site-packages\\transformers\\models\\prompt_depth_anything\\configuration_prompt_depth_anything.py', reloading
2025-10-23 02:14:46,275 - INFO -  * Detected change in 'C:\\Users\\Muiz\\AppData\\Local\\Programs\\Python\\Python313\\Lib\\site-packages\\transformers\\models\\prompt_depth_anything\\image_processing_prompt_depth_anything.py', reloading
2025-10-23 02:14:46,337 - INFO -  * Detected change in 'C:\\Users\\Muiz\\AppData\\Local\\Programs\\Python\\Python313\\Lib\\site-packages\\transformers\\models\\prompt_depth_anything\\image_processing_prompt_depth_anything_fast.py', reloading
2025-10-23 02:14:46,392 - INFO -  * Detected change in 'C:\\Users\\Muiz\\AppData\\Local\\Programs\\Python\\Python313\\Lib\\site-packages\\transformers\\models\\prompt_depth_anything\\modeling_prompt_depth_anything.py', reloading
2025-10-23 02:14:46,464 - INFO -  * Restarting with watchdog (windowsapi)
2025-10-23 02:14:46,470 - INFO -  * Detected change in 'C:\\Users\\Muiz\\AppData\\Local\\Programs\\Python\\Python313\\Lib\\site-packages\\transformers\\optimization.py', reloading
2025-10-23 02:14:46,561 - INFO -  * Detected change in 'C:\\Users\\Muiz\\AppData\\Local\\Programs\\Python\\Python313\\Lib\\site-packages\\transformers\\optimization_tf.py', reloading
2025-10-23 02:14:47,970 - INFO - Model and TF-IDF vectorizer loaded successfully.
2025-10-23 02:14:48,527 - INFO - Model and TF-IDF vectorizer loaded successfully.
2025-10-23 02:14:48,972 - INFO - Model and TF-IDF vectorizer loaded successfully.
2025-10-23 02:14:49,678 - WARNING -  * Debugger is active!
2025-10-23 02:14:49,680 - INFO -  * Debugger PIN: 603-667-668
2025-10-23 02:14:49,758 - INFO -  * Detected change in 'C:\\Users\\Muiz\\AppData\\Local\\Programs\\Python\\Python313\\Lib\\site-packages\\urllib3\\filepost.py', reloading
2025-10-23 02:14:49,820 - INFO -  * Detected change in 'C:\\Users\\Muiz\\AppData\\Local\\Programs\\Python\\Python313\\Lib\\site-packages\\urllib3\\poolmanager.py', reloading
2025-10-23 02:14:49,851 - INFO -  * Detected change in 'C:\\Users\\Muiz\\AppData\\Local\\Programs\\Python\\Python313\\Lib\\site-packages\\urllib3\\response.py', reloading
2025-10-23 02:14:49,885 - INFO -  * Detected change in 'C:\\Users\\Muiz\\AppData\\Local\\Programs\\Python\\Python313\\Lib\\site-packages\\urllib3\\util\\request.py', reloading
2025-10-23 02:14:49,913 - INFO -  * Detected change in 'C:\\Users\\Muiz\\AppData\\Local\\Programs\\Python\\Python313\\Lib\\site-packages\\urllib3\\util\\retry.py', reloading
2025-10-23 02:14:49,942 - INFO -  * Detected change in 'C:\\Users\\Muiz\\AppData\\Local\\Programs\\Python\\Python313\\Lib\\site-packages\\urllib3\\util\\timeout.py', reloading
2025-10-23 02:14:49,971 - INFO -  * Detected change in 'C:\\Users\\Muiz\\AppData\\Local\\Programs\\Python\\Python313\\Lib\\site-packages\\wcwidth\\__init__.py', reloading
2025-10-23 02:14:50,000 - INFO -  * Detected change in 'C:\\Users\\Muiz\\AppData\\Local\\Programs\\Python\\Python313\\Lib\\site-packages\\wcwidth\\wcwidth.py', reloading
2025-10-23 02:14:50,022 - INFO -  * Detected change in 'C:\\Users\\Muiz\\AppData\\Local\\Programs\\Python\\Python313\\Lib\\site-packages\\wcwidth\\unicode_versions.py', reloading
2025-10-23 02:14:50,042 - INFO -  * Detected change in 'C:\\Users\\Muiz\\AppData\\Local\\Programs\\Python\\Python313\\Lib\\site-packages\\webcolors\\__init__.py', reloading
2025-10-23 02:14:50,077 - INFO -  * Detected change in 'C:\\Users\\Muiz\\AppData\\Local\\Programs\\Python\\Python313\\Lib\\site-packages\\webcolors\\_conversion.py', reloading
2025-10-23 02:14:50,108 - INFO -  * Detected change in 'C:\\Users\\Muiz\\AppData\\Local\\Programs\\Python\\Python313\\Lib\\site-packages\\webcolors\\_definitions.py', reloading
2025-10-23 02:14:50,139 - INFO -  * Detected change in 'C:\\Users\\Muiz\\AppData\\Local\\Programs\\Python\\Python313\\Lib\\site-packages\\webcolors\\_html5.py', reloading
2025-10-23 02:14:50,167 - INFO -  * Detected change in 'C:\\Users\\Muiz\\AppData\\Local\\Programs\\Python\\Python313\\Lib\\site-packages\\webcolors\\_normalization.py', reloading
2025-10-23 02:14:50,185 - INFO -  * Detected change in 'C:\\Users\\Muiz\\AppData\\Local\\Programs\\Python\\Python313\\Lib\\site-packages\\webcolors\\_types.py', reloading
2025-10-23 02:14:50,215 - INFO -  * Detected change in 'C:\\Users\\Muiz\\AppData\\Local\\Programs\\Python\\Python313\\Lib\\site-packages\\webencodings\\__init__.py', reloading
2025-10-23 02:14:50,234 - INFO -  * Detected change in 'C:\\Users\\Muiz\\AppData\\Local\\Programs\\Python\\Python313\\Lib\\site-packages\\websocket\\__init__.py', reloading
2025-10-23 02:14:50,258 - INFO -  * Detected change in 'C:\\Users\\Muiz\\AppData\\Local\\Programs\\Python\\Python313\\Lib\\site-packages\\websocket\\_abnf.py', reloading
2025-10-23 02:14:50,266 - WARNING -  * Debugger is active!
2025-10-23 02:14:50,268 - INFO -  * Debugger PIN: 603-667-668
2025-10-23 02:14:50,305 - INFO -  * Detected change in 'C:\\Users\\Muiz\\AppData\\Local\\Programs\\Python\\Python313\\Lib\\site-packages\\websocket\\_core.py', reloading
2025-10-23 02:14:50,305 - INFO -  * Detected change in 'C:\\Users\\Muiz\\AppData\\Local\\Programs\\Python\\Python313\\Lib\\site-packages\\websocket\\_core.py', reloading
2025-10-23 02:14:50,445 - INFO -  * Detected change in 'C:\\Users\\Muiz\\AppData\\Local\\Programs\\Python\\Python313\\Lib\\site-packages\\websocket\\_exceptions.py', reloading
2025-10-23 02:14:50,445 - INFO -  * Detected change in 'C:\\Users\\Muiz\\AppData\\Local\\Programs\\Python\\Python313\\Lib\\site-packages\\websocket\\_exceptions.py', reloading
2025-10-23 02:14:50,530 - INFO -  * Detected change in 'C:\\Users\\Muiz\\AppData\\Local\\Programs\\Python\\Python313\\Lib\\site-packages\\websocket\\_logging.py', reloading
2025-10-23 02:14:50,531 - INFO -  * Detected change in 'C:\\Users\\Muiz\\AppData\\Local\\Programs\\Python\\Python313\\Lib\\site-packages\\websocket\\_logging.py', reloading
2025-10-23 02:14:50,572 - INFO -  * Detected change in 'C:\\Users\\Muiz\\AppData\\Local\\Programs\\Python\\Python313\\Lib\\site-packages\\websocket\\_socket.py', reloading
2025-10-23 02:14:50,572 - INFO -  * Detected change in 'C:\\Users\\Muiz\\AppData\\Local\\Programs\\Python\\Python313\\Lib\\site-packages\\websocket\\_socket.py', reloading
2025-10-23 02:14:50,605 - WARNING -  * Debugger is active!
2025-10-23 02:14:50,623 - INFO -  * Debugger PIN: 603-667-668
2025-10-23 02:14:50,727 - INFO -  * Detected change in 'C:\\Users\\Muiz\\AppData\\Local\\Programs\\Python\\Python313\\Lib\\site-packages\\websocket\\_app.py', reloading
2025-10-23 02:14:50,727 - INFO -  * Detected change in 'C:\\Users\\Muiz\\AppData\\Local\\Programs\\Python\\Python313\\Lib\\site-packages\\websocket\\_app.py', reloading
2025-10-23 02:14:50,875 - INFO -  * Detected change in 'C:\\Users\\Muiz\\AppData\\Local\\Programs\\Python\\Python313\\Lib\\site-packages\\werkzeug\\__init__.py', reloading
2025-10-23 02:14:50,875 - INFO -  * Detected change in 'C:\\Users\\Muiz\\AppData\\Local\\Programs\\Python\\Python313\\Lib\\site-packages\\werkzeug\\__init__.py', reloading
2025-10-23 02:14:50,927 - INFO -  * Detected change in 'C:\\Users\\Muiz\\AppData\\Local\\Programs\\Python\\Python313\\Lib\\site-packages\\werkzeug\\serving.py', reloading
2025-10-23 02:14:50,967 - INFO -  * Restarting with watchdog (windowsapi)
2025-10-23 02:14:51,222 - INFO -  * Detected change in 'C:\\Users\\Muiz\\AppData\\Local\\Programs\\Python\\Python313\\Lib\\site-packages\\werkzeug\\test.py', reloading
2025-10-23 02:14:51,222 - INFO -  * Detected change in 'C:\\Users\\Muiz\\AppData\\Local\\Programs\\Python\\Python313\\Lib\\site-packages\\werkzeug\\test.py', reloading
2025-10-23 02:14:51,248 - INFO -  * Detected change in 'C:\\Users\\Muiz\\AppData\\Local\\Programs\\Python\\Python313\\Lib\\site-packages\\werkzeug\\wrappers\\__init__.py', reloading
2025-10-23 02:14:51,248 - INFO -  * Detected change in 'C:\\Users\\Muiz\\AppData\\Local\\Programs\\Python\\Python313\\Lib\\site-packages\\werkzeug\\wrappers\\__init__.py', reloading
2025-10-23 02:14:51,305 - INFO -  * Detected change in 'C:\\Users\\Muiz\\AppData\\Local\\Programs\\Python\\Python313\\Lib\\site-packages\\werkzeug\\wrappers\\request.py', reloading
2025-10-23 02:14:51,337 - INFO -  * Detected change in 'C:\\Users\\Muiz\\AppData\\Local\\Programs\\Python\\Python313\\Lib\\site-packages\\werkzeug\\wrappers\\response.py', reloading
2025-10-23 02:14:51,365 - INFO -  * Detected change in 'C:\\Users\\Muiz\\AppData\\Local\\Programs\\Python\\Python313\\Lib\\site-packages\\widgetsnbextension\\__init__.py', reloading
2025-10-23 02:14:51,381 - INFO -  * Detected change in 'C:\\Users\\Muiz\\AppData\\Local\\Programs\\Python\\Python313\\Lib\\site-packages\\winpty\\__init__.py', reloading
2025-10-23 02:14:51,403 - INFO -  * Detected change in 'C:\\Users\\Muiz\\AppData\\Local\\Programs\\Python\\Python313\\Lib\\site-packages\\xgboost\\__init__.py', reloading
2025-10-23 02:14:51,443 - INFO -  * Detected change in 'C:\\Users\\Muiz\\AppData\\Local\\Programs\\Python\\Python313\\Lib\\site-packages\\xgboost\\core.py', reloading
2025-10-23 02:14:51,550 - INFO -  * Detected change in 'C:\\Users\\Muiz\\AppData\\Local\\Programs\\Python\\Python313\\Lib\\site-packages\\xgboost\\tracker.py', reloading
2025-10-23 02:14:51,571 - INFO -  * Detected change in 'C:\\Users\\Muiz\\AppData\\Local\\Programs\\Python\\Python313\\Lib\\site-packages\\xgboost\\training.py', reloading
2025-10-23 02:14:51,591 - INFO -  * Restarting with watchdog (windowsapi)
2025-10-23 02:14:51,602 - INFO -  * Detected change in 'C:\\Users\\Muiz\\AppData\\Local\\Programs\\Python\\Python313\\Lib\\site-packages\\xgboost\\config.py', reloading
2025-10-23 02:14:51,630 - INFO -  * Detected change in 'C:\\Users\\Muiz\\AppData\\Local\\Programs\\Python\\Python313\\Lib\\site-packages\\xgboost\\plotting.py', reloading
2025-10-23 02:14:53,261 - INFO - Model and TF-IDF vectorizer loaded successfully.
2025-10-23 02:14:53,618 - WARNING -  * Debugger is active!
2025-10-23 02:14:53,623 - INFO -  * Debugger PIN: 603-667-668
2025-10-23 02:14:53,798 - INFO - Model and TF-IDF vectorizer loaded successfully.
2025-10-23 02:14:54,378 - WARNING -  * Debugger is active!
2025-10-23 02:14:54,385 - INFO -  * Debugger PIN: 603-667-668
2025-10-23 02:14:54,434 - INFO - Model and TF-IDF vectorizer loaded successfully.
2025-10-23 02:14:56,426 - WARNING -  * Debugger is active!
2025-10-23 02:14:56,429 - INFO -  * Debugger PIN: 603-667-668
2025-10-23 02:16:07,327 - INFO -  * Detected change in 'C:\\Users\\Muiz\\AppData\\Local\\Programs\\Python\\Python313\\Lib\\site-packages\\flask\\sansio\\app.py', reloading
2025-10-23 02:16:07,328 - INFO -  * Detected change in 'C:\\Users\\Muiz\\AppData\\Local\\Programs\\Python\\Python313\\Lib\\site-packages\\flask\\sansio\\app.py', reloading
2025-10-23 02:16:07,329 - INFO -  * Detected change in 'C:\\Users\\Muiz\\AppData\\Local\\Programs\\Python\\Python313\\Lib\\site-packages\\flask\\sansio\\app.py', reloading
2025-10-23 02:16:07,496 - INFO -  * Detected change in 'C:\\Users\\Muiz\\AppData\\Local\\Programs\\Python\\Python313\\Lib\\site-packages\\flask\\sansio\\scaffold.py', reloading
2025-10-23 02:16:07,496 - INFO -  * Detected change in 'C:\\Users\\Muiz\\AppData\\Local\\Programs\\Python\\Python313\\Lib\\site-packages\\flask\\sansio\\scaffold.py', reloading
2025-10-23 02:16:07,496 - INFO -  * Detected change in 'C:\\Users\\Muiz\\AppData\\Local\\Programs\\Python\\Python313\\Lib\\site-packages\\flask\\sansio\\scaffold.py', reloading
2025-10-23 02:16:10,395 - INFO -  * Restarting with watchdog (windowsapi)
2025-10-23 02:16:10,409 - INFO -  * Restarting with watchdog (windowsapi)
2025-10-23 02:16:12,452 - INFO - Model and TF-IDF vectorizer loaded successfully.
2025-10-23 02:16:12,466 - INFO - Model and TF-IDF vectorizer loaded successfully.
2025-10-23 02:16:12,470 - INFO - Model and TF-IDF vectorizer loaded successfully.
2025-10-23 02:16:12,907 - WARNING -  * Debugger is active!
2025-10-23 02:16:12,909 - INFO -  * Debugger PIN: 603-667-668
2025-10-23 02:16:12,911 - WARNING -  * Debugger is active!
2025-10-23 02:16:12,913 - WARNING -  * Debugger is active!
2025-10-23 02:16:12,913 - INFO -  * Debugger PIN: 603-667-668
2025-10-23 02:16:12,916 - INFO -  * Debugger PIN: 603-667-668
2025-10-23 02:16:13,792 - INFO -  * Detected change in 'C:\\Users\\Muiz\\OneDrive\\Desktop\\Mini Project Sem 5\\Fake_News_Detection\\api.py', reloading
2025-10-23 02:16:13,792 - INFO -  * Detected change in 'C:\\Users\\Muiz\\OneDrive\\Desktop\\Mini Project Sem 5\\Fake_News_Detection\\api.py', reloading
2025-10-23 02:16:13,793 - INFO -  * Detected change in 'C:\\Users\\Muiz\\OneDrive\\Desktop\\Mini Project Sem 5\\Fake_News_Detection\\api.py', reloading
2025-10-23 02:16:13,818 - INFO -  * Detected change in 'C:\\Users\\Muiz\\OneDrive\\Desktop\\Mini Project Sem 5\\Fake_News_Detection\\api.py', reloading
2025-10-23 02:16:13,818 - INFO -  * Detected change in 'C:\\Users\\Muiz\\OneDrive\\Desktop\\Mini Project Sem 5\\Fake_News_Detection\\api.py', reloading
2025-10-23 02:16:13,818 - INFO -  * Detected change in 'C:\\Users\\Muiz\\OneDrive\\Desktop\\Mini Project Sem 5\\Fake_News_Detection\\api.py', reloading
2025-10-23 02:16:14,223 - INFO -  * Restarting with watchdog (windowsapi)
2025-10-23 02:16:14,251 - INFO -  * Restarting with watchdog (windowsapi)
2025-10-23 02:16:16,287 - INFO - Model and TF-IDF vectorizer loaded successfully.
2025-10-23 02:16:16,291 - INFO - Model and TF-IDF vectorizer loaded successfully.
2025-10-23 02:16:16,295 - INFO - Model and TF-IDF vectorizer loaded successfully.
2025-10-23 02:16:16,730 - WARNING -  * Debugger is active!
2025-10-23 02:16:16,734 - INFO -  * Debugger PIN: 603-667-668
2025-10-23 02:16:16,738 - WARNING -  * Debugger is active!
2025-10-23 02:16:16,740 - INFO -  * Debugger PIN: 603-667-668
2025-10-23 02:16:16,741 - WARNING -  * Debugger is active!
2025-10-23 02:16:16,743 - INFO -  * Debugger PIN: 603-667-668
2025-10-23 02:16:46,768 - INFO - 127.0.0.1 - - [23/Oct/2025 02:16:46] "GET / HTTP/1.1" 200 -
2025-10-23 02:16:47,400 - INFO - 127.0.0.1 - - [23/Oct/2025 02:16:47] "GET /load_dataset HTTP/1.1" 200 -
2025-10-23 02:16:51,576 - INFO -  * Detected change in 'C:\\Users\\Muiz\\OneDrive\\Desktop\\Mini Project Sem 5\\Fake_News_Detection\\api.py', reloading
2025-10-23 02:16:51,578 - INFO -  * Detected change in 'C:\\Users\\Muiz\\OneDrive\\Desktop\\Mini Project Sem 5\\Fake_News_Detection\\api.py', reloading
2025-10-23 02:16:51,580 - INFO -  * Detected change in 'C:\\Users\\Muiz\\OneDrive\\Desktop\\Mini Project Sem 5\\Fake_News_Detection\\api.py', reloading
2025-10-23 02:16:52,549 - INFO -  * Restarting with watchdog (windowsapi)
2025-10-23 02:16:52,589 - INFO -  * Restarting with watchdog (windowsapi)
2025-10-23 02:16:54,365 - INFO - Model and TF-IDF vectorizer loaded successfully.
2025-10-23 02:16:54,368 - INFO - Model and TF-IDF vectorizer loaded successfully.
2025-10-23 02:16:54,392 - INFO - Model and TF-IDF vectorizer loaded successfully.
2025-10-23 02:16:54,784 - WARNING -  * Debugger is active!
2025-10-23 02:16:54,785 - WARNING -  * Debugger is active!
2025-10-23 02:16:54,786 - INFO -  * Debugger PIN: 603-667-668
2025-10-23 02:16:54,787 - INFO -  * Debugger PIN: 603-667-668
2025-10-23 02:16:54,806 - WARNING -  * Debugger is active!
2025-10-23 02:16:54,808 - INFO -  * Debugger PIN: 603-667-668
2025-10-23 02:16:56,692 - ERROR - Accuracy calculation error: Labels in y_true and y_pred should be of the same type. Got y_true=['fake' 'real'] and y_pred=[0 1]. Make sure that the predictions provided by the classifier coincides with the true labels.
2025-10-23 02:16:56,699 - INFO - 127.0.0.1 - - [23/Oct/2025 02:16:56] "[35m[1mGET /model_accuracy HTTP/1.1[0m" 500 -
2025-10-23 02:18:46,579 - INFO -  * Detected change in 'C:\\Users\\Muiz\\AppData\\Local\\Programs\\Python\\Python313\\Lib\\site-packages\\numpy\\_typing\\_dtype_like.py', reloading
2025-10-23 02:18:47,096 - INFO -  * Detected change in 'C:\\Users\\Muiz\\OneDrive\\Desktop\\Mini Project Sem 5\\Fake_News_Detection\\api.py', reloading
2025-10-23 02:18:47,096 - INFO -  * Detected change in 'C:\\Users\\Muiz\\OneDrive\\Desktop\\Mini Project Sem 5\\Fake_News_Detection\\api.py', reloading
2025-10-23 02:18:47,096 - INFO -  * Detected change in 'C:\\Users\\Muiz\\OneDrive\\Desktop\\Mini Project Sem 5\\Fake_News_Detection\\api.py', reloading
2025-10-23 02:18:47,100 - INFO -  * Detected change in 'C:\\Users\\Muiz\\OneDrive\\Desktop\\Mini Project Sem 5\\Fake_News_Detection\\api.py', reloading
2025-10-23 02:18:47,126 - INFO -  * Detected change in 'C:\\Users\\Muiz\\OneDrive\\Desktop\\Mini Project Sem 5\\Fake_News_Detection\\api.py', reloading
2025-10-23 02:18:47,128 - INFO -  * Detected change in 'C:\\Users\\Muiz\\OneDrive\\Desktop\\Mini Project Sem 5\\Fake_News_Detection\\api.py', reloading
2025-10-23 02:18:47,128 - INFO -  * Detected change in 'C:\\Users\\Muiz\\OneDrive\\Desktop\\Mini Project Sem 5\\Fake_News_Detection\\api.py', reloading
2025-10-23 02:18:48,001 - INFO -  * Restarting with watchdog (windowsapi)
2025-10-23 02:18:48,021 - INFO -  * Restarting with watchdog (windowsapi)
2025-10-23 02:18:50,374 - INFO - Model & TF-IDF loaded successfully.
2025-10-23 02:18:50,443 - INFO - Model & TF-IDF loaded successfully.
2025-10-23 02:18:50,447 - INFO - Model & TF-IDF loaded successfully.
2025-10-23 02:18:50,632 - INFO - Dataset loaded successfully.
2025-10-23 02:18:50,674 - INFO - Dataset loaded successfully.
2025-10-23 02:18:50,676 - INFO - Dataset loaded successfully.
2025-10-23 02:18:51,400 - WARNING -  * Debugger is active!
2025-10-23 02:18:51,403 - INFO -  * Debugger PIN: 603-667-668
2025-10-23 02:18:51,406 - WARNING -  * Debugger is active!
2025-10-23 02:18:51,408 - INFO -  * Debugger PIN: 603-667-668
2025-10-23 02:18:51,419 - WARNING -  * Debugger is active!
2025-10-23 02:18:51,421 - INFO -  * Debugger PIN: 603-667-668
2025-10-23 02:18:52,009 - INFO -  * Detected change in 'C:\\Users\\Muiz\\OneDrive\\Desktop\\Mini Project Sem 5\\Fake_News_Detection\\api.py', reloading
2025-10-23 02:18:52,010 - INFO -  * Detected change in 'C:\\Users\\Muiz\\OneDrive\\Desktop\\Mini Project Sem 5\\Fake_News_Detection\\api.py', reloading
2025-10-23 02:18:52,012 - INFO -  * Detected change in 'C:\\Users\\Muiz\\OneDrive\\Desktop\\Mini Project Sem 5\\Fake_News_Detection\\api.py', reloading
2025-10-23 02:18:52,012 - INFO -  * Detected change in 'C:\\Users\\Muiz\\OneDrive\\Desktop\\Mini Project Sem 5\\Fake_News_Detection\\api.py', reloading
2025-10-23 02:18:52,787 - INFO -  * Restarting with watchdog (windowsapi)
2025-10-23 02:18:52,804 - INFO -  * Restarting with watchdog (windowsapi)
2025-10-23 02:18:54,598 - INFO - Model & TF-IDF loaded successfully.
2025-10-23 02:18:54,605 - INFO - Model & TF-IDF loaded successfully.
2025-10-23 02:18:54,612 - INFO - Model & TF-IDF loaded successfully.
2025-10-23 02:18:54,807 - INFO - Dataset loaded successfully.
2025-10-23 02:18:54,812 - INFO - Dataset loaded successfully.
2025-10-23 02:18:54,824 - INFO - Dataset loaded successfully.
2025-10-23 02:18:57,124 - WARNING -  * Debugger is active!
2025-10-23 02:18:57,126 - INFO -  * Debugger PIN: 603-667-668
2025-10-23 02:18:57,169 - WARNING -  * Debugger is active!
2025-10-23 02:18:57,171 - INFO -  * Debugger PIN: 603-667-668
2025-10-23 02:18:57,447 - WARNING -  * Debugger is active!
2025-10-23 02:18:57,450 - INFO -  * Debugger PIN: 603-667-668
2025-10-23 02:19:32,267 - INFO -  * Detected change in 'C:\\Users\\Muiz\\OneDrive\\Desktop\\Mini Project Sem 5\\Fake_News_Detection\\api.py', reloading
2025-10-23 02:19:32,269 - INFO -  * Detected change in 'C:\\Users\\Muiz\\OneDrive\\Desktop\\Mini Project Sem 5\\Fake_News_Detection\\api.py', reloading
2025-10-23 02:19:32,271 - INFO -  * Detected change in 'C:\\Users\\Muiz\\OneDrive\\Desktop\\Mini Project Sem 5\\Fake_News_Detection\\api.py', reloading
2025-10-23 02:19:32,838 - INFO -  * Restarting with watchdog (windowsapi)
2025-10-23 02:19:33,055 - INFO -  * Restarting with watchdog (windowsapi)
2025-10-23 02:19:34,784 - INFO - Model & TF-IDF loaded successfully.
2025-10-23 02:19:34,786 - INFO - Model & TF-IDF loaded successfully.
2025-10-23 02:19:35,009 - INFO - Model & TF-IDF loaded successfully.
2025-10-23 02:19:35,010 - INFO - Dataset loaded successfully.
2025-10-23 02:19:35,019 - INFO - Dataset loaded successfully.
2025-10-23 02:19:35,204 - INFO - Dataset loaded successfully.
2025-10-23 02:19:35,456 - WARNING -  * Debugger is active!
2025-10-23 02:19:35,457 - WARNING -  * Debugger is active!
2025-10-23 02:19:35,459 - INFO -  * Debugger PIN: 603-667-668
2025-10-23 02:19:35,461 - INFO -  * Debugger PIN: 603-667-668
2025-10-23 02:19:35,729 - WARNING -  * Debugger is active!
2025-10-23 02:19:35,733 - INFO -  * Debugger PIN: 603-667-668
2025-10-23 02:19:43,477 - INFO - 127.0.0.1 - - [23/Oct/2025 02:19:43] "GET / HTTP/1.1" 200 -
2025-10-23 02:19:43,500 - INFO - 127.0.0.1 - - [23/Oct/2025 02:19:43] "GET /load_dataset HTTP/1.1" 200 -
2025-10-23 02:19:57,511 - ERROR - Preprocess error: 
**********************************************************************
  Resource [93mpunkt_tab[0m not found.
  Please use the NLTK Downloader to obtain the resource:

  [31m>>> import nltk
  >>> nltk.download('punkt_tab')
  [0m
  For more information see: https://www.nltk.org/data.html

  Attempted to load [93mtokenizers/punkt_tab/english/[0m

  Searched in:
    - 'C:\\Users\\Muiz/nltk_data'
    - 'C:\\Users\\Muiz\\AppData\\Local\\Programs\\Python\\Python313\\nltk_data'
    - 'C:\\Users\\Muiz\\AppData\\Local\\Programs\\Python\\Python313\\share\\nltk_data'
    - 'C:\\Users\\Muiz\\AppData\\Local\\Programs\\Python\\Python313\\lib\\nltk_data'
    - 'C:\\Users\\Muiz\\AppData\\Roaming\\nltk_data'
    - 'C:\\nltk_data'
    - 'D:\\nltk_data'
    - 'E:\\nltk_data'
**********************************************************************

2025-10-23 02:19:57,525 - INFO - 127.0.0.1 - - [23/Oct/2025 02:19:57] "POST /predict HTTP/1.1" 200 -
2025-10-23 02:19:57,544 - INFO - 127.0.0.1 - - [23/Oct/2025 02:19:57] "GET /selected_features HTTP/1.1" 200 -
2025-10-23 02:22:02,331 - INFO -  * Detected change in 'C:\\Users\\Muiz\\OneDrive\\Desktop\\Mini Project Sem 5\\Fake_News_Detection\\api.py', reloading
2025-10-23 02:22:02,332 - INFO -  * Detected change in 'C:\\Users\\Muiz\\OneDrive\\Desktop\\Mini Project Sem 5\\Fake_News_Detection\\api.py', reloading
2025-10-23 02:22:02,356 - INFO -  * Detected change in 'C:\\Users\\Muiz\\OneDrive\\Desktop\\Mini Project Sem 5\\Fake_News_Detection\\api.py', reloading
2025-10-23 02:22:02,645 - INFO -  * Detected change in 'C:\\Users\\Muiz\\OneDrive\\Desktop\\Mini Project Sem 5\\Fake_News_Detection\\api.py', reloading
2025-10-23 02:22:02,652 - INFO -  * Detected change in 'C:\\Users\\Muiz\\OneDrive\\Desktop\\Mini Project Sem 5\\Fake_News_Detection\\api.py', reloading
2025-10-23 02:22:02,675 - INFO -  * Detected change in 'C:\\Users\\Muiz\\OneDrive\\Desktop\\Mini Project Sem 5\\Fake_News_Detection\\api.py', reloading
2025-10-23 02:22:02,675 - INFO -  * Detected change in 'C:\\Users\\Muiz\\OneDrive\\Desktop\\Mini Project Sem 5\\Fake_News_Detection\\api.py', reloading
2025-10-23 02:22:03,710 - INFO -  * Restarting with watchdog (windowsapi)
2025-10-23 02:22:03,787 - INFO -  * Restarting with watchdog (windowsapi)
2025-10-23 02:22:05,905 - INFO - Model and TF-IDF vectorizer loaded successfully.
2025-10-23 02:22:05,923 - INFO - Model and TF-IDF vectorizer loaded successfully.
2025-10-23 02:22:05,999 - INFO - Model and TF-IDF vectorizer loaded successfully.
2025-10-23 02:22:08,464 - WARNING -  * Debugger is active!
2025-10-23 02:22:08,465 - WARNING -  * Debugger is active!
2025-10-23 02:22:08,467 - INFO -  * Debugger PIN: 603-667-668
2025-10-23 02:22:08,471 - INFO -  * Debugger PIN: 603-667-668
2025-10-23 02:22:08,480 - WARNING -  * Debugger is active!
2025-10-23 02:22:08,482 - INFO -  * Debugger PIN: 603-667-668
2025-10-23 02:23:00,106 - INFO - 127.0.0.1 - - [23/Oct/2025 02:23:00] "GET / HTTP/1.1" 200 -
2025-10-23 02:23:00,672 - INFO - 127.0.0.1 - - [23/Oct/2025 02:23:00] "GET /load_dataset HTTP/1.1" 200 -
2025-10-23 02:23:22,750 - INFO - 127.0.0.1 - - [23/Oct/2025 02:23:22] "POST /predict HTTP/1.1" 200 -
2025-10-23 02:23:22,902 - INFO - 127.0.0.1 - - [23/Oct/2025 02:23:22] "GET /selected_features HTTP/1.1" 200 -
2025-10-23 02:23:24,707 - INFO - 127.0.0.1 - - [23/Oct/2025 02:23:24] "GET /model_accuracy HTTP/1.1" 200 -
2025-10-23 10:12:49,248 - INFO - Model and TF-IDF vectorizer loaded successfully.
2025-10-23 10:12:49,499 - INFO - [31m[1mWARNING: This is a development server. Do not use it in a production deployment. Use a production WSGI server instead.[0m
 * Running on http://127.0.0.1:5000
2025-10-23 10:12:49,499 - INFO - [33mPress CTRL+C to quit[0m
2025-10-23 10:12:49,513 - INFO -  * Restarting with watchdog (windowsapi)
2025-10-23 10:12:51,295 - INFO - Model and TF-IDF vectorizer loaded successfully.
2025-10-23 10:12:51,484 - WARNING -  * Debugger is active!
2025-10-23 10:12:51,516 - INFO -  * Debugger PIN: 603-667-668
2025-10-23 10:12:54,376 - INFO - 127.0.0.1 - - [23/Oct/2025 10:12:54] "GET / HTTP/1.1" 200 -
2025-10-23 10:12:54,661 - INFO - 127.0.0.1 - - [23/Oct/2025 10:12:54] "[33mGET /favicon.ico HTTP/1.1[0m" 404 -
2025-10-23 10:12:54,878 - INFO - 127.0.0.1 - - [23/Oct/2025 10:12:54] "GET /load_dataset HTTP/1.1" 200 -
2025-10-23 10:13:29,230 - INFO - 127.0.0.1 - - [23/Oct/2025 10:13:29] "POST /predict HTTP/1.1" 200 -
2025-10-23 10:13:29,244 - INFO - 127.0.0.1 - - [23/Oct/2025 10:13:29] "GET /selected_features HTTP/1.1" 200 -
2025-10-23 10:13:53,161 - INFO - 127.0.0.1 - - [23/Oct/2025 10:13:53] "GET /model_accuracy HTTP/1.1" 200 -
2025-10-23 10:14:45,397 - INFO - 127.0.0.1 - - [23/Oct/2025 10:14:45] "GET / HTTP/1.1" 200 -
2025-10-23 10:14:45,429 - INFO - 127.0.0.1 - - [23/Oct/2025 10:14:45] "GET /selected_features HTTP/1.1" 200 -
2025-10-23 10:14:45,961 - INFO - 127.0.0.1 - - [23/Oct/2025 10:14:45] "GET /load_dataset HTTP/1.1" 200 -
2025-10-23 10:14:45,970 - INFO - 127.0.0.1 - - [23/Oct/2025 10:14:45] "GET /selected_features HTTP/1.1" 200 -
2025-10-23 10:15:03,270 - INFO - 127.0.0.1 - - [23/Oct/2025 10:15:03] "GET /load_dataset HTTP/1.1" 200 -
2025-10-23 10:15:03,817 - INFO - 127.0.0.1 - - [23/Oct/2025 10:15:03] "GET /load_dataset HTTP/1.1" 200 -
2025-10-23 10:15:23,823 - INFO - 127.0.0.1 - - [23/Oct/2025 10:15:23] "POST /predict HTTP/1.1" 200 -
2025-10-23 10:15:23,857 - INFO - 127.0.0.1 - - [23/Oct/2025 10:15:23] "GET /selected_features HTTP/1.1" 200 -
2025-10-23 10:15:23,869 - INFO - 127.0.0.1 - - [23/Oct/2025 10:15:23] "GET /selected_features HTTP/1.1" 200 -
2025-10-23 10:15:41,283 - INFO - 127.0.0.1 - - [23/Oct/2025 10:15:41] "GET /model_accuracy HTTP/1.1" 200 -
2025-10-23 10:16:20,261 - INFO - 127.0.0.1 - - [23/Oct/2025 10:16:20] "GET /model_accuracy HTTP/1.1" 200 -
2025-10-23 10:17:35,983 - INFO - 127.0.0.1 - - [23/Oct/2025 10:17:35] "GET / HTTP/1.1" 200 -
2025-10-23 10:17:36,003 - INFO - 127.0.0.1 - - [23/Oct/2025 10:17:36] "GET /selected_features HTTP/1.1" 200 -
2025-10-23 10:17:36,547 - INFO - 127.0.0.1 - - [23/Oct/2025 10:17:36] "GET /load_dataset HTTP/1.1" 200 -
2025-10-23 10:17:36,559 - INFO - 127.0.0.1 - - [23/Oct/2025 10:17:36] "GET /selected_features HTTP/1.1" 200 -
2025-10-23 10:23:34,665 - INFO - 127.0.0.1 - - [23/Oct/2025 10:23:34] "GET / HTTP/1.1" 200 -
2025-10-23 10:23:34,701 - INFO - 127.0.0.1 - - [23/Oct/2025 10:23:34] "GET /selected_features HTTP/1.1" 200 -
2025-10-23 10:23:35,248 - INFO - 127.0.0.1 - - [23/Oct/2025 10:23:35] "GET /load_dataset HTTP/1.1" 200 -
2025-10-23 10:23:35,335 - INFO - 127.0.0.1 - - [23/Oct/2025 10:23:35] "GET /selected_features HTTP/1.1" 200 -
2025-10-23 10:23:59,949 - INFO - 127.0.0.1 - - [23/Oct/2025 10:23:59] "GET /load_dataset HTTP/1.1" 200 -
2025-10-23 10:24:00,498 - INFO - 127.0.0.1 - - [23/Oct/2025 10:24:00] "GET /load_dataset HTTP/1.1" 200 -
2025-10-23 10:25:01,340 - INFO - 127.0.0.1 - - [23/Oct/2025 10:25:01] "GET / HTTP/1.1" 200 -
2025-10-23 10:25:01,370 - INFO - 127.0.0.1 - - [23/Oct/2025 10:25:01] "GET /selected_features HTTP/1.1" 200 -
2025-10-23 10:25:01,904 - INFO - 127.0.0.1 - - [23/Oct/2025 10:25:01] "GET /load_dataset HTTP/1.1" 200 -
2025-10-23 10:25:01,915 - INFO - 127.0.0.1 - - [23/Oct/2025 10:25:01] "GET /selected_features HTTP/1.1" 200 -
2025-10-23 10:25:13,254 - INFO - 127.0.0.1 - - [23/Oct/2025 10:25:13] "POST /predict HTTP/1.1" 200 -
2025-10-23 10:25:13,268 - INFO - 127.0.0.1 - - [23/Oct/2025 10:25:13] "GET /selected_features HTTP/1.1" 200 -
2025-10-23 10:25:13,285 - INFO - 127.0.0.1 - - [23/Oct/2025 10:25:13] "GET /selected_features HTTP/1.1" 200 -
2025-10-23 10:25:32,146 - INFO - 127.0.0.1 - - [23/Oct/2025 10:25:32] "GET /model_accuracy HTTP/1.1" 200 -
2025-10-23 19:50:53,669 - INFO - Model and TF-IDF vectorizer loaded successfully.
2025-10-23 19:50:53,977 - INFO - [31m[1mWARNING: This is a development server. Do not use it in a production deployment. Use a production WSGI server instead.[0m
 * Running on http://127.0.0.1:5000
2025-10-23 19:50:53,979 - INFO - [33mPress CTRL+C to quit[0m
2025-10-23 19:50:53,994 - INFO -  * Restarting with watchdog (windowsapi)
2025-10-23 19:50:55,698 - INFO - Model and TF-IDF vectorizer loaded successfully.
2025-10-23 19:50:55,884 - WARNING -  * Debugger is active!
2025-10-23 19:50:55,920 - INFO -  * Debugger PIN: 603-667-668
2025-10-23 19:51:00,993 - INFO - 127.0.0.1 - - [23/Oct/2025 19:51:00] "GET / HTTP/1.1" 200 -
2025-10-23 19:51:01,031 - INFO - 127.0.0.1 - - [23/Oct/2025 19:51:01] "GET /selected_features HTTP/1.1" 200 -
2025-10-23 19:51:01,063 - INFO - 127.0.0.1 - - [23/Oct/2025 19:51:01] "[33mGET /favicon.ico HTTP/1.1[0m" 404 -
2025-10-23 19:51:01,326 - INFO - 127.0.0.1 - - [23/Oct/2025 19:51:01] "GET /load_dataset HTTP/1.1" 200 -
2025-10-23 19:51:01,334 - INFO - 127.0.0.1 - - [23/Oct/2025 19:51:01] "GET /selected_features HTTP/1.1" 200 -
2025-10-23 19:51:08,847 - INFO - 127.0.0.1 - - [23/Oct/2025 19:51:08] "GET /load_dataset HTTP/1.1" 200 -
2025-10-23 19:51:09,482 - INFO - 127.0.0.1 - - [23/Oct/2025 19:51:09] "GET /load_dataset HTTP/1.1" 200 -
2025-10-23 19:51:44,028 - INFO - 127.0.0.1 - - [23/Oct/2025 19:51:44] "POST /predict HTTP/1.1" 200 -
2025-10-23 19:51:44,052 - INFO - 127.0.0.1 - - [23/Oct/2025 19:51:44] "GET /selected_features HTTP/1.1" 200 -
2025-10-23 19:51:44,064 - INFO - 127.0.0.1 - - [23/Oct/2025 19:51:44] "GET /selected_features HTTP/1.1" 200 -
2025-10-23 19:52:05,602 - INFO - 127.0.0.1 - - [23/Oct/2025 19:52:05] "GET /model_accuracy HTTP/1.1" 200 -
2025-10-23 20:23:49,785 - INFO - 127.0.0.1 - - [23/Oct/2025 20:23:49] "GET / HTTP/1.1" 200 -
2025-10-23 20:23:49,810 - INFO - 127.0.0.1 - - [23/Oct/2025 20:23:49] "GET /selected_features HTTP/1.1" 200 -
2025-10-23 20:23:50,045 - INFO - 127.0.0.1 - - [23/Oct/2025 20:23:50] "GET /load_dataset HTTP/1.1" 200 -
2025-10-23 20:23:50,052 - INFO - 127.0.0.1 - - [23/Oct/2025 20:23:50] "GET /selected_features HTTP/1.1" 200 -
2025-10-23 20:23:53,840 - INFO - 127.0.0.1 - - [23/Oct/2025 20:23:53] "GET /load_dataset HTTP/1.1" 200 -
2025-10-23 20:23:54,061 - INFO - 127.0.0.1 - - [23/Oct/2025 20:23:54] "GET /load_dataset HTTP/1.1" 200 -
2025-10-23 20:25:25,311 - INFO - 127.0.0.1 - - [23/Oct/2025 20:25:25] "POST /predict HTTP/1.1" 200 -
2025-10-23 20:25:25,362 - INFO - 127.0.0.1 - - [23/Oct/2025 20:25:25] "GET /selected_features HTTP/1.1" 200 -
2025-10-23 20:25:25,378 - INFO - 127.0.0.1 - - [23/Oct/2025 20:25:25] "GET /selected_features HTTP/1.1" 200 -
2025-10-23 20:25:32,294 - INFO - 127.0.0.1 - - [23/Oct/2025 20:25:32] "GET /model_accuracy HTTP/1.1" 200 -
2025-10-23 20:25:46,878 - INFO - 127.0.0.1 - - [23/Oct/2025 20:25:46] "GET /model_accuracy HTTP/1.1" 200 -
2025-10-24 12:37:26,339 - INFO - Model and TF-IDF vectorizer loaded successfully.
2025-10-24 12:37:26,709 - INFO - [31m[1mWARNING: This is a development server. Do not use it in a production deployment. Use a production WSGI server instead.[0m
 * Running on http://127.0.0.1:5000
2025-10-24 12:37:26,710 - INFO - [33mPress CTRL+C to quit[0m
2025-10-24 12:37:26,727 - INFO -  * Restarting with watchdog (windowsapi)
2025-10-24 12:37:28,501 - INFO - Model and TF-IDF vectorizer loaded successfully.
2025-10-24 12:37:28,777 - WARNING -  * Debugger is active!
2025-10-24 12:37:28,808 - INFO -  * Debugger PIN: 603-667-668
2025-10-24 12:37:31,852 - INFO - 127.0.0.1 - - [24/Oct/2025 12:37:31] "GET / HTTP/1.1" 200 -
2025-10-24 12:37:32,101 - INFO - 127.0.0.1 - - [24/Oct/2025 12:37:32] "GET /selected_features HTTP/1.1" 200 -
2025-10-24 12:37:32,218 - INFO - 127.0.0.1 - - [24/Oct/2025 12:37:32] "[33mGET /favicon.ico HTTP/1.1[0m" 404 -
2025-10-24 12:41:13,514 - INFO - Model and TF-IDF vectorizer loaded successfully.
2025-10-24 12:41:13,768 - INFO - [31m[1mWARNING: This is a development server. Do not use it in a production deployment. Use a production WSGI server instead.[0m
 * Running on http://127.0.0.1:5000
2025-10-24 12:41:13,768 - INFO - [33mPress CTRL+C to quit[0m
2025-10-24 12:41:13,780 - INFO -  * Restarting with watchdog (windowsapi)
2025-10-24 12:41:15,588 - INFO - Model and TF-IDF vectorizer loaded successfully.
2025-10-24 12:41:18,652 - WARNING -  * Debugger is active!
2025-10-24 12:41:18,654 - INFO -  * Debugger PIN: 603-667-668
2025-10-24 12:41:42,040 - INFO - 127.0.0.1 - - [24/Oct/2025 12:41:42] "GET / HTTP/1.1" 200 -
2025-10-24 12:41:42,067 - INFO - 127.0.0.1 - - [24/Oct/2025 12:41:42] "GET /selected_features HTTP/1.1" 200 -
2025-10-24 12:41:44,180 - INFO - 127.0.0.1 - - [24/Oct/2025 12:41:44] "GET /load_dataset HTTP/1.1" 200 -
2025-10-24 12:41:50,268 - INFO - 127.0.0.1 - - [24/Oct/2025 12:41:50] "GET /load_dataset HTTP/1.1" 200 -
2025-10-24 12:53:33,358 - INFO - 127.0.0.1 - - [24/Oct/2025 12:53:33] "GET / HTTP/1.1" 200 -
2025-10-24 12:53:33,953 - INFO - 127.0.0.1 - - [24/Oct/2025 12:53:33] "GET /load_dataset HTTP/1.1" 200 -
2025-10-24 12:54:04,390 - INFO - 127.0.0.1 - - [24/Oct/2025 12:54:04] "POST /predict HTTP/1.1" 200 -
2025-10-24 12:54:04,405 - INFO - 127.0.0.1 - - [24/Oct/2025 12:54:04] "GET /selected_features HTTP/1.1" 200 -
2025-10-24 12:55:25,808 - INFO -  * Detected change in 'C:\\Users\\Muiz\\OneDrive\\Desktop\\Mini Project Sem 5\\Fake_News_Detection\\api.py', reloading
2025-10-24 12:55:25,810 - INFO -  * Detected change in 'C:\\Users\\Muiz\\OneDrive\\Desktop\\Mini Project Sem 5\\Fake_News_Detection\\api.py', reloading
2025-10-24 12:55:26,060 - INFO -  * Detected change in 'C:\\Users\\Muiz\\OneDrive\\Desktop\\Mini Project Sem 5\\Fake_News_Detection\\api.py', reloading
2025-10-24 12:55:26,063 - INFO -  * Detected change in 'C:\\Users\\Muiz\\OneDrive\\Desktop\\Mini Project Sem 5\\Fake_News_Detection\\api.py', reloading
2025-10-24 12:55:27,986 - INFO -  * Restarting with watchdog (windowsapi)
2025-10-24 12:55:30,402 - INFO - ✅ Model and TF-IDF vectorizer loaded successfully.
2025-10-24 12:55:34,490 - WARNING -  * Debugger is active!
2025-10-24 12:55:34,495 - INFO -  * Debugger PIN: 603-667-668
2025-10-24 12:55:34,555 - INFO -  * Detected change in 'C:\\Users\\Muiz\\AppData\\Local\\Programs\\Python\\Python313\\Lib\\site-packages\\adodbapi\\__init__.py', reloading
2025-10-24 12:55:34,567 - INFO -  * Detected change in 'C:\\Users\\Muiz\\AppData\\Local\\Programs\\Python\\Python313\\Lib\\site-packages\\aiohappyeyeballs\\__init__.py', reloading
2025-10-24 12:55:34,581 - INFO -  * Detected change in 'C:\\Users\\Muiz\\AppData\\Local\\Programs\\Python\\Python313\\Lib\\site-packages\\aiohappyeyeballs\\impl.py', reloading
2025-10-24 12:55:34,600 - INFO -  * Detected change in 'C:\\Users\\Muiz\\AppData\\Local\\Programs\\Python\\Python313\\Lib\\site-packages\\aiohappyeyeballs\\types.py', reloading
2025-10-24 12:55:34,611 - INFO -  * Detected change in 'C:\\Users\\Muiz\\AppData\\Local\\Programs\\Python\\Python313\\Lib\\site-packages\\aiohappyeyeballs\\utils.py', reloading
2025-10-24 12:55:34,623 - INFO -  * Detected change in 'C:\\Users\\Muiz\\AppData\\Local\\Programs\\Python\\Python313\\Lib\\site-packages\\aiohttp\\__init__.py', reloading
2025-10-24 12:55:34,641 - INFO -  * Detected change in 'C:\\Users\\Muiz\\AppData\\Local\\Programs\\Python\\Python313\\Lib\\site-packages\\aiohttp\\client.py', reloading
2025-10-24 12:55:34,662 - INFO -  * Detected change in 'C:\\Users\\Muiz\\AppData\\Local\\Programs\\Python\\Python313\\Lib\\site-packages\\aiohttp\\connector.py', reloading
2025-10-24 12:55:34,678 - INFO -  * Detected change in 'C:\\Users\\Muiz\\AppData\\Local\\Programs\\Python\\Python313\\Lib\\site-packages\\aiohttp\\client_exceptions.py', reloading
2025-10-24 12:55:34,694 - INFO -  * Detected change in 'C:\\Users\\Muiz\\AppData\\Local\\Programs\\Python\\Python313\\Lib\\site-packages\\aiohttp\\client_reqrep.py', reloading
2025-10-24 12:55:34,710 - INFO -  * Detected change in 'C:\\Users\\Muiz\\AppData\\Local\\Programs\\Python\\Python313\\Lib\\site-packages\\aiohttp\\client_ws.py', reloading
2025-10-24 12:55:34,723 - INFO -  * Detected change in 'C:\\Users\\Muiz\\AppData\\Local\\Programs\\Python\\Python313\\Lib\\site-packages\\aiohttp\\client_middleware_digest_auth.py', reloading
2025-10-24 12:55:34,736 - INFO -  * Detected change in 'C:\\Users\\Muiz\\AppData\\Local\\Programs\\Python\\Python313\\Lib\\site-packages\\aiohttp\\client_middlewares.py', reloading
2025-10-24 12:55:34,748 - INFO -  * Detected change in 'C:\\Users\\Muiz\\AppData\\Local\\Programs\\Python\\Python313\\Lib\\site-packages\\aiohttp\\compression_utils.py', reloading
2025-10-24 12:55:34,762 - INFO -  * Detected change in 'C:\\Users\\Muiz\\AppData\\Local\\Programs\\Python\\Python313\\Lib\\site-packages\\aiohttp\\cookiejar.py', reloading
2025-10-24 12:55:34,775 - INFO -  * Detected change in 'C:\\Users\\Muiz\\AppData\\Local\\Programs\\Python\\Python313\\Lib\\site-packages\\aiohttp\\formdata.py', reloading
2025-10-24 12:55:34,795 - INFO -  * Detected change in 'C:\\Users\\Muiz\\AppData\\Local\\Programs\\Python\\Python313\\Lib\\site-packages\\aiohttp\\helpers.py', reloading
2025-10-24 12:55:34,820 - INFO -  * Detected change in 'C:\\Users\\Muiz\\AppData\\Local\\Programs\\Python\\Python313\\Lib\\site-packages\\aiohttp\\http.py', reloading
2025-10-24 12:55:34,832 - INFO -  * Detected change in 'C:\\Users\\Muiz\\AppData\\Local\\Programs\\Python\\Python313\\Lib\\site-packages\\aiohttp\\http_writer.py', reloading
2025-10-24 12:55:34,844 - INFO -  * Detected change in 'C:\\Users\\Muiz\\AppData\\Local\\Programs\\Python\\Python313\\Lib\\site-packages\\aiohttp\\http_websocket.py', reloading
2025-10-24 12:55:34,855 - INFO -  * Detected change in 'C:\\Users\\Muiz\\AppData\\Local\\Programs\\Python\\Python313\\Lib\\site-packages\\aiohttp\\_websocket\\models.py', reloading
2025-10-24 12:55:34,868 - INFO -  * Detected change in 'C:\\Users\\Muiz\\AppData\\Local\\Programs\\Python\\Python313\\Lib\\site-packages\\aiohttp\\multipart.py', reloading
2025-10-24 12:55:34,882 - INFO -  * Detected change in 'C:\\Users\\Muiz\\AppData\\Local\\Programs\\Python\\Python313\\Lib\\site-packages\\aiohttp\\payload.py', reloading
2025-10-24 12:55:34,894 - INFO -  * Detected change in 'C:\\Users\\Muiz\\AppData\\Local\\Programs\\Python\\Python313\\Lib\\site-packages\\aiohttp\\payload_streamer.py', reloading
2025-10-24 12:55:34,904 - INFO -  * Detected change in 'C:\\Users\\Muiz\\AppData\\Local\\Programs\\Python\\Python313\\Lib\\site-packages\\aiohttp\\resolver.py', reloading
2025-10-24 12:55:34,917 - INFO -  * Detected change in 'C:\\Users\\Muiz\\AppData\\Local\\Programs\\Python\\Python313\\Lib\\site-packages\\aiohttp\\streams.py', reloading
2025-10-24 12:55:34,929 - INFO -  * Detected change in 'C:\\Users\\Muiz\\AppData\\Local\\Programs\\Python\\Python313\\Lib\\site-packages\\aiohttp\\tracing.py', reloading
2025-10-24 12:55:34,944 - INFO -  * Detected change in 'C:\\Users\\Muiz\\AppData\\Local\\Programs\\Python\\Python313\\Lib\\site-packages\\aiohttp\\worker.py', reloading
2025-10-24 12:55:34,958 - INFO -  * Detected change in 'C:\\Users\\Muiz\\AppData\\Local\\Programs\\Python\\Python313\\Lib\\site-packages\\aiosignal\\__init__.py', reloading
2025-10-24 12:55:34,980 - INFO -  * Detected change in 'C:\\Users\\Muiz\\AppData\\Local\\Programs\\Python\\Python313\\Lib\\site-packages\\altair\\__init__.py', reloading
2025-10-24 12:55:35,001 - INFO -  * Detected change in 'C:\\Users\\Muiz\\AppData\\Local\\Programs\\Python\\Python313\\Lib\\site-packages\\altair\\vegalite\\__init__.py', reloading
2025-10-24 12:55:35,012 - INFO -  * Detected change in 'C:\\Users\\Muiz\\AppData\\Local\\Programs\\Python\\Python313\\Lib\\site-packages\\altair\\vegalite\\v5\\__init__.py', reloading
2025-10-24 12:55:35,032 - INFO -  * Detected change in 'C:\\Users\\Muiz\\AppData\\Local\\Programs\\Python\\Python313\\Lib\\site-packages\\altair\\vegalite\\v5\\api.py', reloading
2025-10-24 12:55:35,055 - INFO -  * Detected change in 'C:\\Users\\Muiz\\AppData\\Local\\Programs\\Python\\Python313\\Lib\\site-packages\\altair\\vegalite\\v5\\schema\\__init__.py', reloading
2025-10-24 12:55:35,071 - INFO -  * Detected change in 'C:\\Users\\Muiz\\AppData\\Local\\Programs\\Python\\Python313\\Lib\\site-packages\\altair\\vegalite\\v5\\schema\\channels.py', reloading
2025-10-24 12:55:35,130 - INFO -  * Detected change in 'C:\\Users\\Muiz\\AppData\\Local\\Programs\\Python\\Python313\\Lib\\site-packages\\altair\\vegalite\\v5\\schema\\_typing.py', reloading
2025-10-24 12:55:35,191 - INFO -  * Detected change in 'C:\\Users\\Muiz\\AppData\\Local\\Programs\\Python\\Python313\\Lib\\site-packages\\altair\\vegalite\\v5\\schema\\core.py', reloading
2025-10-24 12:55:35,253 - INFO -  * Detected change in 'C:\\Users\\Muiz\\AppData\\Local\\Programs\\Python\\Python313\\Lib\\site-packages\\altair\\vegalite\\v5\\display.py', reloading
2025-10-24 12:55:35,268 - INFO -  * Detected change in 'C:\\Users\\Muiz\\AppData\\Local\\Programs\\Python\\Python313\\Lib\\site-packages\\altair\\utils\\data.py', reloading
2025-10-24 12:55:35,289 - INFO -  * Detected change in 'C:\\Users\\Muiz\\AppData\\Local\\Programs\\Python\\Python313\\Lib\\site-packages\\altair\\vegalite\\v5\\data.py', reloading
2025-10-24 12:55:35,320 - INFO -  * Detected change in 'C:\\Users\\Muiz\\AppData\\Local\\Programs\\Python\\Python313\\Lib\\site-packages\\altair\\vegalite\\data.py', reloading
2025-10-24 12:55:35,336 - INFO -  * Detected change in 'C:\\Users\\Muiz\\AppData\\Local\\Programs\\Python\\Python313\\Lib\\site-packages\\altair\\utils\\schemapi.py', reloading
2025-10-24 12:55:35,358 - INFO -  * Detected change in 'C:\\Users\\Muiz\\AppData\\Local\\Programs\\Python\\Python313\\Lib\\site-packages\\altair\\expr\\core.py', reloading
2025-10-24 12:55:35,372 - INFO -  * Detected change in 'C:\\Users\\Muiz\\AppData\\Local\\Programs\\Python\\Python313\\Lib\\site-packages\\altair\\vegalite\\v5\\compiler.py', reloading
2025-10-24 12:55:35,382 - INFO -  * Detected change in 'C:\\Users\\Muiz\\AppData\\Local\\Programs\\Python\\Python313\\Lib\\site-packages\\altair\\jupyter\\__init__.py', reloading
2025-10-24 12:55:35,396 - INFO -  * Detected change in 'C:\\Users\\Muiz\\AppData\\Local\\Programs\\Python\\Python313\\Lib\\site-packages\\altair\\jupyter\\jupyter_chart.py', reloading
2025-10-24 12:55:35,416 - INFO -  * Detected change in 'C:\\Users\\Muiz\\AppData\\Local\\Programs\\Python\\Python313\\Lib\\site-packages\\altair\\expr\\__init__.py', reloading
2025-10-24 12:55:35,430 - INFO -  * Detected change in 'C:\\Users\\Muiz\\AppData\\Local\\Programs\\Python\\Python313\\Lib\\site-packages\\altair\\utils\\__init__.py', reloading
2025-10-24 12:55:35,444 - INFO -  * Detected change in 'C:\\Users\\Muiz\\AppData\\Local\\Programs\\Python\\Python313\\Lib\\site-packages\\altair\\utils\\deprecation.py', reloading
2025-10-24 12:55:35,460 - INFO -  * Detected change in 'C:\\Users\\Muiz\\AppData\\Local\\Programs\\Python\\Python313\\Lib\\site-packages\\altair\\utils\\core.py', reloading
2025-10-24 12:55:35,475 - INFO -  * Detected change in 'C:\\Users\\Muiz\\AppData\\Local\\Programs\\Python\\Python313\\Lib\\site-packages\\anyio\\__init__.py', reloading
2025-10-24 12:55:35,491 - INFO -  * Detected change in 'C:\\Users\\Muiz\\AppData\\Local\\Programs\\Python\\Python313\\Lib\\site-packages\\anyio\\_core\\_contextmanagers.py', reloading
2025-10-24 12:55:35,507 - INFO -  * Detected change in 'C:\\Users\\Muiz\\AppData\\Local\\Programs\\Python\\Python313\\Lib\\site-packages\\anyio\\_core\\_eventloop.py', reloading
2025-10-24 12:55:35,521 - INFO -  * Detected change in 'C:\\Users\\Muiz\\AppData\\Local\\Programs\\Python\\Python313\\Lib\\site-packages\\anyio\\_core\\_exceptions.py', reloading
2025-10-24 12:55:35,994 - INFO -  * Restarting with watchdog (windowsapi)
2025-10-24 12:55:37,911 - INFO - ✅ Model and TF-IDF vectorizer loaded successfully.
2025-10-24 12:55:40,548 - WARNING -  * Debugger is active!
2025-10-24 12:55:40,595 - INFO -  * Debugger PIN: 603-667-668
2025-10-24 12:55:40,700 - INFO -  * Detected change in 'C:\\Users\\Muiz\\AppData\\Local\\Programs\\Python\\Python313\\Lib\\site-packages\\huggingface_hub\\file_download.py', reloading
2025-10-24 12:55:40,797 - INFO -  * Detected change in 'C:\\Users\\Muiz\\AppData\\Local\\Programs\\Python\\Python313\\Lib\\site-packages\\huggingface_hub\\hf_api.py', reloading
2025-10-24 12:55:40,891 - INFO -  * Detected change in 'C:\\Users\\Muiz\\AppData\\Local\\Programs\\Python\\Python313\\Lib\\site-packages\\huggingface_hub\\_commit_api.py', reloading
2025-10-24 12:55:40,926 - INFO -  * Detected change in 'C:\\Users\\Muiz\\AppData\\Local\\Programs\\Python\\Python313\\Lib\\site-packages\\huggingface_hub\\hf_file_system.py', reloading
2025-10-24 12:55:40,962 - INFO -  * Detected change in 'C:\\Users\\Muiz\\AppData\\Local\\Programs\\Python\\Python313\\Lib\\site-packages\\huggingface_hub\\hub_mixin.py', reloading
2025-10-24 12:55:41,027 - INFO -  * Detected change in 'C:\\Users\\Muiz\\AppData\\Local\\Programs\\Python\\Python313\\Lib\\site-packages\\huggingface_hub\\inference\\_client.py', reloading
2025-10-24 12:55:41,090 - INFO -  * Detected change in 'C:\\Users\\Muiz\\AppData\\Local\\Programs\\Python\\Python313\\Lib\\site-packages\\huggingface_hub\\inference\\_generated\\_async_client.py', reloading
2025-10-24 12:55:41,132 - INFO -  * Detected change in 'C:\\Users\\Muiz\\AppData\\Local\\Programs\\Python\\Python313\\Lib\\site-packages\\huggingface_hub\\inference\\_generated\\types\\__init__.py', reloading
2025-10-24 12:55:41,158 - INFO -  * Detected change in 'C:\\Users\\Muiz\\AppData\\Local\\Programs\\Python\\Python313\\Lib\\site-packages\\huggingface_hub\\inference\\_generated\\types\\audio_classification.py', reloading
2025-10-24 12:55:41,172 - INFO -  * Detected change in 'C:\\Users\\Muiz\\AppData\\Local\\Programs\\Python\\Python313\\Lib\\site-packages\\huggingface_hub\\inference\\_generated\\types\\audio_to_audio.py', reloading
2025-10-24 12:55:41,200 - INFO -  * Detected change in 'C:\\Users\\Muiz\\AppData\\Local\\Programs\\Python\\Python313\\Lib\\site-packages\\huggingface_hub\\inference\\_generated\\types\\automatic_speech_recognition.py', reloading
2025-10-24 12:55:41,216 - INFO -  * Detected change in 'C:\\Users\\Muiz\\AppData\\Local\\Programs\\Python\\Python313\\Lib\\site-packages\\huggingface_hub\\inference\\_generated\\types\\chat_completion.py', reloading
2025-10-24 12:55:41,240 - INFO -  * Detected change in 'C:\\Users\\Muiz\\AppData\\Local\\Programs\\Python\\Python313\\Lib\\site-packages\\huggingface_hub\\inference\\_generated\\types\\depth_estimation.py', reloading
2025-10-24 12:55:41,252 - INFO -  * Detected change in 'C:\\Users\\Muiz\\AppData\\Local\\Programs\\Python\\Python313\\Lib\\site-packages\\huggingface_hub\\inference\\_generated\\types\\document_question_answering.py', reloading
2025-10-24 12:55:41,276 - INFO -  * Detected change in 'C:\\Users\\Muiz\\AppData\\Local\\Programs\\Python\\Python313\\Lib\\site-packages\\huggingface_hub\\inference\\_generated\\types\\feature_extraction.py', reloading
2025-10-24 12:55:41,290 - INFO -  * Detected change in 'C:\\Users\\Muiz\\AppData\\Local\\Programs\\Python\\Python313\\Lib\\site-packages\\huggingface_hub\\inference\\_generated\\types\\fill_mask.py', reloading
2025-10-24 12:55:41,312 - INFO -  * Detected change in 'C:\\Users\\Muiz\\AppData\\Local\\Programs\\Python\\Python313\\Lib\\site-packages\\huggingface_hub\\inference\\_generated\\types\\image_classification.py', reloading
2025-10-24 12:55:41,334 - INFO -  * Detected change in 'C:\\Users\\Muiz\\AppData\\Local\\Programs\\Python\\Python313\\Lib\\site-packages\\huggingface_hub\\inference\\_generated\\types\\image_segmentation.py', reloading
2025-10-24 12:55:41,357 - INFO -  * Detected change in 'C:\\Users\\Muiz\\AppData\\Local\\Programs\\Python\\Python313\\Lib\\site-packages\\huggingface_hub\\inference\\_generated\\types\\image_to_image.py', reloading
2025-10-24 12:55:41,382 - INFO -  * Detected change in 'C:\\Users\\Muiz\\AppData\\Local\\Programs\\Python\\Python313\\Lib\\site-packages\\huggingface_hub\\inference\\_generated\\types\\image_to_text.py', reloading
2025-10-24 12:55:41,407 - INFO -  * Detected change in 'C:\\Users\\Muiz\\AppData\\Local\\Programs\\Python\\Python313\\Lib\\site-packages\\huggingface_hub\\inference\\_generated\\types\\image_to_video.py', reloading
2025-10-24 12:55:41,433 - INFO -  * Detected change in 'C:\\Users\\Muiz\\AppData\\Local\\Programs\\Python\\Python313\\Lib\\site-packages\\huggingface_hub\\inference\\_generated\\types\\object_detection.py', reloading
2025-10-24 12:55:41,445 - INFO -  * Detected change in 'C:\\Users\\Muiz\\AppData\\Local\\Programs\\Python\\Python313\\Lib\\site-packages\\huggingface_hub\\inference\\_generated\\types\\table_question_answering.py', reloading
2025-10-24 12:55:41,457 - INFO -  * Detected change in 'C:\\Users\\Muiz\\AppData\\Local\\Programs\\Python\\Python313\\Lib\\site-packages\\huggingface_hub\\inference\\_generated\\types\\question_answering.py', reloading
2025-10-24 12:55:41,479 - INFO -  * Detected change in 'C:\\Users\\Muiz\\AppData\\Local\\Programs\\Python\\Python313\\Lib\\site-packages\\huggingface_hub\\inference\\_generated\\types\\sentence_similarity.py', reloading
2025-10-24 12:55:41,503 - INFO -  * Detected change in 'C:\\Users\\Muiz\\AppData\\Local\\Programs\\Python\\Python313\\Lib\\site-packages\\huggingface_hub\\inference\\_generated\\types\\summarization.py', reloading
2025-10-24 12:55:41,525 - INFO -  * Detected change in 'C:\\Users\\Muiz\\AppData\\Local\\Programs\\Python\\Python313\\Lib\\site-packages\\huggingface_hub\\inference\\_generated\\types\\text2text_generation.py', reloading
2025-10-24 12:55:41,537 - INFO -  * Detected change in 'C:\\Users\\Muiz\\AppData\\Local\\Programs\\Python\\Python313\\Lib\\site-packages\\huggingface_hub\\inference\\_generated\\types\\text_classification.py', reloading
2025-10-24 12:55:41,565 - INFO -  * Detected change in 'C:\\Users\\Muiz\\AppData\\Local\\Programs\\Python\\Python313\\Lib\\site-packages\\huggingface_hub\\inference\\_generated\\types\\text_generation.py', reloading
2025-10-24 12:55:41,580 - INFO -  * Detected change in 'C:\\Users\\Muiz\\AppData\\Local\\Programs\\Python\\Python313\\Lib\\site-packages\\huggingface_hub\\inference\\_generated\\types\\text_to_audio.py', reloading
2025-10-24 12:55:41,604 - INFO -  * Detected change in 'C:\\Users\\Muiz\\AppData\\Local\\Programs\\Python\\Python313\\Lib\\site-packages\\huggingface_hub\\inference\\_generated\\types\\text_to_image.py', reloading
2025-10-24 12:55:41,630 - INFO -  * Detected change in 'C:\\Users\\Muiz\\AppData\\Local\\Programs\\Python\\Python313\\Lib\\site-packages\\huggingface_hub\\inference\\_generated\\types\\text_to_speech.py', reloading
2025-10-24 12:55:41,652 - INFO -  * Detected change in 'C:\\Users\\Muiz\\AppData\\Local\\Programs\\Python\\Python313\\Lib\\site-packages\\huggingface_hub\\inference\\_generated\\types\\text_to_video.py', reloading
2025-10-24 12:55:42,134 - INFO -  * Restarting with watchdog (windowsapi)
2025-10-24 12:55:44,512 - INFO - ✅ Model and TF-IDF vectorizer loaded successfully.
2025-10-24 12:55:46,150 - WARNING -  * Debugger is active!
2025-10-24 12:55:46,152 - INFO -  * Debugger PIN: 603-667-668
2025-10-24 12:55:46,169 - INFO -  * Detected change in 'C:\\Users\\Muiz\\AppData\\Local\\Programs\\Python\\Python313\\Lib\\site-packages\\pdfminer\\__init__.py', reloading
2025-10-24 12:55:46,185 - INFO -  * Detected change in 'C:\\Users\\Muiz\\AppData\\Local\\Programs\\Python\\Python313\\Lib\\site-packages\\pdfplumber\\__init__.py', reloading
2025-10-24 12:55:46,203 - INFO -  * Detected change in 'C:\\Users\\Muiz\\AppData\\Local\\Programs\\Python\\Python313\\Lib\\site-packages\\pdfplumber\\_version.py', reloading
2025-10-24 12:55:46,214 - INFO -  * Detected change in 'C:\\Users\\Muiz\\AppData\\Local\\Programs\\Python\\Python313\\Lib\\site-packages\\PIL\\__init__.py', reloading
2025-10-24 12:55:46,233 - INFO -  * Detected change in 'C:\\Users\\Muiz\\AppData\\Local\\Programs\\Python\\Python313\\Lib\\site-packages\\pip\\__init__.py', reloading
2025-10-24 12:55:46,250 - INFO -  * Detected change in 'C:\\Users\\Muiz\\AppData\\Local\\Programs\\Python\\Python313\\Lib\\site-packages\\pkg_resources\\__init__.py', reloading
2025-10-24 12:55:46,284 - INFO -  * Detected change in 'C:\\Users\\Muiz\\AppData\\Local\\Programs\\Python\\Python313\\Lib\\site-packages\\platformdirs\\__init__.py', reloading
2025-10-24 12:55:46,321 - INFO -  * Detected change in 'C:\\Users\\Muiz\\AppData\\Local\\Programs\\Python\\Python313\\Lib\\site-packages\\platformdirs\\api.py', reloading
2025-10-24 12:55:46,338 - INFO -  * Detected change in 'C:\\Users\\Muiz\\AppData\\Local\\Programs\\Python\\Python313\\Lib\\site-packages\\platformdirs\\version.py', reloading
2025-10-24 12:55:46,364 - INFO -  * Detected change in 'C:\\Users\\Muiz\\AppData\\Local\\Programs\\Python\\Python313\\Lib\\site-packages\\plotly\\__init__.py', reloading
2025-10-24 12:55:46,381 - INFO -  * Detected change in 'C:\\Users\\Muiz\\AppData\\Local\\Programs\\Python\\Python313\\Lib\\site-packages\\prometheus_client\\__init__.py', reloading
2025-10-24 12:55:46,399 - INFO -  * Detected change in 'C:\\Users\\Muiz\\AppData\\Local\\Programs\\Python\\Python313\\Lib\\site-packages\\prometheus_client\\exposition.py', reloading
2025-10-24 12:55:46,413 - INFO -  * Detected change in 'C:\\Users\\Muiz\\AppData\\Local\\Programs\\Python\\Python313\\Lib\\site-packages\\prometheus_client\\asgi.py', reloading
2025-10-24 12:55:46,422 - INFO -  * Detected change in 'C:\\Users\\Muiz\\AppData\\Local\\Programs\\Python\\Python313\\Lib\\site-packages\\prometheus_client\\gc_collector.py', reloading
2025-10-24 12:55:46,433 - INFO -  * Detected change in 'C:\\Users\\Muiz\\AppData\\Local\\Programs\\Python\\Python313\\Lib\\site-packages\\prometheus_client\\metrics.py', reloading
2025-10-24 12:55:46,446 - INFO -  * Detected change in 'C:\\Users\\Muiz\\AppData\\Local\\Programs\\Python\\Python313\\Lib\\site-packages\\prometheus_client\\metrics_core.py', reloading
2025-10-24 12:55:46,458 - INFO -  * Detected change in 'C:\\Users\\Muiz\\AppData\\Local\\Programs\\Python\\Python313\\Lib\\site-packages\\prometheus_client\\platform_collector.py', reloading
2025-10-24 12:55:46,468 - INFO -  * Detected change in 'C:\\Users\\Muiz\\AppData\\Local\\Programs\\Python\\Python313\\Lib\\site-packages\\prometheus_client\\process_collector.py', reloading
2025-10-24 12:55:46,479 - INFO -  * Detected change in 'C:\\Users\\Muiz\\AppData\\Local\\Programs\\Python\\Python313\\Lib\\site-packages\\prometheus_client\\registry.py', reloading
2025-10-24 12:55:46,489 - INFO -  * Detected change in 'C:\\Users\\Muiz\\AppData\\Local\\Programs\\Python\\Python313\\Lib\\site-packages\\prompt_toolkit\\__init__.py', reloading
2025-10-24 12:55:46,512 - INFO -  * Detected change in 'C:\\Users\\Muiz\\AppData\\Local\\Programs\\Python\\Python313\\Lib\\site-packages\\prompt_toolkit\\application\\__init__.py', reloading
2025-10-24 12:55:46,524 - INFO -  * Detected change in 'C:\\Users\\Muiz\\AppData\\Local\\Programs\\Python\\Python313\\Lib\\site-packages\\prompt_toolkit\\application\\application.py', reloading
2025-10-24 12:55:46,542 - INFO -  * Detected change in 'C:\\Users\\Muiz\\AppData\\Local\\Programs\\Python\\Python313\\Lib\\site-packages\\prompt_toolkit\\formatted_text\\__init__.py', reloading
2025-10-24 12:55:46,553 - INFO -  * Detected change in 'C:\\Users\\Muiz\\AppData\\Local\\Programs\\Python\\Python313\\Lib\\site-packages\\prompt_toolkit\\formatted_text\\ansi.py', reloading
2025-10-24 12:55:46,575 - INFO -  * Detected change in 'C:\\Users\\Muiz\\AppData\\Local\\Programs\\Python\\Python313\\Lib\\site-packages\\prompt_toolkit\\formatted_text\\html.py', reloading
2025-10-24 12:55:46,586 - INFO -  * Detected change in 'C:\\Users\\Muiz\\AppData\\Local\\Programs\\Python\\Python313\\Lib\\site-packages\\prompt_toolkit\\shortcuts\\__init__.py', reloading
2025-10-24 12:55:46,599 - INFO -  * Detected change in 'C:\\Users\\Muiz\\AppData\\Local\\Programs\\Python\\Python313\\Lib\\site-packages\\prompt_toolkit\\shortcuts\\prompt.py', reloading
2025-10-24 12:55:46,615 - INFO -  * Detected change in 'C:\\Users\\Muiz\\AppData\\Local\\Programs\\Python\\Python313\\Lib\\site-packages\\prompt_toolkit\\shortcuts\\choice_input.py', reloading
2025-10-24 12:55:46,625 - INFO -  * Detected change in 'C:\\Users\\Muiz\\AppData\\Local\\Programs\\Python\\Python313\\Lib\\site-packages\\prompt_toolkit\\shortcuts\\utils.py', reloading
2025-10-24 12:55:46,635 - INFO -  * Detected change in 'C:\\Users\\Muiz\\AppData\\Local\\Programs\\Python\\Python313\\Lib\\site-packages\\propcache\\__init__.py', reloading
2025-10-24 12:55:46,651 - INFO -  * Detected change in 'C:\\Users\\Muiz\\AppData\\Local\\Programs\\Python\\Python313\\Lib\\site-packages\\propcache\\api.py', reloading
2025-10-24 12:55:46,660 - INFO -  * Detected change in 'C:\\Users\\Muiz\\AppData\\Local\\Programs\\Python\\Python313\\Lib\\site-packages\\propcache\\_helpers.py', reloading
2025-10-24 12:55:46,672 - INFO -  * Detected change in 'C:\\Users\\Muiz\\AppData\\Local\\Programs\\Python\\Python313\\Lib\\site-packages\\pure_eval\\__init__.py', reloading
2025-10-24 12:55:46,683 - INFO -  * Detected change in 'C:\\Users\\Muiz\\AppData\\Local\\Programs\\Python\\Python313\\Lib\\site-packages\\pure_eval\\core.py', reloading
2025-10-24 12:55:46,695 - INFO -  * Detected change in 'C:\\Users\\Muiz\\AppData\\Local\\Programs\\Python\\Python313\\Lib\\site-packages\\pure_eval\\utils.py', reloading
2025-10-24 12:55:46,706 - INFO -  * Detected change in 'C:\\Users\\Muiz\\AppData\\Local\\Programs\\Python\\Python313\\Lib\\site-packages\\pure_eval\\my_getattr_static.py', reloading
2025-10-24 12:55:46,721 - INFO -  * Detected change in 'C:\\Users\\Muiz\\AppData\\Local\\Programs\\Python\\Python313\\Lib\\site-packages\\pure_eval\\version.py', reloading
2025-10-24 12:55:46,734 - INFO -  * Detected change in 'C:\\Users\\Muiz\\AppData\\Local\\Programs\\Python\\Python313\\Lib\\site-packages\\pyarrow\\__init__.py', reloading
2025-10-24 12:55:46,744 - INFO -  * Detected change in 'C:\\Users\\Muiz\\AppData\\Local\\Programs\\Python\\Python313\\Lib\\site-packages\\pycparser\\__init__.py', reloading
2025-10-24 12:55:46,760 - INFO -  * Detected change in 'C:\\Users\\Muiz\\AppData\\Local\\Programs\\Python\\Python313\\Lib\\site-packages\\pydeck\\__init__.py', reloading
2025-10-24 12:55:46,769 - INFO -  * Detected change in 'C:\\Users\\Muiz\\AppData\\Local\\Programs\\Python\\Python313\\Lib\\site-packages\\pyparsing\\__init__.py', reloading
2025-10-24 12:55:46,782 - INFO -  * Detected change in 'C:\\Users\\Muiz\\AppData\\Local\\Programs\\Python\\Python313\\Lib\\site-packages\\pyparsing\\util.py', reloading
2025-10-24 12:55:46,795 - INFO -  * Detected change in 'C:\\Users\\Muiz\\AppData\\Local\\Programs\\Python\\Python313\\Lib\\site-packages\\pyparsing\\exceptions.py', reloading
2025-10-24 12:55:46,807 - INFO -  * Detected change in 'C:\\Users\\Muiz\\AppData\\Local\\Programs\\Python\\Python313\\Lib\\site-packages\\pyparsing\\actions.py', reloading
2025-10-24 12:55:46,821 - INFO -  * Detected change in 'C:\\Users\\Muiz\\AppData\\Local\\Programs\\Python\\Python313\\Lib\\site-packages\\pyparsing\\results.py', reloading
2025-10-24 12:55:46,856 - INFO -  * Detected change in 'C:\\Users\\Muiz\\AppData\\Local\\Programs\\Python\\Python313\\Lib\\site-packages\\pyparsing\\core.py', reloading
2025-10-24 12:55:46,894 - INFO -  * Detected change in 'C:\\Users\\Muiz\\AppData\\Local\\Programs\\Python\\Python313\\Lib\\site-packages\\pyparsing\\helpers.py', reloading
2025-10-24 12:55:46,910 - INFO -  * Detected change in 'C:\\Users\\Muiz\\AppData\\Local\\Programs\\Python\\Python313\\Lib\\site-packages\\pyparsing\\unicode.py', reloading
2025-10-24 12:55:46,960 - INFO -  * Detected change in 'C:\\Users\\Muiz\\AppData\\Local\\Programs\\Python\\Python313\\Lib\\site-packages\\pypdfium2\\__init__.py', reloading
2025-10-24 12:55:46,980 - INFO -  * Detected change in 'C:\\Users\\Muiz\\AppData\\Local\\Programs\\Python\\Python313\\Lib\\site-packages\\pypdfium2_raw\\__init__.py', reloading
2025-10-24 12:55:47,002 - INFO -  * Detected change in 'C:\\Users\\Muiz\\AppData\\Local\\Programs\\Python\\Python313\\Lib\\site-packages\\pyswarm\\__init__.py', reloading
2025-10-24 12:55:47,024 - INFO -  * Detected change in 'C:\\Users\\Muiz\\AppData\\Local\\Programs\\Python\\Python313\\Lib\\site-packages\\pythonjsonlogger\\__init__.py', reloading
2025-10-24 12:55:47,065 - INFO -  * Detected change in 'C:\\Users\\Muiz\\AppData\\Local\\Programs\\Python\\Python313\\Lib\\site-packages\\referencing\\__init__.py', reloading
2025-10-24 12:55:47,090 - INFO -  * Detected change in 'C:\\Users\\Muiz\\AppData\\Local\\Programs\\Python\\Python313\\Lib\\site-packages\\referencing\\_core.py', reloading
2025-10-24 12:55:47,110 - INFO -  * Detected change in 'C:\\Users\\Muiz\\AppData\\Local\\Programs\\Python\\Python313\\Lib\\site-packages\\rfc3987_syntax\\__init__.py', reloading
2025-10-24 12:55:47,428 - INFO -  * Restarting with watchdog (windowsapi)
2025-10-24 12:55:49,174 - INFO - ✅ Model and TF-IDF vectorizer loaded successfully.
2025-10-24 12:55:51,094 - WARNING -  * Debugger is active!
2025-10-24 12:55:51,096 - INFO -  * Debugger PIN: 603-667-668
2025-10-24 12:55:51,118 - INFO - 127.0.0.1 - - [24/Oct/2025 12:55:51] "GET / HTTP/1.1" 200 -
2025-10-24 12:55:51,126 - INFO -  * Detected change in 'C:\\Users\\Muiz\\AppData\\Local\\Programs\\Python\\Python313\\Lib\\site-packages\\torch\\amp\\grad_scaler.py', reloading
2025-10-24 12:55:51,158 - INFO -  * Detected change in 'C:\\Users\\Muiz\\AppData\\Local\\Programs\\Python\\Python313\\Lib\\site-packages\\torch\\random.py', reloading
2025-10-24 12:55:51,188 - INFO -  * Detected change in 'C:\\Users\\Muiz\\AppData\\Local\\Programs\\Python\\Python313\\Lib\\site-packages\\torch\\serialization.py', reloading
2025-10-24 12:55:51,222 - INFO -  * Detected change in 'C:\\Users\\Muiz\\AppData\\Local\\Programs\\Python\\Python313\\Lib\\site-packages\\torch\\_lowrank.py', reloading
2025-10-24 12:55:51,343 - INFO -  * Detected change in 'C:\\Users\\Muiz\\AppData\\Local\\Programs\\Python\\Python313\\Lib\\site-packages\\torch\\autograd\\__init__.py', reloading
2025-10-24 12:55:51,350 - ERROR - Dataset load error: 
**********************************************************************
  Resource [93mpunkt_tab[0m not found.
  Please use the NLTK Downloader to obtain the resource:

  [31m>>> import nltk
  >>> nltk.download('punkt_tab')
  [0m
  For more information see: https://www.nltk.org/data.html

  Attempted to load [93mtokenizers/punkt_tab/english/[0m

  Searched in:
    - 'C:\\Users\\Muiz/nltk_data'
    - 'C:\\Users\\Muiz\\AppData\\Local\\Programs\\Python\\Python313\\nltk_data'
    - 'C:\\Users\\Muiz\\AppData\\Local\\Programs\\Python\\Python313\\share\\nltk_data'
    - 'C:\\Users\\Muiz\\AppData\\Local\\Programs\\Python\\Python313\\lib\\nltk_data'
    - 'C:\\Users\\Muiz\\AppData\\Roaming\\nltk_data'
    - 'C:\\nltk_data'
    - 'D:\\nltk_data'
    - 'E:\\nltk_data'
**********************************************************************

2025-10-24 12:55:51,374 - INFO -  * Detected change in 'C:\\Users\\Muiz\\AppData\\Local\\Programs\\Python\\Python313\\Lib\\site-packages\\torch\\autograd\\grad_mode.py', reloading
2025-10-24 12:55:51,381 - INFO - 127.0.0.1 - - [24/Oct/2025 12:55:51] "[35m[1mGET /load_dataset HTTP/1.1[0m" 500 -
2025-10-24 12:55:51,381 - INFO -  * Detected change in 'C:\\Users\\Muiz\\AppData\\Local\\Programs\\Python\\Python313\\Lib\\site-packages\\torch\\signal\\__init__.py', reloading
2025-10-24 12:55:51,382 - INFO -  * Detected change in 'C:\\Users\\Muiz\\AppData\\Local\\Programs\\Python\\Python313\\Lib\\site-packages\\torch\\_ops.py', reloading
2025-10-24 12:55:51,382 - INFO -  * Detected change in 'C:\\Users\\Muiz\\AppData\\Local\\Programs\\Python\\Python313\\Lib\\site-packages\\torch\\_classes.py', reloading
2025-10-24 12:55:51,384 - INFO -  * Detected change in 'C:\\Users\\Muiz\\AppData\\Local\\Programs\\Python\\Python313\\Lib\\site-packages\\torch\\_lobpcg.py', reloading
2025-10-24 12:55:51,400 - INFO -  * Detected change in 'C:\\Users\\Muiz\\AppData\\Local\\Programs\\Python\\Python313\\Lib\\site-packages\\torch\\_higher_order_ops\\__init__.py', reloading
2025-10-24 12:55:51,431 - INFO -  * Detected change in 'C:\\Users\\Muiz\\AppData\\Local\\Programs\\Python\\Python313\\Lib\\site-packages\\torch\\_higher_order_ops\\cond.py', reloading
2025-10-24 12:55:51,451 - INFO -  * Detected change in 'C:\\Users\\Muiz\\AppData\\Local\\Programs\\Python\\Python313\\Lib\\site-packages\\torch\\_higher_order_ops\\while_loop.py', reloading
2025-10-24 12:55:51,477 - INFO -  * Detected change in 'C:\\Users\\Muiz\\AppData\\Local\\Programs\\Python\\Python313\\Lib\\site-packages\\torch\\func\\__init__.py', reloading
2025-10-24 12:55:51,494 - INFO -  * Detected change in 'C:\\Users\\Muiz\\AppData\\Local\\Programs\\Python\\Python313\\Lib\\site-packages\\torch\\_functorch\\apis.py', reloading
2025-10-24 12:55:51,513 - INFO -  * Detected change in 'C:\\Users\\Muiz\\AppData\\Local\\Programs\\Python\\Python313\\Lib\\site-packages\\torchgen\\__init__.py', reloading
2025-10-24 12:55:51,552 - INFO -  * Detected change in 'C:\\Users\\Muiz\\AppData\\Local\\Programs\\Python\\Python313\\Lib\\site-packages\\traitlets\\__init__.py', reloading
2025-10-24 12:55:51,571 - INFO -  * Detected change in 'C:\\Users\\Muiz\\AppData\\Local\\Programs\\Python\\Python313\\Lib\\site-packages\\traitlets\\traitlets.py', reloading
2025-10-24 12:55:51,615 - INFO -  * Detected change in 'C:\\Users\\Muiz\\AppData\\Local\\Programs\\Python\\Python313\\Lib\\site-packages\\traitlets\\_version.py', reloading
2025-10-24 12:55:51,641 - INFO -  * Detected change in 'C:\\Users\\Muiz\\AppData\\Local\\Programs\\Python\\Python313\\Lib\\site-packages\\traitlets\\utils\\bunch.py', reloading
2025-10-24 12:55:51,662 - INFO -  * Detected change in 'C:\\Users\\Muiz\\AppData\\Local\\Programs\\Python\\Python313\\Lib\\site-packages\\traitlets\\utils\\decorators.py', reloading
2025-10-24 12:55:51,675 - INFO -  * Detected change in 'C:\\Users\\Muiz\\AppData\\Local\\Programs\\Python\\Python313\\Lib\\site-packages\\traitlets\\utils\\importstring.py', reloading
2025-10-24 12:55:51,702 - INFO -  * Detected change in 'C:\\Users\\Muiz\\AppData\\Local\\Programs\\Python\\Python313\\Lib\\site-packages\\transformers\\__init__.py', reloading
2025-10-24 12:55:52,113 - INFO -  * Detected change in 'C:\\Users\\Muiz\\AppData\\Local\\Programs\\Python\\Python313\\Lib\\site-packages\\transformers\\models\\__init__.py', reloading
2025-10-24 12:55:52,363 - INFO -  * Restarting with watchdog (windowsapi)
2025-10-24 12:55:54,145 - INFO - ✅ Model and TF-IDF vectorizer loaded successfully.
2025-10-24 12:55:55,554 - WARNING -  * Debugger is active!
2025-10-24 12:55:55,555 - INFO -  * Debugger PIN: 603-667-668
2025-10-24 12:55:55,591 - INFO -  * Detected change in 'C:\\Users\\Muiz\\AppData\\Local\\Programs\\Python\\Python313\\Lib\\site-packages\\transformers\\models\\blenderbot\\modeling_blenderbot.py', reloading
2025-10-24 12:55:55,615 - INFO -  * Detected change in 'C:\\Users\\Muiz\\AppData\\Local\\Programs\\Python\\Python313\\Lib\\site-packages\\transformers\\models\\blenderbot\\modeling_flax_blenderbot.py', reloading
2025-10-24 12:55:55,655 - INFO -  * Detected change in 'C:\\Users\\Muiz\\AppData\\Local\\Programs\\Python\\Python313\\Lib\\site-packages\\transformers\\models\\blenderbot\\modeling_tf_blenderbot.py', reloading
2025-10-24 12:55:55,690 - INFO -  * Detected change in 'C:\\Users\\Muiz\\AppData\\Local\\Programs\\Python\\Python313\\Lib\\site-packages\\transformers\\models\\blenderbot\\tokenization_blenderbot.py', reloading
2025-10-24 12:55:55,720 - INFO -  * Detected change in 'C:\\Users\\Muiz\\AppData\\Local\\Programs\\Python\\Python313\\Lib\\site-packages\\transformers\\models\\blenderbot\\tokenization_blenderbot_fast.py', reloading
2025-10-24 12:55:55,746 - INFO -  * Detected change in 'C:\\Users\\Muiz\\AppData\\Local\\Programs\\Python\\Python313\\Lib\\site-packages\\transformers\\models\\blenderbot_small\\__init__.py', reloading
2025-10-24 12:55:55,760 - INFO -  * Detected change in 'C:\\Users\\Muiz\\AppData\\Local\\Programs\\Python\\Python313\\Lib\\site-packages\\transformers\\models\\blenderbot_small\\configuration_blenderbot_small.py', reloading
2025-10-24 12:55:55,793 - INFO -  * Detected change in 'C:\\Users\\Muiz\\AppData\\Local\\Programs\\Python\\Python313\\Lib\\site-packages\\transformers\\models\\blenderbot_small\\modeling_blenderbot_small.py', reloading
2025-10-24 12:55:55,834 - INFO -  * Detected change in 'C:\\Users\\Muiz\\AppData\\Local\\Programs\\Python\\Python313\\Lib\\site-packages\\transformers\\models\\blenderbot_small\\modeling_flax_blenderbot_small.py', reloading
2025-10-24 12:55:55,876 - INFO -  * Detected change in 'C:\\Users\\Muiz\\AppData\\Local\\Programs\\Python\\Python313\\Lib\\site-packages\\transformers\\models\\blenderbot_small\\modeling_tf_blenderbot_small.py', reloading
2025-10-24 12:55:55,911 - INFO -  * Detected change in 'C:\\Users\\Muiz\\AppData\\Local\\Programs\\Python\\Python313\\Lib\\site-packages\\transformers\\models\\blenderbot_small\\tokenization_blenderbot_small.py', reloading
2025-10-24 12:55:55,934 - INFO -  * Detected change in 'C:\\Users\\Muiz\\AppData\\Local\\Programs\\Python\\Python313\\Lib\\site-packages\\transformers\\models\\blenderbot_small\\tokenization_blenderbot_small_fast.py', reloading
2025-10-24 12:55:55,961 - INFO -  * Detected change in 'C:\\Users\\Muiz\\AppData\\Local\\Programs\\Python\\Python313\\Lib\\site-packages\\transformers\\models\\blip\\__init__.py', reloading
2025-10-24 12:55:55,988 - INFO -  * Detected change in 'C:\\Users\\Muiz\\AppData\\Local\\Programs\\Python\\Python313\\Lib\\site-packages\\transformers\\models\\blip\\configuration_blip.py', reloading
2025-10-24 12:55:56,018 - INFO -  * Detected change in 'C:\\Users\\Muiz\\AppData\\Local\\Programs\\Python\\Python313\\Lib\\site-packages\\transformers\\models\\blip\\image_processing_blip.py', reloading
2025-10-24 12:55:56,047 - INFO -  * Detected change in 'C:\\Users\\Muiz\\AppData\\Local\\Programs\\Python\\Python313\\Lib\\site-packages\\transformers\\models\\blip\\image_processing_blip_fast.py', reloading
2025-10-24 12:55:56,082 - INFO -  * Detected change in 'C:\\Users\\Muiz\\AppData\\Local\\Programs\\Python\\Python313\\Lib\\site-packages\\transformers\\models\\blip\\modeling_blip.py', reloading
2025-10-24 12:55:56,114 - INFO -  * Detected change in 'C:\\Users\\Muiz\\AppData\\Local\\Programs\\Python\\Python313\\Lib\\site-packages\\transformers\\models\\blip\\modeling_blip_text.py', reloading
2025-10-24 12:55:56,152 - INFO -  * Detected change in 'C:\\Users\\Muiz\\AppData\\Local\\Programs\\Python\\Python313\\Lib\\site-packages\\transformers\\models\\blip\\modeling_tf_blip.py', reloading
2025-10-24 12:55:56,175 - INFO -  * Detected change in 'C:\\Users\\Muiz\\AppData\\Local\\Programs\\Python\\Python313\\Lib\\site-packages\\transformers\\models\\blip\\modeling_tf_blip_text.py', reloading
2025-10-24 12:55:56,208 - INFO -  * Detected change in 'C:\\Users\\Muiz\\AppData\\Local\\Programs\\Python\\Python313\\Lib\\site-packages\\transformers\\models\\blip\\processing_blip.py', reloading
2025-10-24 12:55:56,231 - INFO -  * Detected change in 'C:\\Users\\Muiz\\AppData\\Local\\Programs\\Python\\Python313\\Lib\\site-packages\\transformers\\models\\blip_2\\__init__.py', reloading
2025-10-24 12:55:56,256 - INFO -  * Detected change in 'C:\\Users\\Muiz\\AppData\\Local\\Programs\\Python\\Python313\\Lib\\site-packages\\transformers\\models\\blip_2\\configuration_blip_2.py', reloading
2025-10-24 12:55:56,273 - INFO -  * Detected change in 'C:\\Users\\Muiz\\AppData\\Local\\Programs\\Python\\Python313\\Lib\\site-packages\\transformers\\models\\blip_2\\modeling_blip_2.py', reloading
2025-10-24 12:55:56,311 - INFO -  * Detected change in 'C:\\Users\\Muiz\\AppData\\Local\\Programs\\Python\\Python313\\Lib\\site-packages\\transformers\\models\\blip_2\\processing_blip_2.py', reloading
2025-10-24 12:55:56,335 - INFO -  * Detected change in 'C:\\Users\\Muiz\\AppData\\Local\\Programs\\Python\\Python313\\Lib\\site-packages\\transformers\\models\\bloom\\__init__.py', reloading
2025-10-24 12:55:56,363 - INFO -  * Detected change in 'C:\\Users\\Muiz\\AppData\\Local\\Programs\\Python\\Python313\\Lib\\site-packages\\transformers\\models\\bloom\\configuration_bloom.py', reloading
2025-10-24 12:55:56,396 - INFO -  * Detected change in 'C:\\Users\\Muiz\\AppData\\Local\\Programs\\Python\\Python313\\Lib\\site-packages\\transformers\\models\\bloom\\modeling_bloom.py', reloading
2025-10-24 12:55:56,436 - INFO -  * Detected change in 'C:\\Users\\Muiz\\AppData\\Local\\Programs\\Python\\Python313\\Lib\\site-packages\\transformers\\models\\bloom\\modeling_flax_bloom.py', reloading
2025-10-24 12:55:56,471 - INFO -  * Detected change in 'C:\\Users\\Muiz\\AppData\\Local\\Programs\\Python\\Python313\\Lib\\site-packages\\transformers\\models\\bloom\\tokenization_bloom_fast.py', reloading
2025-10-24 12:55:56,494 - INFO -  * Detected change in 'C:\\Users\\Muiz\\AppData\\Local\\Programs\\Python\\Python313\\Lib\\site-packages\\transformers\\models\\blt\\__init__.py', reloading
2025-10-24 12:55:56,521 - INFO -  * Detected change in 'C:\\Users\\Muiz\\AppData\\Local\\Programs\\Python\\Python313\\Lib\\site-packages\\transformers\\models\\blt\\configuration_blt.py', reloading
2025-10-24 12:55:56,544 - INFO -  * Detected change in 'C:\\Users\\Muiz\\AppData\\Local\\Programs\\Python\\Python313\\Lib\\site-packages\\transformers\\models\\blt\\modeling_blt.py', reloading
2025-10-24 12:55:56,823 - INFO -  * Restarting with watchdog (windowsapi)
2025-10-24 12:55:58,760 - INFO - ✅ Model and TF-IDF vectorizer loaded successfully.
2025-10-24 12:55:59,240 - WARNING -  * Debugger is active!
2025-10-24 12:55:59,242 - INFO -  * Debugger PIN: 603-667-668
2025-10-24 12:55:59,276 - INFO -  * Detected change in 'C:\\Users\\Muiz\\AppData\\Local\\Programs\\Python\\Python313\\Lib\\site-packages\\transformers\\models\\convnext\\modeling_convnext.py', reloading
2025-10-24 12:55:59,304 - INFO -  * Detected change in 'C:\\Users\\Muiz\\AppData\\Local\\Programs\\Python\\Python313\\Lib\\site-packages\\transformers\\models\\convnext\\modeling_tf_convnext.py', reloading
2025-10-24 12:55:59,331 - INFO -  * Detected change in 'C:\\Users\\Muiz\\AppData\\Local\\Programs\\Python\\Python313\\Lib\\site-packages\\transformers\\models\\convnextv2\\__init__.py', reloading
2025-10-24 12:55:59,357 - INFO -  * Detected change in 'C:\\Users\\Muiz\\AppData\\Local\\Programs\\Python\\Python313\\Lib\\site-packages\\transformers\\models\\convnextv2\\configuration_convnextv2.py', reloading
2025-10-24 12:55:59,383 - INFO -  * Detected change in 'C:\\Users\\Muiz\\AppData\\Local\\Programs\\Python\\Python313\\Lib\\site-packages\\transformers\\models\\convnextv2\\modeling_convnextv2.py', reloading
2025-10-24 12:55:59,414 - INFO -  * Detected change in 'C:\\Users\\Muiz\\AppData\\Local\\Programs\\Python\\Python313\\Lib\\site-packages\\transformers\\models\\convnextv2\\modeling_tf_convnextv2.py', reloading
2025-10-24 12:55:59,439 - INFO -  * Detected change in 'C:\\Users\\Muiz\\AppData\\Local\\Programs\\Python\\Python313\\Lib\\site-packages\\transformers\\models\\cpm\\__init__.py', reloading
2025-10-24 12:55:59,466 - INFO -  * Detected change in 'C:\\Users\\Muiz\\AppData\\Local\\Programs\\Python\\Python313\\Lib\\site-packages\\transformers\\models\\cpm\\tokenization_cpm.py', reloading
2025-10-24 12:55:59,495 - INFO -  * Detected change in 'C:\\Users\\Muiz\\AppData\\Local\\Programs\\Python\\Python313\\Lib\\site-packages\\transformers\\models\\cpm\\tokenization_cpm_fast.py', reloading
2025-10-24 12:55:59,519 - INFO -  * Detected change in 'C:\\Users\\Muiz\\AppData\\Local\\Programs\\Python\\Python313\\Lib\\site-packages\\transformers\\models\\cpmant\\__init__.py', reloading
2025-10-24 12:55:59,554 - INFO -  * Detected change in 'C:\\Users\\Muiz\\AppData\\Local\\Programs\\Python\\Python313\\Lib\\site-packages\\transformers\\models\\cpmant\\configuration_cpmant.py', reloading
2025-10-24 12:55:59,582 - INFO -  * Detected change in 'C:\\Users\\Muiz\\AppData\\Local\\Programs\\Python\\Python313\\Lib\\site-packages\\transformers\\models\\cpmant\\modeling_cpmant.py', reloading
2025-10-24 12:55:59,613 - INFO -  * Detected change in 'C:\\Users\\Muiz\\AppData\\Local\\Programs\\Python\\Python313\\Lib\\site-packages\\transformers\\models\\cpmant\\tokenization_cpmant.py', reloading
2025-10-24 12:55:59,637 - INFO -  * Detected change in 'C:\\Users\\Muiz\\AppData\\Local\\Programs\\Python\\Python313\\Lib\\site-packages\\transformers\\models\\csm\\__init__.py', reloading
2025-10-24 12:55:59,670 - INFO -  * Detected change in 'C:\\Users\\Muiz\\AppData\\Local\\Programs\\Python\\Python313\\Lib\\site-packages\\transformers\\models\\csm\\configuration_csm.py', reloading
2025-10-24 12:55:59,715 - INFO -  * Detected change in 'C:\\Users\\Muiz\\AppData\\Local\\Programs\\Python\\Python313\\Lib\\site-packages\\transformers\\models\\csm\\modeling_csm.py', reloading
2025-10-24 12:55:59,750 - INFO -  * Detected change in 'C:\\Users\\Muiz\\AppData\\Local\\Programs\\Python\\Python313\\Lib\\site-packages\\transformers\\models\\csm\\processing_csm.py', reloading
2025-10-24 12:55:59,809 - INFO -  * Detected change in 'C:\\Users\\Muiz\\AppData\\Local\\Programs\\Python\\Python313\\Lib\\site-packages\\transformers\\models\\ctrl\\__init__.py', reloading
2025-10-24 12:55:59,866 - INFO -  * Detected change in 'C:\\Users\\Muiz\\AppData\\Local\\Programs\\Python\\Python313\\Lib\\site-packages\\transformers\\models\\ctrl\\configuration_ctrl.py', reloading
2025-10-24 12:55:59,890 - INFO -  * Detected change in 'C:\\Users\\Muiz\\AppData\\Local\\Programs\\Python\\Python313\\Lib\\site-packages\\transformers\\models\\ctrl\\modeling_ctrl.py', reloading
2025-10-24 12:55:59,924 - INFO -  * Detected change in 'C:\\Users\\Muiz\\AppData\\Local\\Programs\\Python\\Python313\\Lib\\site-packages\\transformers\\models\\ctrl\\modeling_tf_ctrl.py', reloading
2025-10-24 12:55:59,959 - INFO -  * Detected change in 'C:\\Users\\Muiz\\AppData\\Local\\Programs\\Python\\Python313\\Lib\\site-packages\\transformers\\models\\ctrl\\tokenization_ctrl.py', reloading
2025-10-24 12:56:00,050 - INFO -  * Detected change in 'C:\\Users\\Muiz\\AppData\\Local\\Programs\\Python\\Python313\\Lib\\site-packages\\transformers\\models\\cvt\\__init__.py', reloading
2025-10-24 12:56:00,074 - INFO -  * Detected change in 'C:\\Users\\Muiz\\AppData\\Local\\Programs\\Python\\Python313\\Lib\\site-packages\\transformers\\models\\cvt\\configuration_cvt.py', reloading
2025-10-24 12:56:00,089 - INFO -  * Detected change in 'C:\\Users\\Muiz\\AppData\\Local\\Programs\\Python\\Python313\\Lib\\site-packages\\transformers\\models\\cvt\\modeling_cvt.py', reloading
2025-10-24 12:56:00,121 - INFO -  * Detected change in 'C:\\Users\\Muiz\\AppData\\Local\\Programs\\Python\\Python313\\Lib\\site-packages\\transformers\\models\\cvt\\modeling_tf_cvt.py', reloading
2025-10-24 12:56:00,151 - INFO -  * Detected change in 'C:\\Users\\Muiz\\AppData\\Local\\Programs\\Python\\Python313\\Lib\\site-packages\\transformers\\models\\d_fine\\__init__.py', reloading
2025-10-24 12:56:00,172 - INFO -  * Detected change in 'C:\\Users\\Muiz\\AppData\\Local\\Programs\\Python\\Python313\\Lib\\site-packages\\transformers\\models\\d_fine\\configuration_d_fine.py', reloading
2025-10-24 12:56:00,193 - INFO -  * Detected change in 'C:\\Users\\Muiz\\AppData\\Local\\Programs\\Python\\Python313\\Lib\\site-packages\\transformers\\models\\d_fine\\modeling_d_fine.py', reloading
2025-10-24 12:56:00,231 - INFO -  * Detected change in 'C:\\Users\\Muiz\\AppData\\Local\\Programs\\Python\\Python313\\Lib\\site-packages\\transformers\\models\\dab_detr\\__init__.py', reloading
2025-10-24 12:56:00,259 - INFO -  * Detected change in 'C:\\Users\\Muiz\\AppData\\Local\\Programs\\Python\\Python313\\Lib\\site-packages\\transformers\\models\\dab_detr\\configuration_dab_detr.py', reloading
2025-10-24 12:56:00,510 - INFO -  * Restarting with watchdog (windowsapi)
2025-10-24 12:56:02,464 - INFO - ✅ Model and TF-IDF vectorizer loaded successfully.
2025-10-24 12:56:03,633 - WARNING -  * Debugger is active!
2025-10-24 12:56:03,635 - INFO -  * Debugger PIN: 603-667-668
2025-10-24 12:56:03,659 - INFO -  * Detected change in 'C:\\Users\\Muiz\\AppData\\Local\\Programs\\Python\\Python313\\Lib\\site-packages\\transformers\\models\\deprecated\\trajectory_transformer\\configuration_trajectory_transformer.py', reloading
2025-10-24 12:56:03,686 - INFO -  * Detected change in 'C:\\Users\\Muiz\\AppData\\Local\\Programs\\Python\\Python313\\Lib\\site-packages\\transformers\\models\\deprecated\\trajectory_transformer\\modeling_trajectory_transformer.py', reloading
2025-10-24 12:56:03,711 - INFO -  * Detected change in 'C:\\Users\\Muiz\\AppData\\Local\\Programs\\Python\\Python313\\Lib\\site-packages\\transformers\\models\\deprecated\\transfo_xl\\__init__.py', reloading
2025-10-24 12:56:03,741 - INFO -  * Detected change in 'C:\\Users\\Muiz\\AppData\\Local\\Programs\\Python\\Python313\\Lib\\site-packages\\transformers\\models\\deprecated\\transfo_xl\\configuration_transfo_xl.py', reloading
2025-10-24 12:56:03,781 - INFO -  * Detected change in 'C:\\Users\\Muiz\\AppData\\Local\\Programs\\Python\\Python313\\Lib\\site-packages\\transformers\\models\\deprecated\\transfo_xl\\modeling_tf_transfo_xl.py', reloading
2025-10-24 12:56:03,821 - INFO -  * Detected change in 'C:\\Users\\Muiz\\AppData\\Local\\Programs\\Python\\Python313\\Lib\\site-packages\\transformers\\models\\deprecated\\transfo_xl\\modeling_transfo_xl.py', reloading
2025-10-24 12:56:03,858 - INFO -  * Detected change in 'C:\\Users\\Muiz\\AppData\\Local\\Programs\\Python\\Python313\\Lib\\site-packages\\transformers\\models\\deprecated\\transfo_xl\\tokenization_transfo_xl.py', reloading
2025-10-24 12:56:03,882 - INFO -  * Detected change in 'C:\\Users\\Muiz\\AppData\\Local\\Programs\\Python\\Python313\\Lib\\site-packages\\transformers\\models\\deprecated\\tvlt\\__init__.py', reloading
2025-10-24 12:56:03,895 - INFO -  * Detected change in 'C:\\Users\\Muiz\\AppData\\Local\\Programs\\Python\\Python313\\Lib\\site-packages\\transformers\\models\\deprecated\\tvlt\\configuration_tvlt.py', reloading
2025-10-24 12:56:03,910 - INFO -  * Detected change in 'C:\\Users\\Muiz\\AppData\\Local\\Programs\\Python\\Python313\\Lib\\site-packages\\transformers\\models\\deprecated\\tvlt\\feature_extraction_tvlt.py', reloading
2025-10-24 12:56:03,936 - INFO -  * Detected change in 'C:\\Users\\Muiz\\AppData\\Local\\Programs\\Python\\Python313\\Lib\\site-packages\\transformers\\models\\deprecated\\tvlt\\processing_tvlt.py', reloading
2025-10-24 12:56:03,965 - INFO -  * Detected change in 'C:\\Users\\Muiz\\AppData\\Local\\Programs\\Python\\Python313\\Lib\\site-packages\\transformers\\models\\deprecated\\tvlt\\modeling_tvlt.py', reloading
2025-10-24 12:56:03,999 - INFO -  * Detected change in 'C:\\Users\\Muiz\\AppData\\Local\\Programs\\Python\\Python313\\Lib\\site-packages\\transformers\\models\\deprecated\\tvlt\\image_processing_tvlt.py', reloading
2025-10-24 12:56:04,022 - INFO -  * Detected change in 'C:\\Users\\Muiz\\AppData\\Local\\Programs\\Python\\Python313\\Lib\\site-packages\\transformers\\models\\deprecated\\van\\__init__.py', reloading
2025-10-24 12:56:04,046 - INFO -  * Detected change in 'C:\\Users\\Muiz\\AppData\\Local\\Programs\\Python\\Python313\\Lib\\site-packages\\transformers\\models\\deprecated\\van\\configuration_van.py', reloading
2025-10-24 12:56:04,079 - INFO -  * Detected change in 'C:\\Users\\Muiz\\AppData\\Local\\Programs\\Python\\Python313\\Lib\\site-packages\\transformers\\models\\deprecated\\van\\modeling_van.py', reloading
2025-10-24 12:56:04,107 - INFO -  * Detected change in 'C:\\Users\\Muiz\\AppData\\Local\\Programs\\Python\\Python313\\Lib\\site-packages\\transformers\\models\\deprecated\\vit_hybrid\\__init__.py', reloading
2025-10-24 12:56:04,132 - INFO -  * Detected change in 'C:\\Users\\Muiz\\AppData\\Local\\Programs\\Python\\Python313\\Lib\\site-packages\\transformers\\models\\deprecated\\vit_hybrid\\configuration_vit_hybrid.py', reloading
2025-10-24 12:56:04,147 - INFO -  * Detected change in 'C:\\Users\\Muiz\\AppData\\Local\\Programs\\Python\\Python313\\Lib\\site-packages\\transformers\\models\\deprecated\\vit_hybrid\\image_processing_vit_hybrid.py', reloading
2025-10-24 12:56:04,177 - INFO -  * Detected change in 'C:\\Users\\Muiz\\AppData\\Local\\Programs\\Python\\Python313\\Lib\\site-packages\\transformers\\models\\deprecated\\vit_hybrid\\modeling_vit_hybrid.py', reloading
2025-10-24 12:56:04,206 - INFO -  * Detected change in 'C:\\Users\\Muiz\\AppData\\Local\\Programs\\Python\\Python313\\Lib\\site-packages\\transformers\\models\\deprecated\\xlm_prophetnet\\__init__.py', reloading
2025-10-24 12:56:04,236 - INFO -  * Detected change in 'C:\\Users\\Muiz\\AppData\\Local\\Programs\\Python\\Python313\\Lib\\site-packages\\transformers\\models\\deprecated\\xlm_prophetnet\\configuration_xlm_prophetnet.py', reloading
2025-10-24 12:56:04,253 - INFO -  * Detected change in 'C:\\Users\\Muiz\\AppData\\Local\\Programs\\Python\\Python313\\Lib\\site-packages\\transformers\\models\\deprecated\\xlm_prophetnet\\modeling_xlm_prophetnet.py', reloading
2025-10-24 12:56:04,294 - INFO -  * Detected change in 'C:\\Users\\Muiz\\AppData\\Local\\Programs\\Python\\Python313\\Lib\\site-packages\\transformers\\models\\deprecated\\xlm_prophetnet\\tokenization_xlm_prophetnet.py', reloading
2025-10-24 12:56:04,311 - INFO -  * Detected change in 'C:\\Users\\Muiz\\AppData\\Local\\Programs\\Python\\Python313\\Lib\\site-packages\\transformers\\models\\depth_anything\\__init__.py', reloading
2025-10-24 12:56:04,338 - INFO -  * Detected change in 'C:\\Users\\Muiz\\AppData\\Local\\Programs\\Python\\Python313\\Lib\\site-packages\\transformers\\models\\depth_anything\\configuration_depth_anything.py', reloading
2025-10-24 12:56:04,368 - INFO -  * Detected change in 'C:\\Users\\Muiz\\AppData\\Local\\Programs\\Python\\Python313\\Lib\\site-packages\\transformers\\models\\depth_anything\\modeling_depth_anything.py', reloading
2025-10-24 12:56:04,395 - INFO -  * Detected change in 'C:\\Users\\Muiz\\AppData\\Local\\Programs\\Python\\Python313\\Lib\\site-packages\\transformers\\models\\depth_pro\\__init__.py', reloading
2025-10-24 12:56:04,421 - INFO -  * Detected change in 'C:\\Users\\Muiz\\AppData\\Local\\Programs\\Python\\Python313\\Lib\\site-packages\\transformers\\models\\depth_pro\\configuration_depth_pro.py', reloading
2025-10-24 12:56:04,457 - INFO -  * Detected change in 'C:\\Users\\Muiz\\AppData\\Local\\Programs\\Python\\Python313\\Lib\\site-packages\\transformers\\models\\depth_pro\\image_processing_depth_pro.py', reloading
2025-10-24 12:56:04,483 - INFO -  * Detected change in 'C:\\Users\\Muiz\\AppData\\Local\\Programs\\Python\\Python313\\Lib\\site-packages\\transformers\\models\\depth_pro\\image_processing_depth_pro_fast.py', reloading
2025-10-24 12:56:04,512 - INFO -  * Detected change in 'C:\\Users\\Muiz\\AppData\\Local\\Programs\\Python\\Python313\\Lib\\site-packages\\transformers\\models\\depth_pro\\modeling_depth_pro.py', reloading
2025-10-24 12:56:04,544 - INFO -  * Detected change in 'C:\\Users\\Muiz\\AppData\\Local\\Programs\\Python\\Python313\\Lib\\site-packages\\transformers\\models\\detr\\__init__.py', reloading
2025-10-24 12:56:04,575 - INFO -  * Detected change in 'C:\\Users\\Muiz\\AppData\\Local\\Programs\\Python\\Python313\\Lib\\site-packages\\transformers\\models\\detr\\configuration_detr.py', reloading
2025-10-24 12:56:04,600 - INFO -  * Detected change in 'C:\\Users\\Muiz\\AppData\\Local\\Programs\\Python\\Python313\\Lib\\site-packages\\transformers\\models\\detr\\feature_extraction_detr.py', reloading
2025-10-24 12:56:04,636 - INFO -  * Detected change in 'C:\\Users\\Muiz\\AppData\\Local\\Programs\\Python\\Python313\\Lib\\site-packages\\transformers\\models\\detr\\image_processing_detr.py', reloading
2025-10-24 12:56:04,915 - INFO -  * Restarting with watchdog (windowsapi)
2025-10-24 12:56:06,697 - INFO - ✅ Model and TF-IDF vectorizer loaded successfully.
2025-10-24 12:56:08,267 - WARNING -  * Debugger is active!
2025-10-24 12:56:08,269 - INFO -  * Debugger PIN: 603-667-668
2025-10-24 12:56:08,309 - INFO -  * Detected change in 'C:\\Users\\Muiz\\AppData\\Local\\Programs\\Python\\Python313\\Lib\\site-packages\\transformers\\models\\fnet\\tokenization_fnet.py', reloading
2025-10-24 12:56:08,334 - INFO -  * Detected change in 'C:\\Users\\Muiz\\AppData\\Local\\Programs\\Python\\Python313\\Lib\\site-packages\\transformers\\models\\fnet\\tokenization_fnet_fast.py', reloading
2025-10-24 12:56:08,348 - INFO -  * Detected change in 'C:\\Users\\Muiz\\AppData\\Local\\Programs\\Python\\Python313\\Lib\\site-packages\\transformers\\models\\focalnet\\__init__.py', reloading
2025-10-24 12:56:08,362 - INFO -  * Detected change in 'C:\\Users\\Muiz\\AppData\\Local\\Programs\\Python\\Python313\\Lib\\site-packages\\transformers\\models\\focalnet\\configuration_focalnet.py', reloading
2025-10-24 12:56:08,391 - INFO -  * Detected change in 'C:\\Users\\Muiz\\AppData\\Local\\Programs\\Python\\Python313\\Lib\\site-packages\\transformers\\models\\focalnet\\modeling_focalnet.py', reloading
2025-10-24 12:56:08,419 - INFO -  * Detected change in 'C:\\Users\\Muiz\\AppData\\Local\\Programs\\Python\\Python313\\Lib\\site-packages\\transformers\\models\\fsmt\\__init__.py', reloading
2025-10-24 12:56:08,446 - INFO -  * Detected change in 'C:\\Users\\Muiz\\AppData\\Local\\Programs\\Python\\Python313\\Lib\\site-packages\\transformers\\models\\fsmt\\configuration_fsmt.py', reloading
2025-10-24 12:56:08,480 - INFO -  * Detected change in 'C:\\Users\\Muiz\\AppData\\Local\\Programs\\Python\\Python313\\Lib\\site-packages\\transformers\\models\\fsmt\\modeling_fsmt.py', reloading
2025-10-24 12:56:08,517 - INFO -  * Detected change in 'C:\\Users\\Muiz\\AppData\\Local\\Programs\\Python\\Python313\\Lib\\site-packages\\transformers\\models\\fsmt\\tokenization_fsmt.py', reloading
2025-10-24 12:56:08,544 - INFO -  * Detected change in 'C:\\Users\\Muiz\\AppData\\Local\\Programs\\Python\\Python313\\Lib\\site-packages\\transformers\\models\\funnel\\__init__.py', reloading
2025-10-24 12:56:08,568 - INFO -  * Detected change in 'C:\\Users\\Muiz\\AppData\\Local\\Programs\\Python\\Python313\\Lib\\site-packages\\transformers\\models\\funnel\\configuration_funnel.py', reloading
2025-10-24 12:56:08,598 - INFO -  * Detected change in 'C:\\Users\\Muiz\\AppData\\Local\\Programs\\Python\\Python313\\Lib\\site-packages\\transformers\\models\\funnel\\modeling_funnel.py', reloading
2025-10-24 12:56:08,639 - INFO -  * Detected change in 'C:\\Users\\Muiz\\AppData\\Local\\Programs\\Python\\Python313\\Lib\\site-packages\\transformers\\models\\funnel\\modeling_tf_funnel.py', reloading
2025-10-24 12:56:08,679 - INFO -  * Detected change in 'C:\\Users\\Muiz\\AppData\\Local\\Programs\\Python\\Python313\\Lib\\site-packages\\transformers\\models\\funnel\\tokenization_funnel.py', reloading
2025-10-24 12:56:08,708 - INFO -  * Detected change in 'C:\\Users\\Muiz\\AppData\\Local\\Programs\\Python\\Python313\\Lib\\site-packages\\transformers\\models\\funnel\\tokenization_funnel_fast.py', reloading
2025-10-24 12:56:08,806 - INFO -  * Detected change in 'C:\\Users\\Muiz\\AppData\\Local\\Programs\\Python\\Python313\\Lib\\site-packages\\transformers\\models\\fuyu\\__init__.py', reloading
2025-10-24 12:56:08,833 - INFO -  * Detected change in 'C:\\Users\\Muiz\\AppData\\Local\\Programs\\Python\\Python313\\Lib\\site-packages\\transformers\\models\\fuyu\\configuration_fuyu.py', reloading
2025-10-24 12:56:08,859 - INFO -  * Detected change in 'C:\\Users\\Muiz\\AppData\\Local\\Programs\\Python\\Python313\\Lib\\site-packages\\transformers\\models\\fuyu\\image_processing_fuyu.py', reloading
2025-10-24 12:56:08,875 - INFO -  * Detected change in 'C:\\Users\\Muiz\\AppData\\Local\\Programs\\Python\\Python313\\Lib\\site-packages\\transformers\\models\\fuyu\\modeling_fuyu.py', reloading
2025-10-24 12:56:08,902 - INFO -  * Detected change in 'C:\\Users\\Muiz\\AppData\\Local\\Programs\\Python\\Python313\\Lib\\site-packages\\transformers\\models\\fuyu\\processing_fuyu.py', reloading
2025-10-24 12:56:08,926 - INFO -  * Detected change in 'C:\\Users\\Muiz\\AppData\\Local\\Programs\\Python\\Python313\\Lib\\site-packages\\transformers\\models\\gemma\\__init__.py', reloading
2025-10-24 12:56:08,945 - INFO -  * Detected change in 'C:\\Users\\Muiz\\AppData\\Local\\Programs\\Python\\Python313\\Lib\\site-packages\\transformers\\models\\gemma\\configuration_gemma.py', reloading
2025-10-24 12:56:08,959 - INFO -  * Detected change in 'C:\\Users\\Muiz\\AppData\\Local\\Programs\\Python\\Python313\\Lib\\site-packages\\transformers\\models\\gemma\\modeling_flax_gemma.py', reloading
2025-10-24 12:56:08,974 - INFO -  * Detected change in 'C:\\Users\\Muiz\\AppData\\Local\\Programs\\Python\\Python313\\Lib\\site-packages\\transformers\\models\\gemma\\modeling_gemma.py', reloading
2025-10-24 12:56:08,995 - INFO -  * Detected change in 'C:\\Users\\Muiz\\AppData\\Local\\Programs\\Python\\Python313\\Lib\\site-packages\\transformers\\models\\gemma\\tokenization_gemma.py', reloading
2025-10-24 12:56:09,023 - INFO -  * Detected change in 'C:\\Users\\Muiz\\AppData\\Local\\Programs\\Python\\Python313\\Lib\\site-packages\\transformers\\models\\gemma\\tokenization_gemma_fast.py', reloading
2025-10-24 12:56:09,042 - INFO -  * Detected change in 'C:\\Users\\Muiz\\AppData\\Local\\Programs\\Python\\Python313\\Lib\\site-packages\\transformers\\models\\gemma2\\__init__.py', reloading
2025-10-24 12:56:09,061 - INFO -  * Detected change in 'C:\\Users\\Muiz\\AppData\\Local\\Programs\\Python\\Python313\\Lib\\site-packages\\transformers\\models\\gemma2\\configuration_gemma2.py', reloading
2025-10-24 12:56:09,081 - INFO -  * Detected change in 'C:\\Users\\Muiz\\AppData\\Local\\Programs\\Python\\Python313\\Lib\\site-packages\\transformers\\models\\gemma2\\modeling_gemma2.py', reloading
2025-10-24 12:56:09,109 - INFO -  * Detected change in 'C:\\Users\\Muiz\\AppData\\Local\\Programs\\Python\\Python313\\Lib\\site-packages\\transformers\\models\\gemma3\\__init__.py', reloading
2025-10-24 12:56:09,127 - INFO -  * Detected change in 'C:\\Users\\Muiz\\AppData\\Local\\Programs\\Python\\Python313\\Lib\\site-packages\\transformers\\models\\gemma3\\configuration_gemma3.py', reloading
2025-10-24 12:56:09,152 - INFO -  * Detected change in 'C:\\Users\\Muiz\\AppData\\Local\\Programs\\Python\\Python313\\Lib\\site-packages\\transformers\\models\\gemma3\\image_processing_gemma3.py', reloading
2025-10-24 12:56:09,176 - INFO -  * Detected change in 'C:\\Users\\Muiz\\AppData\\Local\\Programs\\Python\\Python313\\Lib\\site-packages\\transformers\\models\\gemma3\\image_processing_gemma3_fast.py', reloading
2025-10-24 12:56:09,198 - INFO -  * Detected change in 'C:\\Users\\Muiz\\AppData\\Local\\Programs\\Python\\Python313\\Lib\\site-packages\\transformers\\models\\gemma3\\modeling_gemma3.py', reloading
2025-10-24 12:56:09,235 - INFO -  * Detected change in 'C:\\Users\\Muiz\\AppData\\Local\\Programs\\Python\\Python313\\Lib\\site-packages\\transformers\\models\\gemma3\\processing_gemma3.py', reloading
2025-10-24 12:56:09,261 - INFO -  * Detected change in 'C:\\Users\\Muiz\\AppData\\Local\\Programs\\Python\\Python313\\Lib\\site-packages\\transformers\\models\\gemma3n\\__init__.py', reloading
2025-10-24 12:56:09,284 - INFO -  * Detected change in 'C:\\Users\\Muiz\\AppData\\Local\\Programs\\Python\\Python313\\Lib\\site-packages\\transformers\\models\\gemma3n\\configuration_gemma3n.py', reloading
2025-10-24 12:56:09,535 - INFO -  * Restarting with watchdog (windowsapi)
2025-10-24 12:56:11,672 - INFO - ✅ Model and TF-IDF vectorizer loaded successfully.
2025-10-24 12:56:13,833 - WARNING -  * Debugger is active!
2025-10-24 12:56:13,835 - INFO -  * Debugger PIN: 603-667-668
2025-10-24 12:56:13,877 - INFO -  * Detected change in 'C:\\Users\\Muiz\\AppData\\Local\\Programs\\Python\\Python313\\Lib\\site-packages\\transformers\\models\\jetmoe\\modeling_jetmoe.py', reloading
2025-10-24 12:56:13,902 - INFO -  * Detected change in 'C:\\Users\\Muiz\\AppData\\Local\\Programs\\Python\\Python313\\Lib\\site-packages\\transformers\\models\\kosmos2\\__init__.py', reloading
2025-10-24 12:56:13,927 - INFO -  * Detected change in 'C:\\Users\\Muiz\\AppData\\Local\\Programs\\Python\\Python313\\Lib\\site-packages\\transformers\\models\\kosmos2\\configuration_kosmos2.py', reloading
2025-10-24 12:56:13,982 - INFO -  * Detected change in 'C:\\Users\\Muiz\\AppData\\Local\\Programs\\Python\\Python313\\Lib\\site-packages\\transformers\\models\\kosmos2\\modeling_kosmos2.py', reloading
2025-10-24 12:56:14,016 - INFO -  * Detected change in 'C:\\Users\\Muiz\\AppData\\Local\\Programs\\Python\\Python313\\Lib\\site-packages\\transformers\\models\\kosmos2\\processing_kosmos2.py', reloading
2025-10-24 12:56:14,040 - INFO -  * Detected change in 'C:\\Users\\Muiz\\AppData\\Local\\Programs\\Python\\Python313\\Lib\\site-packages\\transformers\\models\\kyutai_speech_to_text\\__init__.py', reloading
2025-10-24 12:56:14,047 - INFO -  * Detected change in 'C:\\Users\\Muiz\\AppData\\Local\\Programs\\Python\\Python313\\Lib\\site-packages\\transformers\\models\\kyutai_speech_to_text\\configuration_kyutai_speech_to_text.py', reloading
2025-10-24 12:56:14,056 - INFO -  * Detected change in 'C:\\Users\\Muiz\\AppData\\Local\\Programs\\Python\\Python313\\Lib\\site-packages\\transformers\\models\\kyutai_speech_to_text\\feature_extraction_kyutai_speech_to_text.py', reloading
2025-10-24 12:56:14,068 - INFO -  * Detected change in 'C:\\Users\\Muiz\\AppData\\Local\\Programs\\Python\\Python313\\Lib\\site-packages\\transformers\\models\\kyutai_speech_to_text\\modeling_kyutai_speech_to_text.py', reloading
2025-10-24 12:56:14,083 - INFO -  * Detected change in 'C:\\Users\\Muiz\\AppData\\Local\\Programs\\Python\\Python313\\Lib\\site-packages\\transformers\\models\\kyutai_speech_to_text\\processing_kyutai_speech_to_text.py', reloading
2025-10-24 12:56:14,093 - INFO -  * Detected change in 'C:\\Users\\Muiz\\AppData\\Local\\Programs\\Python\\Python313\\Lib\\site-packages\\transformers\\models\\layoutlm\\__init__.py', reloading
2025-10-24 12:56:14,105 - INFO -  * Detected change in 'C:\\Users\\Muiz\\AppData\\Local\\Programs\\Python\\Python313\\Lib\\site-packages\\transformers\\models\\layoutlm\\configuration_layoutlm.py', reloading
2025-10-24 12:56:14,118 - INFO -  * Detected change in 'C:\\Users\\Muiz\\AppData\\Local\\Programs\\Python\\Python313\\Lib\\site-packages\\transformers\\models\\layoutlm\\modeling_layoutlm.py', reloading
2025-10-24 12:56:14,148 - INFO -  * Detected change in 'C:\\Users\\Muiz\\AppData\\Local\\Programs\\Python\\Python313\\Lib\\site-packages\\transformers\\models\\layoutlm\\modeling_tf_layoutlm.py', reloading
2025-10-24 12:56:14,185 - INFO -  * Detected change in 'C:\\Users\\Muiz\\AppData\\Local\\Programs\\Python\\Python313\\Lib\\site-packages\\transformers\\models\\layoutlm\\tokenization_layoutlm.py', reloading
2025-10-24 12:56:14,209 - INFO -  * Detected change in 'C:\\Users\\Muiz\\AppData\\Local\\Programs\\Python\\Python313\\Lib\\site-packages\\transformers\\models\\layoutlm\\tokenization_layoutlm_fast.py', reloading
2025-10-24 12:56:14,231 - INFO -  * Detected change in 'C:\\Users\\Muiz\\AppData\\Local\\Programs\\Python\\Python313\\Lib\\site-packages\\transformers\\models\\layoutlmv2\\__init__.py', reloading
2025-10-24 12:56:14,277 - INFO -  * Detected change in 'C:\\Users\\Muiz\\AppData\\Local\\Programs\\Python\\Python313\\Lib\\site-packages\\transformers\\models\\layoutlmv2\\configuration_layoutlmv2.py', reloading
2025-10-24 12:56:14,318 - INFO -  * Detected change in 'C:\\Users\\Muiz\\AppData\\Local\\Programs\\Python\\Python313\\Lib\\site-packages\\transformers\\models\\layoutlmv2\\feature_extraction_layoutlmv2.py', reloading
2025-10-24 12:56:14,334 - INFO -  * Detected change in 'C:\\Users\\Muiz\\AppData\\Local\\Programs\\Python\\Python313\\Lib\\site-packages\\transformers\\models\\layoutlmv2\\image_processing_layoutlmv2.py', reloading
2025-10-24 12:56:14,359 - INFO -  * Detected change in 'C:\\Users\\Muiz\\AppData\\Local\\Programs\\Python\\Python313\\Lib\\site-packages\\transformers\\models\\layoutlmv2\\image_processing_layoutlmv2_fast.py', reloading
2025-10-24 12:56:14,374 - INFO -  * Detected change in 'C:\\Users\\Muiz\\AppData\\Local\\Programs\\Python\\Python313\\Lib\\site-packages\\transformers\\models\\layoutlmv2\\modeling_layoutlmv2.py', reloading
2025-10-24 12:56:14,390 - INFO -  * Detected change in 'C:\\Users\\Muiz\\AppData\\Local\\Programs\\Python\\Python313\\Lib\\site-packages\\transformers\\models\\layoutlmv2\\processing_layoutlmv2.py', reloading
2025-10-24 12:56:14,405 - INFO -  * Detected change in 'C:\\Users\\Muiz\\AppData\\Local\\Programs\\Python\\Python313\\Lib\\site-packages\\transformers\\models\\layoutlmv2\\tokenization_layoutlmv2.py', reloading
2025-10-24 12:56:14,422 - INFO -  * Detected change in 'C:\\Users\\Muiz\\AppData\\Local\\Programs\\Python\\Python313\\Lib\\site-packages\\transformers\\models\\layoutlmv2\\tokenization_layoutlmv2_fast.py', reloading
2025-10-24 12:56:14,434 - INFO -  * Detected change in 'C:\\Users\\Muiz\\AppData\\Local\\Programs\\Python\\Python313\\Lib\\site-packages\\transformers\\models\\layoutlmv3\\__init__.py', reloading
2025-10-24 12:56:14,447 - INFO -  * Detected change in 'C:\\Users\\Muiz\\AppData\\Local\\Programs\\Python\\Python313\\Lib\\site-packages\\transformers\\models\\layoutlmv3\\configuration_layoutlmv3.py', reloading
2025-10-24 12:56:14,459 - INFO -  * Detected change in 'C:\\Users\\Muiz\\AppData\\Local\\Programs\\Python\\Python313\\Lib\\site-packages\\transformers\\models\\layoutlmv3\\feature_extraction_layoutlmv3.py', reloading
2025-10-24 12:56:14,471 - INFO -  * Detected change in 'C:\\Users\\Muiz\\AppData\\Local\\Programs\\Python\\Python313\\Lib\\site-packages\\transformers\\models\\layoutlmv3\\image_processing_layoutlmv3.py', reloading
2025-10-24 12:56:14,484 - INFO -  * Detected change in 'C:\\Users\\Muiz\\AppData\\Local\\Programs\\Python\\Python313\\Lib\\site-packages\\transformers\\models\\layoutlmv3\\image_processing_layoutlmv3_fast.py', reloading
2025-10-24 12:56:14,497 - INFO -  * Detected change in 'C:\\Users\\Muiz\\AppData\\Local\\Programs\\Python\\Python313\\Lib\\site-packages\\transformers\\models\\layoutlmv3\\modeling_layoutlmv3.py', reloading
2025-10-24 12:56:14,514 - INFO -  * Detected change in 'C:\\Users\\Muiz\\AppData\\Local\\Programs\\Python\\Python313\\Lib\\site-packages\\transformers\\models\\layoutlmv3\\modeling_tf_layoutlmv3.py', reloading
2025-10-24 12:56:14,530 - INFO -  * Detected change in 'C:\\Users\\Muiz\\AppData\\Local\\Programs\\Python\\Python313\\Lib\\site-packages\\transformers\\models\\layoutlmv3\\processing_layoutlmv3.py', reloading
2025-10-24 12:56:14,543 - INFO -  * Detected change in 'C:\\Users\\Muiz\\AppData\\Local\\Programs\\Python\\Python313\\Lib\\site-packages\\transformers\\models\\layoutlmv3\\tokenization_layoutlmv3.py', reloading
2025-10-24 12:56:14,571 - INFO -  * Detected change in 'C:\\Users\\Muiz\\AppData\\Local\\Programs\\Python\\Python313\\Lib\\site-packages\\transformers\\models\\layoutlmv3\\tokenization_layoutlmv3_fast.py', reloading
2025-10-24 12:56:14,592 - INFO -  * Detected change in 'C:\\Users\\Muiz\\AppData\\Local\\Programs\\Python\\Python313\\Lib\\site-packages\\transformers\\models\\layoutxlm\\__init__.py', reloading
2025-10-24 12:56:14,615 - INFO -  * Detected change in 'C:\\Users\\Muiz\\AppData\\Local\\Programs\\Python\\Python313\\Lib\\site-packages\\transformers\\models\\layoutxlm\\processing_layoutxlm.py', reloading
2025-10-24 12:56:14,640 - INFO -  * Detected change in 'C:\\Users\\Muiz\\AppData\\Local\\Programs\\Python\\Python313\\Lib\\site-packages\\transformers\\models\\layoutxlm\\tokenization_layoutxlm.py', reloading
2025-10-24 12:56:14,656 - INFO -  * Detected change in 'C:\\Users\\Muiz\\AppData\\Local\\Programs\\Python\\Python313\\Lib\\site-packages\\transformers\\models\\layoutxlm\\tokenization_layoutxlm_fast.py', reloading
2025-10-24 12:56:14,668 - INFO -  * Detected change in 'C:\\Users\\Muiz\\AppData\\Local\\Programs\\Python\\Python313\\Lib\\site-packages\\transformers\\models\\led\\__init__.py', reloading
2025-10-24 12:56:14,681 - INFO -  * Detected change in 'C:\\Users\\Muiz\\AppData\\Local\\Programs\\Python\\Python313\\Lib\\site-packages\\transformers\\models\\led\\configuration_led.py', reloading
2025-10-24 12:56:14,696 - INFO -  * Detected change in 'C:\\Users\\Muiz\\AppData\\Local\\Programs\\Python\\Python313\\Lib\\site-packages\\transformers\\models\\led\\modeling_led.py', reloading
2025-10-24 12:56:14,734 - INFO -  * Detected change in 'C:\\Users\\Muiz\\AppData\\Local\\Programs\\Python\\Python313\\Lib\\site-packages\\transformers\\models\\led\\modeling_tf_led.py', reloading
2025-10-24 12:56:14,769 - INFO -  * Detected change in 'C:\\Users\\Muiz\\AppData\\Local\\Programs\\Python\\Python313\\Lib\\site-packages\\transformers\\models\\led\\tokenization_led.py', reloading
2025-10-24 12:56:14,795 - INFO -  * Detected change in 'C:\\Users\\Muiz\\AppData\\Local\\Programs\\Python\\Python313\\Lib\\site-packages\\transformers\\models\\led\\tokenization_led_fast.py', reloading
2025-10-24 12:56:14,818 - INFO -  * Detected change in 'C:\\Users\\Muiz\\AppData\\Local\\Programs\\Python\\Python313\\Lib\\site-packages\\transformers\\models\\levit\\__init__.py', reloading
2025-10-24 12:56:14,843 - INFO -  * Detected change in 'C:\\Users\\Muiz\\AppData\\Local\\Programs\\Python\\Python313\\Lib\\site-packages\\transformers\\models\\levit\\configuration_levit.py', reloading
2025-10-24 12:56:15,240 - INFO -  * Restarting with watchdog (windowsapi)
2025-10-24 12:56:17,186 - INFO - ✅ Model and TF-IDF vectorizer loaded successfully.
2025-10-24 12:56:17,682 - WARNING -  * Debugger is active!
2025-10-24 12:56:17,683 - INFO -  * Debugger PIN: 603-667-668
2025-10-24 12:56:17,723 - INFO -  * Detected change in 'C:\\Users\\Muiz\\AppData\\Local\\Programs\\Python\\Python313\\Lib\\site-packages\\transformers\\models\\mobilenet_v1\\feature_extraction_mobilenet_v1.py', reloading
2025-10-24 12:56:17,734 - INFO -  * Detected change in 'C:\\Users\\Muiz\\AppData\\Local\\Programs\\Python\\Python313\\Lib\\site-packages\\transformers\\models\\mobilenet_v1\\image_processing_mobilenet_v1.py', reloading
2025-10-24 12:56:17,745 - INFO -  * Detected change in 'C:\\Users\\Muiz\\AppData\\Local\\Programs\\Python\\Python313\\Lib\\site-packages\\transformers\\models\\mobilenet_v1\\image_processing_mobilenet_v1_fast.py', reloading
2025-10-24 12:56:17,756 - INFO -  * Detected change in 'C:\\Users\\Muiz\\AppData\\Local\\Programs\\Python\\Python313\\Lib\\site-packages\\transformers\\models\\mobilenet_v1\\modeling_mobilenet_v1.py', reloading
2025-10-24 12:56:17,767 - INFO -  * Detected change in 'C:\\Users\\Muiz\\AppData\\Local\\Programs\\Python\\Python313\\Lib\\site-packages\\transformers\\models\\mobilenet_v2\\__init__.py', reloading
2025-10-24 12:56:17,778 - INFO -  * Detected change in 'C:\\Users\\Muiz\\AppData\\Local\\Programs\\Python\\Python313\\Lib\\site-packages\\transformers\\models\\mobilenet_v2\\configuration_mobilenet_v2.py', reloading
2025-10-24 12:56:17,788 - INFO -  * Detected change in 'C:\\Users\\Muiz\\AppData\\Local\\Programs\\Python\\Python313\\Lib\\site-packages\\transformers\\models\\mobilenet_v2\\feature_extraction_mobilenet_v2.py', reloading
2025-10-24 12:56:17,799 - INFO -  * Detected change in 'C:\\Users\\Muiz\\AppData\\Local\\Programs\\Python\\Python313\\Lib\\site-packages\\transformers\\models\\mobilenet_v2\\image_processing_mobilenet_v2.py', reloading
2025-10-24 12:56:17,811 - INFO -  * Detected change in 'C:\\Users\\Muiz\\AppData\\Local\\Programs\\Python\\Python313\\Lib\\site-packages\\transformers\\models\\mobilenet_v2\\image_processing_mobilenet_v2_fast.py', reloading
2025-10-24 12:56:17,823 - INFO -  * Detected change in 'C:\\Users\\Muiz\\AppData\\Local\\Programs\\Python\\Python313\\Lib\\site-packages\\transformers\\models\\mobilenet_v2\\modeling_mobilenet_v2.py', reloading
2025-10-24 12:56:17,834 - INFO -  * Detected change in 'C:\\Users\\Muiz\\AppData\\Local\\Programs\\Python\\Python313\\Lib\\site-packages\\transformers\\models\\mobilevit\\__init__.py', reloading
2025-10-24 12:56:17,846 - INFO -  * Detected change in 'C:\\Users\\Muiz\\AppData\\Local\\Programs\\Python\\Python313\\Lib\\site-packages\\transformers\\models\\mobilevit\\configuration_mobilevit.py', reloading
2025-10-24 12:56:17,856 - INFO -  * Detected change in 'C:\\Users\\Muiz\\AppData\\Local\\Programs\\Python\\Python313\\Lib\\site-packages\\transformers\\models\\mobilevit\\feature_extraction_mobilevit.py', reloading
2025-10-24 12:56:17,867 - INFO -  * Detected change in 'C:\\Users\\Muiz\\AppData\\Local\\Programs\\Python\\Python313\\Lib\\site-packages\\transformers\\models\\mobilevit\\image_processing_mobilevit.py', reloading
2025-10-24 12:56:17,878 - INFO -  * Detected change in 'C:\\Users\\Muiz\\AppData\\Local\\Programs\\Python\\Python313\\Lib\\site-packages\\transformers\\models\\mobilevit\\image_processing_mobilevit_fast.py', reloading
2025-10-24 12:56:17,893 - INFO -  * Detected change in 'C:\\Users\\Muiz\\AppData\\Local\\Programs\\Python\\Python313\\Lib\\site-packages\\transformers\\models\\mobilevit\\modeling_mobilevit.py', reloading
2025-10-24 12:56:17,897 - INFO - 127.0.0.1 - - [24/Oct/2025 12:56:17] "GET / HTTP/1.1" 200 -
2025-10-24 12:56:17,916 - INFO -  * Detected change in 'C:\\Users\\Muiz\\AppData\\Local\\Programs\\Python\\Python313\\Lib\\site-packages\\transformers\\models\\mobilevit\\modeling_tf_mobilevit.py', reloading
2025-10-24 12:56:17,944 - INFO -  * Detected change in 'C:\\Users\\Muiz\\AppData\\Local\\Programs\\Python\\Python313\\Lib\\site-packages\\transformers\\models\\mobilevitv2\\__init__.py', reloading
2025-10-24 12:56:17,967 - INFO -  * Detected change in 'C:\\Users\\Muiz\\AppData\\Local\\Programs\\Python\\Python313\\Lib\\site-packages\\transformers\\models\\mobilevitv2\\configuration_mobilevitv2.py', reloading
2025-10-24 12:56:17,994 - INFO -  * Detected change in 'C:\\Users\\Muiz\\AppData\\Local\\Programs\\Python\\Python313\\Lib\\site-packages\\transformers\\models\\mobilevitv2\\modeling_mobilevitv2.py', reloading
2025-10-24 12:56:18,119 - INFO -  * Detected change in 'C:\\Users\\Muiz\\AppData\\Local\\Programs\\Python\\Python313\\Lib\\site-packages\\transformers\\models\\modernbert\\__init__.py', reloading
2025-10-24 12:56:18,124 - INFO -  * Detected change in 'C:\\Users\\Muiz\\AppData\\Local\\Programs\\Python\\Python313\\Lib\\site-packages\\transformers\\models\\modernbert\\configuration_modernbert.py', reloading
2025-10-24 12:56:18,125 - INFO -  * Detected change in 'C:\\Users\\Muiz\\AppData\\Local\\Programs\\Python\\Python313\\Lib\\site-packages\\transformers\\models\\modernbert\\modeling_modernbert.py', reloading
2025-10-24 12:56:18,128 - INFO -  * Detected change in 'C:\\Users\\Muiz\\AppData\\Local\\Programs\\Python\\Python313\\Lib\\site-packages\\transformers\\models\\modernbert_decoder\\__init__.py', reloading
2025-10-24 12:56:18,129 - INFO -  * Detected change in 'C:\\Users\\Muiz\\AppData\\Local\\Programs\\Python\\Python313\\Lib\\site-packages\\transformers\\models\\modernbert_decoder\\configuration_modernbert_decoder.py', reloading
2025-10-24 12:56:18,131 - ERROR - Dataset load error: 
**********************************************************************
  Resource [93mpunkt_tab[0m not found.
  Please use the NLTK Downloader to obtain the resource:

  [31m>>> import nltk
  >>> nltk.download('punkt_tab')
  [0m
  For more information see: https://www.nltk.org/data.html

  Attempted to load [93mtokenizers/punkt_tab/english/[0m

  Searched in:
    - 'C:\\Users\\Muiz/nltk_data'
    - 'C:\\Users\\Muiz\\AppData\\Local\\Programs\\Python\\Python313\\nltk_data'
    - 'C:\\Users\\Muiz\\AppData\\Local\\Programs\\Python\\Python313\\share\\nltk_data'
    - 'C:\\Users\\Muiz\\AppData\\Local\\Programs\\Python\\Python313\\lib\\nltk_data'
    - 'C:\\Users\\Muiz\\AppData\\Roaming\\nltk_data'
    - 'C:\\nltk_data'
    - 'D:\\nltk_data'
    - 'E:\\nltk_data'
**********************************************************************

2025-10-24 12:56:18,131 - INFO -  * Detected change in 'C:\\Users\\Muiz\\AppData\\Local\\Programs\\Python\\Python313\\Lib\\site-packages\\transformers\\models\\modernbert_decoder\\modeling_modernbert_decoder.py', reloading
2025-10-24 12:56:18,136 - INFO - 127.0.0.1 - - [24/Oct/2025 12:56:18] "[35m[1mGET /load_dataset HTTP/1.1[0m" 500 -
2025-10-24 12:56:18,137 - INFO -  * Detected change in 'C:\\Users\\Muiz\\AppData\\Local\\Programs\\Python\\Python313\\Lib\\site-packages\\transformers\\models\\moonshine\\__init__.py', reloading
2025-10-24 12:56:18,138 - INFO -  * Detected change in 'C:\\Users\\Muiz\\AppData\\Local\\Programs\\Python\\Python313\\Lib\\site-packages\\transformers\\models\\moonshine\\configuration_moonshine.py', reloading
2025-10-24 12:56:18,155 - INFO -  * Detected change in 'C:\\Users\\Muiz\\AppData\\Local\\Programs\\Python\\Python313\\Lib\\site-packages\\transformers\\models\\moonshine\\modeling_moonshine.py', reloading
2025-10-24 12:56:18,179 - INFO -  * Detected change in 'C:\\Users\\Muiz\\AppData\\Local\\Programs\\Python\\Python313\\Lib\\site-packages\\transformers\\models\\moshi\\__init__.py', reloading
2025-10-24 12:56:18,206 - INFO -  * Detected change in 'C:\\Users\\Muiz\\AppData\\Local\\Programs\\Python\\Python313\\Lib\\site-packages\\transformers\\models\\moshi\\configuration_moshi.py', reloading
2025-10-24 12:56:18,245 - INFO -  * Detected change in 'C:\\Users\\Muiz\\AppData\\Local\\Programs\\Python\\Python313\\Lib\\site-packages\\transformers\\models\\moshi\\modeling_moshi.py', reloading
2025-10-24 12:56:18,262 - INFO -  * Detected change in 'C:\\Users\\Muiz\\AppData\\Local\\Programs\\Python\\Python313\\Lib\\site-packages\\transformers\\models\\mpnet\\__init__.py', reloading
2025-10-24 12:56:18,273 - INFO -  * Detected change in 'C:\\Users\\Muiz\\AppData\\Local\\Programs\\Python\\Python313\\Lib\\site-packages\\transformers\\models\\mpnet\\configuration_mpnet.py', reloading
2025-10-24 12:56:18,284 - INFO -  * Detected change in 'C:\\Users\\Muiz\\AppData\\Local\\Programs\\Python\\Python313\\Lib\\site-packages\\transformers\\models\\mpnet\\modeling_mpnet.py', reloading
2025-10-24 12:56:18,299 - INFO -  * Detected change in 'C:\\Users\\Muiz\\AppData\\Local\\Programs\\Python\\Python313\\Lib\\site-packages\\transformers\\models\\mpnet\\modeling_tf_mpnet.py', reloading
2025-10-24 12:56:18,314 - INFO -  * Detected change in 'C:\\Users\\Muiz\\AppData\\Local\\Programs\\Python\\Python313\\Lib\\site-packages\\transformers\\models\\mpnet\\tokenization_mpnet.py', reloading
2025-10-24 12:56:18,328 - INFO -  * Detected change in 'C:\\Users\\Muiz\\AppData\\Local\\Programs\\Python\\Python313\\Lib\\site-packages\\transformers\\models\\mpnet\\tokenization_mpnet_fast.py', reloading
2025-10-24 12:56:18,338 - INFO -  * Detected change in 'C:\\Users\\Muiz\\AppData\\Local\\Programs\\Python\\Python313\\Lib\\site-packages\\transformers\\models\\mpt\\__init__.py', reloading
2025-10-24 12:56:18,349 - INFO -  * Detected change in 'C:\\Users\\Muiz\\AppData\\Local\\Programs\\Python\\Python313\\Lib\\site-packages\\transformers\\models\\mpt\\configuration_mpt.py', reloading
2025-10-24 12:56:18,361 - INFO -  * Detected change in 'C:\\Users\\Muiz\\AppData\\Local\\Programs\\Python\\Python313\\Lib\\site-packages\\transformers\\models\\mpt\\modeling_mpt.py', reloading
2025-10-24 12:56:18,373 - INFO -  * Detected change in 'C:\\Users\\Muiz\\AppData\\Local\\Programs\\Python\\Python313\\Lib\\site-packages\\transformers\\models\\mra\\__init__.py', reloading
2025-10-24 12:56:18,383 - INFO -  * Detected change in 'C:\\Users\\Muiz\\AppData\\Local\\Programs\\Python\\Python313\\Lib\\site-packages\\transformers\\models\\mra\\configuration_mra.py', reloading
2025-10-24 12:56:18,395 - INFO -  * Detected change in 'C:\\Users\\Muiz\\AppData\\Local\\Programs\\Python\\Python313\\Lib\\site-packages\\transformers\\models\\mra\\modeling_mra.py', reloading
2025-10-24 12:56:18,409 - INFO -  * Detected change in 'C:\\Users\\Muiz\\AppData\\Local\\Programs\\Python\\Python313\\Lib\\site-packages\\transformers\\models\\mt5\\__init__.py', reloading
2025-10-24 12:56:18,421 - INFO -  * Detected change in 'C:\\Users\\Muiz\\AppData\\Local\\Programs\\Python\\Python313\\Lib\\site-packages\\transformers\\models\\mt5\\configuration_mt5.py', reloading
2025-10-24 12:56:18,432 - INFO -  * Detected change in 'C:\\Users\\Muiz\\AppData\\Local\\Programs\\Python\\Python313\\Lib\\site-packages\\transformers\\models\\mt5\\modeling_flax_mt5.py', reloading
2025-10-24 12:56:18,446 - INFO -  * Detected change in 'C:\\Users\\Muiz\\AppData\\Local\\Programs\\Python\\Python313\\Lib\\site-packages\\transformers\\models\\mt5\\modeling_mt5.py', reloading
2025-10-24 12:56:18,474 - INFO -  * Detected change in 'C:\\Users\\Muiz\\AppData\\Local\\Programs\\Python\\Python313\\Lib\\site-packages\\transformers\\models\\mt5\\modeling_tf_mt5.py', reloading
2025-10-24 12:56:18,493 - INFO -  * Detected change in 'C:\\Users\\Muiz\\AppData\\Local\\Programs\\Python\\Python313\\Lib\\site-packages\\transformers\\models\\mt5\\tokenization_mt5.py', reloading
2025-10-24 12:56:18,515 - INFO -  * Detected change in 'C:\\Users\\Muiz\\AppData\\Local\\Programs\\Python\\Python313\\Lib\\site-packages\\transformers\\models\\musicgen\\__init__.py', reloading
2025-10-24 12:56:18,526 - INFO -  * Detected change in 'C:\\Users\\Muiz\\AppData\\Local\\Programs\\Python\\Python313\\Lib\\site-packages\\transformers\\models\\musicgen\\configuration_musicgen.py', reloading
2025-10-24 12:56:18,541 - INFO -  * Detected change in 'C:\\Users\\Muiz\\AppData\\Local\\Programs\\Python\\Python313\\Lib\\site-packages\\transformers\\models\\musicgen\\modeling_musicgen.py', reloading
2025-10-24 12:56:18,558 - INFO -  * Detected change in 'C:\\Users\\Muiz\\AppData\\Local\\Programs\\Python\\Python313\\Lib\\site-packages\\transformers\\models\\musicgen\\processing_musicgen.py', reloading
2025-10-24 12:56:18,568 - INFO -  * Detected change in 'C:\\Users\\Muiz\\AppData\\Local\\Programs\\Python\\Python313\\Lib\\site-packages\\transformers\\models\\musicgen_melody\\__init__.py', reloading
2025-10-24 12:56:18,580 - INFO -  * Detected change in 'C:\\Users\\Muiz\\AppData\\Local\\Programs\\Python\\Python313\\Lib\\site-packages\\transformers\\models\\musicgen_melody\\configuration_musicgen_melody.py', reloading
2025-10-24 12:56:18,595 - INFO -  * Detected change in 'C:\\Users\\Muiz\\AppData\\Local\\Programs\\Python\\Python313\\Lib\\site-packages\\transformers\\models\\musicgen_melody\\modeling_musicgen_melody.py', reloading
2025-10-24 12:56:18,610 - INFO -  * Detected change in 'C:\\Users\\Muiz\\AppData\\Local\\Programs\\Python\\Python313\\Lib\\site-packages\\transformers\\models\\mvp\\__init__.py', reloading
2025-10-24 12:56:18,622 - INFO -  * Detected change in 'C:\\Users\\Muiz\\AppData\\Local\\Programs\\Python\\Python313\\Lib\\site-packages\\transformers\\models\\mvp\\configuration_mvp.py', reloading
2025-10-24 12:56:18,636 - INFO -  * Detected change in 'C:\\Users\\Muiz\\AppData\\Local\\Programs\\Python\\Python313\\Lib\\site-packages\\transformers\\models\\mvp\\modeling_mvp.py', reloading
2025-10-24 12:56:18,651 - INFO -  * Detected change in 'C:\\Users\\Muiz\\AppData\\Local\\Programs\\Python\\Python313\\Lib\\site-packages\\transformers\\models\\mvp\\tokenization_mvp.py', reloading
2025-10-24 12:56:18,663 - INFO -  * Detected change in 'C:\\Users\\Muiz\\AppData\\Local\\Programs\\Python\\Python313\\Lib\\site-packages\\transformers\\models\\mvp\\tokenization_mvp_fast.py', reloading
2025-10-24 12:56:18,684 - INFO -  * Detected change in 'C:\\Users\\Muiz\\AppData\\Local\\Programs\\Python\\Python313\\Lib\\site-packages\\transformers\\models\\myt5\\__init__.py', reloading
2025-10-24 12:56:18,951 - INFO -  * Restarting with watchdog (windowsapi)
2025-10-24 12:56:21,001 - INFO - ✅ Model and TF-IDF vectorizer loaded successfully.
2025-10-24 12:56:22,920 - WARNING -  * Debugger is active!
2025-10-24 12:56:22,922 - INFO -  * Debugger PIN: 603-667-668
2025-10-24 12:56:22,944 - INFO -  * Detected change in 'C:\\Users\\Muiz\\AppData\\Local\\Programs\\Python\\Python313\\Lib\\site-packages\\transformers\\models\\roformer\\tokenization_roformer.py', reloading
2025-10-24 12:56:22,969 - INFO -  * Detected change in 'C:\\Users\\Muiz\\AppData\\Local\\Programs\\Python\\Python313\\Lib\\site-packages\\transformers\\models\\roformer\\tokenization_roformer_fast.py', reloading
2025-10-24 12:56:22,993 - INFO -  * Detected change in 'C:\\Users\\Muiz\\AppData\\Local\\Programs\\Python\\Python313\\Lib\\site-packages\\transformers\\models\\rt_detr\\__init__.py', reloading
2025-10-24 12:56:23,021 - INFO -  * Detected change in 'C:\\Users\\Muiz\\AppData\\Local\\Programs\\Python\\Python313\\Lib\\site-packages\\transformers\\models\\rt_detr\\configuration_rt_detr.py', reloading
2025-10-24 12:56:23,035 - INFO -  * Detected change in 'C:\\Users\\Muiz\\AppData\\Local\\Programs\\Python\\Python313\\Lib\\site-packages\\transformers\\models\\rt_detr\\configuration_rt_detr_resnet.py', reloading
2025-10-24 12:56:23,066 - INFO -  * Detected change in 'C:\\Users\\Muiz\\AppData\\Local\\Programs\\Python\\Python313\\Lib\\site-packages\\transformers\\models\\rt_detr\\image_processing_rt_detr.py', reloading
2025-10-24 12:56:23,091 - INFO -  * Detected change in 'C:\\Users\\Muiz\\AppData\\Local\\Programs\\Python\\Python313\\Lib\\site-packages\\transformers\\models\\rt_detr\\image_processing_rt_detr_fast.py', reloading
2025-10-24 12:56:23,125 - INFO -  * Detected change in 'C:\\Users\\Muiz\\AppData\\Local\\Programs\\Python\\Python313\\Lib\\site-packages\\transformers\\models\\rt_detr\\modeling_rt_detr.py', reloading
2025-10-24 12:56:23,163 - INFO -  * Detected change in 'C:\\Users\\Muiz\\AppData\\Local\\Programs\\Python\\Python313\\Lib\\site-packages\\transformers\\models\\rt_detr\\modeling_rt_detr_resnet.py', reloading
2025-10-24 12:56:23,188 - INFO -  * Detected change in 'C:\\Users\\Muiz\\AppData\\Local\\Programs\\Python\\Python313\\Lib\\site-packages\\transformers\\models\\rt_detr_v2\\__init__.py', reloading
2025-10-24 12:56:23,206 - INFO -  * Detected change in 'C:\\Users\\Muiz\\AppData\\Local\\Programs\\Python\\Python313\\Lib\\site-packages\\transformers\\models\\rt_detr_v2\\configuration_rt_detr_v2.py', reloading
2025-10-24 12:56:23,228 - INFO -  * Detected change in 'C:\\Users\\Muiz\\AppData\\Local\\Programs\\Python\\Python313\\Lib\\site-packages\\transformers\\models\\rt_detr_v2\\modeling_rt_detr_v2.py', reloading
2025-10-24 12:56:23,267 - INFO -  * Detected change in 'C:\\Users\\Muiz\\AppData\\Local\\Programs\\Python\\Python313\\Lib\\site-packages\\transformers\\models\\rwkv\\__init__.py', reloading
2025-10-24 12:56:23,291 - INFO -  * Detected change in 'C:\\Users\\Muiz\\AppData\\Local\\Programs\\Python\\Python313\\Lib\\site-packages\\transformers\\models\\rwkv\\configuration_rwkv.py', reloading
2025-10-24 12:56:23,319 - INFO -  * Detected change in 'C:\\Users\\Muiz\\AppData\\Local\\Programs\\Python\\Python313\\Lib\\site-packages\\transformers\\models\\rwkv\\modeling_rwkv.py', reloading
2025-10-24 12:56:23,336 - INFO -  * Detected change in 'C:\\Users\\Muiz\\AppData\\Local\\Programs\\Python\\Python313\\Lib\\site-packages\\transformers\\models\\sam\\__init__.py', reloading
2025-10-24 12:56:23,350 - INFO -  * Detected change in 'C:\\Users\\Muiz\\AppData\\Local\\Programs\\Python\\Python313\\Lib\\site-packages\\transformers\\models\\sam\\configuration_sam.py', reloading
2025-10-24 12:56:23,380 - INFO -  * Detected change in 'C:\\Users\\Muiz\\AppData\\Local\\Programs\\Python\\Python313\\Lib\\site-packages\\transformers\\models\\sam\\image_processing_sam.py', reloading
2025-10-24 12:56:23,416 - INFO -  * Detected change in 'C:\\Users\\Muiz\\AppData\\Local\\Programs\\Python\\Python313\\Lib\\site-packages\\transformers\\models\\sam\\image_processing_sam_fast.py', reloading
2025-10-24 12:56:23,446 - INFO -  * Detected change in 'C:\\Users\\Muiz\\AppData\\Local\\Programs\\Python\\Python313\\Lib\\site-packages\\transformers\\models\\sam\\modeling_sam.py', reloading
2025-10-24 12:56:23,480 - INFO -  * Detected change in 'C:\\Users\\Muiz\\AppData\\Local\\Programs\\Python\\Python313\\Lib\\site-packages\\transformers\\models\\sam\\modeling_tf_sam.py', reloading
2025-10-24 12:56:23,515 - INFO -  * Detected change in 'C:\\Users\\Muiz\\AppData\\Local\\Programs\\Python\\Python313\\Lib\\site-packages\\transformers\\models\\sam\\processing_sam.py', reloading
2025-10-24 12:56:23,539 - INFO -  * Detected change in 'C:\\Users\\Muiz\\AppData\\Local\\Programs\\Python\\Python313\\Lib\\site-packages\\transformers\\models\\sam2\\__init__.py', reloading
2025-10-24 12:56:23,565 - INFO -  * Detected change in 'C:\\Users\\Muiz\\AppData\\Local\\Programs\\Python\\Python313\\Lib\\site-packages\\transformers\\models\\sam2\\configuration_sam2.py', reloading
2025-10-24 12:56:23,580 - INFO -  * Detected change in 'C:\\Users\\Muiz\\AppData\\Local\\Programs\\Python\\Python313\\Lib\\site-packages\\transformers\\models\\sam2\\image_processing_sam2_fast.py', reloading
2025-10-24 12:56:23,603 - INFO -  * Detected change in 'C:\\Users\\Muiz\\AppData\\Local\\Programs\\Python\\Python313\\Lib\\site-packages\\transformers\\models\\sam2\\modeling_sam2.py', reloading
2025-10-24 12:56:23,657 - INFO -  * Detected change in 'C:\\Users\\Muiz\\AppData\\Local\\Programs\\Python\\Python313\\Lib\\site-packages\\transformers\\models\\sam2\\processing_sam2.py', reloading
2025-10-24 12:56:23,684 - INFO -  * Detected change in 'C:\\Users\\Muiz\\AppData\\Local\\Programs\\Python\\Python313\\Lib\\site-packages\\transformers\\models\\sam2_video\\__init__.py', reloading
2025-10-24 12:56:23,703 - INFO -  * Detected change in 'C:\\Users\\Muiz\\AppData\\Local\\Programs\\Python\\Python313\\Lib\\site-packages\\transformers\\models\\sam2_video\\configuration_sam2_video.py', reloading
2025-10-24 12:56:23,726 - INFO -  * Detected change in 'C:\\Users\\Muiz\\AppData\\Local\\Programs\\Python\\Python313\\Lib\\site-packages\\transformers\\models\\sam2_video\\modeling_sam2_video.py', reloading
2025-10-24 12:56:23,764 - INFO -  * Detected change in 'C:\\Users\\Muiz\\AppData\\Local\\Programs\\Python\\Python313\\Lib\\site-packages\\transformers\\models\\sam2_video\\processing_sam2_video.py', reloading
2025-10-24 12:56:23,792 - INFO -  * Detected change in 'C:\\Users\\Muiz\\AppData\\Local\\Programs\\Python\\Python313\\Lib\\site-packages\\transformers\\models\\sam2_video\\video_processing_sam2_video.py', reloading
2025-10-24 12:56:23,816 - INFO -  * Detected change in 'C:\\Users\\Muiz\\AppData\\Local\\Programs\\Python\\Python313\\Lib\\site-packages\\transformers\\models\\sam_hq\\__init__.py', reloading
2025-10-24 12:56:23,834 - INFO -  * Detected change in 'C:\\Users\\Muiz\\AppData\\Local\\Programs\\Python\\Python313\\Lib\\site-packages\\transformers\\models\\sam_hq\\configuration_sam_hq.py', reloading
2025-10-24 12:56:23,856 - INFO -  * Detected change in 'C:\\Users\\Muiz\\AppData\\Local\\Programs\\Python\\Python313\\Lib\\site-packages\\transformers\\models\\sam_hq\\modeling_sam_hq.py', reloading
2025-10-24 12:56:23,892 - INFO -  * Detected change in 'C:\\Users\\Muiz\\AppData\\Local\\Programs\\Python\\Python313\\Lib\\site-packages\\transformers\\models\\sam_hq\\processing_samhq.py', reloading
2025-10-24 12:56:23,916 - INFO -  * Detected change in 'C:\\Users\\Muiz\\AppData\\Local\\Programs\\Python\\Python313\\Lib\\site-packages\\transformers\\models\\seamless_m4t\\__init__.py', reloading
2025-10-24 12:56:24,274 - INFO -  * Restarting with watchdog (windowsapi)
2025-10-24 12:56:26,102 - INFO - ✅ Model and TF-IDF vectorizer loaded successfully.
2025-10-24 12:56:27,549 - WARNING -  * Debugger is active!
2025-10-24 12:56:27,551 - INFO -  * Debugger PIN: 603-667-668
2025-10-24 12:56:27,599 - INFO -  * Detected change in 'C:\\Users\\Muiz\\AppData\\Local\\Programs\\Python\\Python313\\Lib\\site-packages\\transformers\\models\\time_series_transformer\\modeling_time_series_transformer.py', reloading
2025-10-24 12:56:27,631 - INFO -  * Detected change in 'C:\\Users\\Muiz\\AppData\\Local\\Programs\\Python\\Python313\\Lib\\site-packages\\transformers\\models\\timesfm\\__init__.py', reloading
2025-10-24 12:56:27,654 - INFO -  * Detected change in 'C:\\Users\\Muiz\\AppData\\Local\\Programs\\Python\\Python313\\Lib\\site-packages\\transformers\\models\\timesfm\\configuration_timesfm.py', reloading
2025-10-24 12:56:27,674 - INFO -  * Detected change in 'C:\\Users\\Muiz\\AppData\\Local\\Programs\\Python\\Python313\\Lib\\site-packages\\transformers\\models\\timesfm\\modeling_timesfm.py', reloading
2025-10-24 12:56:27,701 - INFO -  * Detected change in 'C:\\Users\\Muiz\\AppData\\Local\\Programs\\Python\\Python313\\Lib\\site-packages\\transformers\\models\\timesformer\\__init__.py', reloading
2025-10-24 12:56:27,725 - INFO -  * Detected change in 'C:\\Users\\Muiz\\AppData\\Local\\Programs\\Python\\Python313\\Lib\\site-packages\\transformers\\models\\timesformer\\configuration_timesformer.py', reloading
2025-10-24 12:56:27,751 - INFO -  * Detected change in 'C:\\Users\\Muiz\\AppData\\Local\\Programs\\Python\\Python313\\Lib\\site-packages\\transformers\\models\\timesformer\\modeling_timesformer.py', reloading
2025-10-24 12:56:27,914 - INFO -  * Detected change in 'C:\\Users\\Muiz\\AppData\\Local\\Programs\\Python\\Python313\\Lib\\site-packages\\transformers\\models\\timm_backbone\\__init__.py', reloading
2025-10-24 12:56:27,954 - INFO -  * Detected change in 'C:\\Users\\Muiz\\AppData\\Local\\Programs\\Python\\Python313\\Lib\\site-packages\\transformers\\models\\timm_backbone\\configuration_timm_backbone.py', reloading
2025-10-24 12:56:27,984 - INFO -  * Detected change in 'C:\\Users\\Muiz\\AppData\\Local\\Programs\\Python\\Python313\\Lib\\site-packages\\transformers\\models\\timm_backbone\\modeling_timm_backbone.py', reloading
2025-10-24 12:56:28,009 - INFO -  * Detected change in 'C:\\Users\\Muiz\\AppData\\Local\\Programs\\Python\\Python313\\Lib\\site-packages\\transformers\\models\\timm_wrapper\\__init__.py', reloading
2025-10-24 12:56:28,045 - INFO -  * Detected change in 'C:\\Users\\Muiz\\AppData\\Local\\Programs\\Python\\Python313\\Lib\\site-packages\\transformers\\models\\timm_wrapper\\configuration_timm_wrapper.py', reloading
2025-10-24 12:56:28,071 - INFO -  * Detected change in 'C:\\Users\\Muiz\\AppData\\Local\\Programs\\Python\\Python313\\Lib\\site-packages\\transformers\\models\\timm_wrapper\\image_processing_timm_wrapper.py', reloading
2025-10-24 12:56:28,101 - INFO -  * Detected change in 'C:\\Users\\Muiz\\AppData\\Local\\Programs\\Python\\Python313\\Lib\\site-packages\\transformers\\models\\timm_wrapper\\modeling_timm_wrapper.py', reloading
2025-10-24 12:56:28,129 - INFO -  * Detected change in 'C:\\Users\\Muiz\\AppData\\Local\\Programs\\Python\\Python313\\Lib\\site-packages\\transformers\\models\\trocr\\__init__.py', reloading
2025-10-24 12:56:28,156 - INFO -  * Detected change in 'C:\\Users\\Muiz\\AppData\\Local\\Programs\\Python\\Python313\\Lib\\site-packages\\transformers\\models\\trocr\\configuration_trocr.py', reloading
2025-10-24 12:56:28,185 - INFO -  * Detected change in 'C:\\Users\\Muiz\\AppData\\Local\\Programs\\Python\\Python313\\Lib\\site-packages\\transformers\\models\\trocr\\modeling_trocr.py', reloading
2025-10-24 12:56:28,217 - INFO -  * Detected change in 'C:\\Users\\Muiz\\AppData\\Local\\Programs\\Python\\Python313\\Lib\\site-packages\\transformers\\models\\trocr\\processing_trocr.py', reloading
2025-10-24 12:56:28,241 - INFO -  * Detected change in 'C:\\Users\\Muiz\\AppData\\Local\\Programs\\Python\\Python313\\Lib\\site-packages\\transformers\\models\\tvp\\__init__.py', reloading
2025-10-24 12:56:28,267 - INFO -  * Detected change in 'C:\\Users\\Muiz\\AppData\\Local\\Programs\\Python\\Python313\\Lib\\site-packages\\transformers\\models\\tvp\\configuration_tvp.py', reloading
2025-10-24 12:56:28,294 - INFO -  * Detected change in 'C:\\Users\\Muiz\\AppData\\Local\\Programs\\Python\\Python313\\Lib\\site-packages\\transformers\\models\\tvp\\image_processing_tvp.py', reloading
2025-10-24 12:56:28,321 - INFO -  * Detected change in 'C:\\Users\\Muiz\\AppData\\Local\\Programs\\Python\\Python313\\Lib\\site-packages\\transformers\\models\\tvp\\image_processing_tvp_fast.py', reloading
2025-10-24 12:56:28,345 - INFO -  * Detected change in 'C:\\Users\\Muiz\\AppData\\Local\\Programs\\Python\\Python313\\Lib\\site-packages\\transformers\\models\\tvp\\modeling_tvp.py', reloading
2025-10-24 12:56:28,375 - INFO -  * Detected change in 'C:\\Users\\Muiz\\AppData\\Local\\Programs\\Python\\Python313\\Lib\\site-packages\\transformers\\models\\tvp\\processing_tvp.py', reloading
2025-10-24 12:56:28,398 - INFO -  * Detected change in 'C:\\Users\\Muiz\\AppData\\Local\\Programs\\Python\\Python313\\Lib\\site-packages\\transformers\\models\\udop\\__init__.py', reloading
2025-10-24 12:56:28,411 - INFO -  * Detected change in 'C:\\Users\\Muiz\\AppData\\Local\\Programs\\Python\\Python313\\Lib\\site-packages\\transformers\\models\\udop\\configuration_udop.py', reloading
2025-10-24 12:56:28,442 - INFO -  * Detected change in 'C:\\Users\\Muiz\\AppData\\Local\\Programs\\Python\\Python313\\Lib\\site-packages\\transformers\\models\\udop\\modeling_udop.py', reloading
2025-10-24 12:56:28,479 - INFO -  * Detected change in 'C:\\Users\\Muiz\\AppData\\Local\\Programs\\Python\\Python313\\Lib\\site-packages\\transformers\\models\\udop\\processing_udop.py', reloading
2025-10-24 12:56:28,510 - INFO -  * Detected change in 'C:\\Users\\Muiz\\AppData\\Local\\Programs\\Python\\Python313\\Lib\\site-packages\\transformers\\models\\udop\\tokenization_udop.py', reloading
2025-10-24 12:56:28,545 - INFO -  * Detected change in 'C:\\Users\\Muiz\\AppData\\Local\\Programs\\Python\\Python313\\Lib\\site-packages\\transformers\\models\\udop\\tokenization_udop_fast.py', reloading
2025-10-24 12:56:28,824 - INFO -  * Restarting with watchdog (windowsapi)
2025-10-24 12:56:30,567 - INFO - ✅ Model and TF-IDF vectorizer loaded successfully.
2025-10-24 12:56:32,353 - WARNING -  * Debugger is active!
2025-10-24 12:56:32,356 - INFO -  * Debugger PIN: 603-667-668
2025-10-24 12:56:32,382 - INFO -  * Detected change in 'C:\\Users\\Muiz\\AppData\\Local\\Programs\\Python\\Python313\\Lib\\site-packages\\transformers\\models\\xlm\\tokenization_xlm.py', reloading
2025-10-24 12:56:32,407 - INFO -  * Detected change in 'C:\\Users\\Muiz\\AppData\\Local\\Programs\\Python\\Python313\\Lib\\site-packages\\transformers\\models\\xlm_roberta\\__init__.py', reloading
2025-10-24 12:56:32,432 - INFO -  * Detected change in 'C:\\Users\\Muiz\\AppData\\Local\\Programs\\Python\\Python313\\Lib\\site-packages\\transformers\\models\\xlm_roberta\\configuration_xlm_roberta.py', reloading
2025-10-24 12:56:32,462 - INFO -  * Detected change in 'C:\\Users\\Muiz\\AppData\\Local\\Programs\\Python\\Python313\\Lib\\site-packages\\transformers\\models\\xlm_roberta\\modeling_flax_xlm_roberta.py', reloading
2025-10-24 12:56:32,486 - INFO -  * Detected change in 'C:\\Users\\Muiz\\AppData\\Local\\Programs\\Python\\Python313\\Lib\\site-packages\\transformers\\models\\xlm_roberta\\modeling_tf_xlm_roberta.py', reloading
2025-10-24 12:56:32,526 - INFO -  * Detected change in 'C:\\Users\\Muiz\\AppData\\Local\\Programs\\Python\\Python313\\Lib\\site-packages\\transformers\\models\\xlm_roberta\\modeling_xlm_roberta.py', reloading
2025-10-24 12:56:32,561 - INFO -  * Detected change in 'C:\\Users\\Muiz\\AppData\\Local\\Programs\\Python\\Python313\\Lib\\site-packages\\transformers\\models\\xlm_roberta\\tokenization_xlm_roberta.py', reloading
2025-10-24 12:56:32,588 - INFO -  * Detected change in 'C:\\Users\\Muiz\\AppData\\Local\\Programs\\Python\\Python313\\Lib\\site-packages\\transformers\\models\\xlm_roberta\\tokenization_xlm_roberta_fast.py', reloading
2025-10-24 12:56:32,613 - INFO -  * Detected change in 'C:\\Users\\Muiz\\AppData\\Local\\Programs\\Python\\Python313\\Lib\\site-packages\\transformers\\models\\xlm_roberta_xl\\__init__.py', reloading
2025-10-24 12:56:32,628 - INFO -  * Detected change in 'C:\\Users\\Muiz\\AppData\\Local\\Programs\\Python\\Python313\\Lib\\site-packages\\transformers\\models\\xlm_roberta_xl\\configuration_xlm_roberta_xl.py', reloading
2025-10-24 12:56:32,654 - INFO -  * Detected change in 'C:\\Users\\Muiz\\AppData\\Local\\Programs\\Python\\Python313\\Lib\\site-packages\\transformers\\models\\xlm_roberta_xl\\modeling_xlm_roberta_xl.py', reloading
2025-10-24 12:56:32,684 - INFO -  * Detected change in 'C:\\Users\\Muiz\\AppData\\Local\\Programs\\Python\\Python313\\Lib\\site-packages\\transformers\\models\\xlnet\\__init__.py', reloading
2025-10-24 12:56:32,712 - INFO -  * Detected change in 'C:\\Users\\Muiz\\AppData\\Local\\Programs\\Python\\Python313\\Lib\\site-packages\\transformers\\models\\xlnet\\configuration_xlnet.py', reloading
2025-10-24 12:56:32,743 - INFO -  * Detected change in 'C:\\Users\\Muiz\\AppData\\Local\\Programs\\Python\\Python313\\Lib\\site-packages\\transformers\\models\\xlnet\\modeling_tf_xlnet.py', reloading
2025-10-24 12:56:32,786 - INFO -  * Detected change in 'C:\\Users\\Muiz\\AppData\\Local\\Programs\\Python\\Python313\\Lib\\site-packages\\transformers\\models\\xlnet\\modeling_xlnet.py', reloading
2025-10-24 12:56:32,825 - INFO -  * Detected change in 'C:\\Users\\Muiz\\AppData\\Local\\Programs\\Python\\Python313\\Lib\\site-packages\\transformers\\models\\xlnet\\tokenization_xlnet.py', reloading
2025-10-24 12:56:32,865 - INFO -  * Detected change in 'C:\\Users\\Muiz\\AppData\\Local\\Programs\\Python\\Python313\\Lib\\site-packages\\transformers\\models\\xlnet\\tokenization_xlnet_fast.py', reloading
2025-10-24 12:56:32,888 - INFO -  * Detected change in 'C:\\Users\\Muiz\\AppData\\Local\\Programs\\Python\\Python313\\Lib\\site-packages\\transformers\\models\\xlstm\\__init__.py', reloading
2025-10-24 12:56:32,910 - INFO -  * Detected change in 'C:\\Users\\Muiz\\AppData\\Local\\Programs\\Python\\Python313\\Lib\\site-packages\\transformers\\models\\xmod\\__init__.py', reloading
2025-10-24 12:56:32,935 - INFO -  * Detected change in 'C:\\Users\\Muiz\\AppData\\Local\\Programs\\Python\\Python313\\Lib\\site-packages\\transformers\\models\\xmod\\configuration_xmod.py', reloading
2025-10-24 12:56:32,965 - INFO -  * Detected change in 'C:\\Users\\Muiz\\AppData\\Local\\Programs\\Python\\Python313\\Lib\\site-packages\\transformers\\models\\xmod\\modeling_xmod.py', reloading
2025-10-24 12:56:32,989 - INFO -  * Detected change in 'C:\\Users\\Muiz\\AppData\\Local\\Programs\\Python\\Python313\\Lib\\site-packages\\transformers\\models\\yolos\\__init__.py', reloading
2025-10-24 12:56:33,013 - INFO -  * Detected change in 'C:\\Users\\Muiz\\AppData\\Local\\Programs\\Python\\Python313\\Lib\\site-packages\\transformers\\models\\yolos\\configuration_yolos.py', reloading
2025-10-24 12:56:33,036 - INFO -  * Detected change in 'C:\\Users\\Muiz\\AppData\\Local\\Programs\\Python\\Python313\\Lib\\site-packages\\transformers\\models\\yolos\\feature_extraction_yolos.py', reloading
2025-10-24 12:56:33,067 - INFO -  * Detected change in 'C:\\Users\\Muiz\\AppData\\Local\\Programs\\Python\\Python313\\Lib\\site-packages\\transformers\\models\\yolos\\image_processing_yolos.py', reloading
2025-10-24 12:56:33,092 - INFO -  * Detected change in 'C:\\Users\\Muiz\\AppData\\Local\\Programs\\Python\\Python313\\Lib\\site-packages\\transformers\\models\\yolos\\image_processing_yolos_fast.py', reloading
2025-10-24 12:56:33,126 - INFO -  * Detected change in 'C:\\Users\\Muiz\\AppData\\Local\\Programs\\Python\\Python313\\Lib\\site-packages\\transformers\\models\\yolos\\modeling_yolos.py', reloading
2025-10-24 12:56:33,142 - INFO -  * Detected change in 'C:\\Users\\Muiz\\AppData\\Local\\Programs\\Python\\Python313\\Lib\\site-packages\\transformers\\models\\yoso\\__init__.py', reloading
2025-10-24 12:56:33,168 - INFO -  * Detected change in 'C:\\Users\\Muiz\\AppData\\Local\\Programs\\Python\\Python313\\Lib\\site-packages\\transformers\\models\\yoso\\configuration_yoso.py', reloading
2025-10-24 12:56:33,197 - INFO -  * Detected change in 'C:\\Users\\Muiz\\AppData\\Local\\Programs\\Python\\Python313\\Lib\\site-packages\\transformers\\models\\yoso\\modeling_yoso.py', reloading
2025-10-24 12:56:33,227 - INFO -  * Detected change in 'C:\\Users\\Muiz\\AppData\\Local\\Programs\\Python\\Python313\\Lib\\site-packages\\transformers\\models\\zamba\\__init__.py', reloading
2025-10-24 12:56:33,253 - INFO -  * Detected change in 'C:\\Users\\Muiz\\AppData\\Local\\Programs\\Python\\Python313\\Lib\\site-packages\\transformers\\models\\zamba\\configuration_zamba.py', reloading
2025-10-24 12:56:33,283 - INFO -  * Detected change in 'C:\\Users\\Muiz\\AppData\\Local\\Programs\\Python\\Python313\\Lib\\site-packages\\transformers\\models\\zamba\\modeling_zamba.py', reloading
2025-10-24 12:56:33,315 - INFO -  * Detected change in 'C:\\Users\\Muiz\\AppData\\Local\\Programs\\Python\\Python313\\Lib\\site-packages\\transformers\\models\\zamba2\\__init__.py', reloading
2025-10-24 12:56:33,334 - INFO -  * Detected change in 'C:\\Users\\Muiz\\AppData\\Local\\Programs\\Python\\Python313\\Lib\\site-packages\\transformers\\models\\zamba2\\configuration_zamba2.py', reloading
2025-10-24 12:56:33,354 - INFO -  * Detected change in 'C:\\Users\\Muiz\\AppData\\Local\\Programs\\Python\\Python313\\Lib\\site-packages\\transformers\\models\\zamba2\\modeling_zamba2.py', reloading
2025-10-24 12:56:33,617 - INFO -  * Restarting with watchdog (windowsapi)
2025-10-24 12:56:35,589 - INFO - ✅ Model and TF-IDF vectorizer loaded successfully.
2025-10-24 12:56:36,074 - WARNING -  * Debugger is active!
2025-10-24 12:56:36,076 - INFO -  * Debugger PIN: 603-667-668
2025-10-24 12:56:36,093 - INFO -  * Detected change in 'C:\\Users\\Muiz\\AppData\\Local\\Programs\\Python\\Python313\\Lib\\site-packages\\transformers\\pipelines\\image_feature_extraction.py', reloading
2025-10-24 12:56:36,118 - INFO -  * Detected change in 'C:\\Users\\Muiz\\AppData\\Local\\Programs\\Python\\Python313\\Lib\\site-packages\\transformers\\pipelines\\image_segmentation.py', reloading
2025-10-24 12:56:36,132 - INFO -  * Detected change in 'C:\\Users\\Muiz\\AppData\\Local\\Programs\\Python\\Python313\\Lib\\site-packages\\transformers\\pipelines\\image_text_to_text.py', reloading
2025-10-24 12:56:36,162 - INFO -  * Detected change in 'C:\\Users\\Muiz\\AppData\\Local\\Programs\\Python\\Python313\\Lib\\site-packages\\transformers\\pipelines\\image_to_image.py', reloading
2025-10-24 12:56:36,189 - INFO -  * Detected change in 'C:\\Users\\Muiz\\AppData\\Local\\Programs\\Python\\Python313\\Lib\\site-packages\\transformers\\pipelines\\image_to_text.py', reloading
2025-10-24 12:56:36,203 - INFO -  * Detected change in 'C:\\Users\\Muiz\\AppData\\Local\\Programs\\Python\\Python313\\Lib\\site-packages\\transformers\\pipelines\\keypoint_matching.py', reloading
2025-10-24 12:56:36,231 - INFO -  * Detected change in 'C:\\Users\\Muiz\\AppData\\Local\\Programs\\Python\\Python313\\Lib\\site-packages\\transformers\\pipelines\\mask_generation.py', reloading
2025-10-24 12:56:36,250 - INFO -  * Detected change in 'C:\\Users\\Muiz\\AppData\\Local\\Programs\\Python\\Python313\\Lib\\site-packages\\transformers\\pipelines\\token_classification.py', reloading
2025-10-24 12:56:36,280 - INFO -  * Detected change in 'C:\\Users\\Muiz\\AppData\\Local\\Programs\\Python\\Python313\\Lib\\site-packages\\transformers\\pipelines\\object_detection.py', reloading
2025-10-24 12:56:36,311 - INFO -  * Detected change in 'C:\\Users\\Muiz\\AppData\\Local\\Programs\\Python\\Python313\\Lib\\site-packages\\transformers\\pipelines\\question_answering.py', reloading
2025-10-24 12:56:36,344 - INFO -  * Detected change in 'C:\\Users\\Muiz\\AppData\\Local\\Programs\\Python\\Python313\\Lib\\site-packages\\transformers\\pipelines\\text2text_generation.py', reloading
2025-10-24 12:56:36,371 - INFO -  * Detected change in 'C:\\Users\\Muiz\\AppData\\Local\\Programs\\Python\\Python313\\Lib\\site-packages\\transformers\\pipelines\\table_question_answering.py', reloading
2025-10-24 12:56:36,405 - INFO -  * Detected change in 'C:\\Users\\Muiz\\AppData\\Local\\Programs\\Python\\Python313\\Lib\\site-packages\\transformers\\pipelines\\text_classification.py', reloading
2025-10-24 12:56:36,436 - INFO -  * Detected change in 'C:\\Users\\Muiz\\AppData\\Local\\Programs\\Python\\Python313\\Lib\\site-packages\\transformers\\pipelines\\text_generation.py', reloading
2025-10-24 12:56:36,469 - INFO -  * Detected change in 'C:\\Users\\Muiz\\AppData\\Local\\Programs\\Python\\Python313\\Lib\\site-packages\\transformers\\pipelines\\text_to_audio.py', reloading
2025-10-24 12:56:36,502 - INFO -  * Detected change in 'C:\\Users\\Muiz\\AppData\\Local\\Programs\\Python\\Python313\\Lib\\site-packages\\transformers\\pipelines\\video_classification.py', reloading
2025-10-24 12:56:36,529 - INFO -  * Detected change in 'C:\\Users\\Muiz\\AppData\\Local\\Programs\\Python\\Python313\\Lib\\site-packages\\transformers\\pipelines\\visual_question_answering.py', reloading
2025-10-24 12:56:36,593 - INFO -  * Detected change in 'C:\\Users\\Muiz\\AppData\\Local\\Programs\\Python\\Python313\\Lib\\site-packages\\transformers\\pipelines\\zero_shot_audio_classification.py', reloading
2025-10-24 12:56:36,618 - INFO -  * Detected change in 'C:\\Users\\Muiz\\AppData\\Local\\Programs\\Python\\Python313\\Lib\\site-packages\\transformers\\pipelines\\zero_shot_classification.py', reloading
2025-10-24 12:56:36,643 - INFO -  * Detected change in 'C:\\Users\\Muiz\\AppData\\Local\\Programs\\Python\\Python313\\Lib\\site-packages\\transformers\\pipelines\\zero_shot_image_classification.py', reloading
2025-10-24 12:56:36,668 - INFO -  * Detected change in 'C:\\Users\\Muiz\\AppData\\Local\\Programs\\Python\\Python313\\Lib\\site-packages\\transformers\\pipelines\\zero_shot_object_detection.py', reloading
2025-10-24 12:56:36,703 - INFO -  * Detected change in 'C:\\Users\\Muiz\\AppData\\Local\\Programs\\Python\\Python313\\Lib\\site-packages\\transformers\\processing_utils.py', reloading
2025-10-24 12:56:36,743 - INFO -  * Detected change in 'C:\\Users\\Muiz\\AppData\\Local\\Programs\\Python\\Python313\\Lib\\site-packages\\transformers\\pytorch_utils.py', reloading
2025-10-24 12:56:36,766 - INFO -  * Detected change in 'C:\\Users\\Muiz\\AppData\\Local\\Programs\\Python\\Python313\\Lib\\site-packages\\transformers\\tokenization_utils.py', reloading
2025-10-24 12:56:36,819 - INFO -  * Detected change in 'C:\\Users\\Muiz\\AppData\\Local\\Programs\\Python\\Python313\\Lib\\site-packages\\transformers\\tokenization_utils_base.py', reloading
2025-10-24 12:56:36,871 - INFO -  * Detected change in 'C:\\Users\\Muiz\\AppData\\Local\\Programs\\Python\\Python313\\Lib\\site-packages\\transformers\\tokenization_utils_fast.py', reloading
2025-10-24 12:56:36,900 - INFO -  * Detected change in 'C:\\Users\\Muiz\\AppData\\Local\\Programs\\Python\\Python313\\Lib\\site-packages\\transformers\\trainer.py', reloading
2025-10-24 12:56:36,970 - INFO -  * Detected change in 'C:\\Users\\Muiz\\AppData\\Local\\Programs\\Python\\Python313\\Lib\\site-packages\\transformers\\trainer_callback.py', reloading
2025-10-24 12:56:37,007 - INFO -  * Detected change in 'C:\\Users\\Muiz\\AppData\\Local\\Programs\\Python\\Python313\\Lib\\site-packages\\transformers\\trainer_pt_utils.py', reloading
2025-10-24 12:56:37,030 - INFO -  * Detected change in 'C:\\Users\\Muiz\\AppData\\Local\\Programs\\Python\\Python313\\Lib\\site-packages\\transformers\\trainer_seq2seq.py', reloading
2025-10-24 12:56:37,064 - INFO -  * Detected change in 'C:\\Users\\Muiz\\AppData\\Local\\Programs\\Python\\Python313\\Lib\\site-packages\\transformers\\trainer_utils.py', reloading
2025-10-24 12:56:37,444 - INFO -  * Restarting with watchdog (windowsapi)
2025-10-24 12:56:39,837 - INFO - ✅ Model and TF-IDF vectorizer loaded successfully.
2025-10-24 12:56:40,314 - WARNING -  * Debugger is active!
2025-10-24 12:56:40,321 - INFO -  * Debugger PIN: 603-667-668
2025-10-24 12:56:51,683 - INFO -  * Detected change in 'C:\\Users\\Muiz\\OneDrive\\Desktop\\Mini Project Sem 5\\Fake_News_Detection\\api.py', reloading
2025-10-24 12:56:51,685 - INFO -  * Detected change in 'C:\\Users\\Muiz\\OneDrive\\Desktop\\Mini Project Sem 5\\Fake_News_Detection\\api.py', reloading
2025-10-24 12:56:52,856 - INFO -  * Restarting with watchdog (windowsapi)
2025-10-24 12:56:54,746 - INFO - Model and TF-IDF vectorizer loaded successfully.
2025-10-24 12:56:55,145 - WARNING -  * Debugger is active!
2025-10-24 12:56:55,147 - INFO -  * Debugger PIN: 603-667-668
2025-10-24 12:56:55,893 - INFO - 127.0.0.1 - - [24/Oct/2025 12:56:55] "GET / HTTP/1.1" 200 -
2025-10-24 12:56:56,120 - INFO - 127.0.0.1 - - [24/Oct/2025 12:56:56] "GET /load_dataset HTTP/1.1" 200 -
2025-10-24 12:57:19,826 - INFO - 127.0.0.1 - - [24/Oct/2025 12:57:19] "GET / HTTP/1.1" 200 -
2025-10-24 12:57:19,850 - INFO - 127.0.0.1 - - [24/Oct/2025 12:57:19] "GET /selected_features HTTP/1.1" 200 -
2025-10-24 12:57:24,415 - INFO - 127.0.0.1 - - [24/Oct/2025 12:57:24] "GET /load_dataset HTTP/1.1" 200 -
2025-10-24 12:57:35,987 - INFO - 127.0.0.1 - - [24/Oct/2025 12:57:35] "GET /selected_features HTTP/1.1" 200 -
2025-10-24 12:57:52,483 - INFO -  * Detected change in 'C:\\Users\\Muiz\\OneDrive\\Desktop\\Mini Project Sem 5\\Fake_News_Detection\\api.py', reloading
2025-10-24 12:57:52,487 - INFO -  * Detected change in 'C:\\Users\\Muiz\\OneDrive\\Desktop\\Mini Project Sem 5\\Fake_News_Detection\\api.py', reloading
2025-10-24 12:57:52,990 - INFO -  * Restarting with watchdog (windowsapi)
2025-10-24 12:57:54,971 - INFO - Model and TF-IDF vectorizer loaded successfully.
2025-10-24 12:57:56,960 - WARNING -  * Debugger is active!
2025-10-24 12:57:56,963 - INFO -  * Debugger PIN: 603-667-668
2025-10-24 12:57:57,002 - INFO - 127.0.0.1 - - [24/Oct/2025 12:57:57] "POST /predict HTTP/1.1" 200 -
2025-10-24 12:57:57,009 - INFO - 127.0.0.1 - - [24/Oct/2025 12:57:57] "POST /predict HTTP/1.1" 200 -
2025-10-24 12:57:57,010 - INFO - 127.0.0.1 - - [24/Oct/2025 12:57:57] "POST /predict HTTP/1.1" 200 -
2025-10-24 12:57:57,015 - INFO - 127.0.0.1 - - [24/Oct/2025 12:57:57] "POST /predict HTTP/1.1" 200 -
2025-10-24 12:57:57,022 - INFO - 127.0.0.1 - - [24/Oct/2025 12:57:57] "POST /predict HTTP/1.1" 200 -
2025-10-24 12:57:57,023 - INFO - 127.0.0.1 - - [24/Oct/2025 12:57:57] "GET /selected_features HTTP/1.1" 200 -
2025-10-24 12:57:57,026 - INFO - 127.0.0.1 - - [24/Oct/2025 12:57:57] "POST /predict HTTP/1.1" 200 -
2025-10-24 12:57:57,067 - INFO - 127.0.0.1 - - [24/Oct/2025 12:57:57] "GET /selected_features HTTP/1.1" 200 -
2025-10-24 12:57:57,072 - INFO - 127.0.0.1 - - [24/Oct/2025 12:57:57] "GET /selected_features HTTP/1.1" 200 -
2025-10-24 12:57:57,077 - INFO - 127.0.0.1 - - [24/Oct/2025 12:57:57] "GET /selected_features HTTP/1.1" 200 -
2025-10-24 12:57:57,083 - INFO - 127.0.0.1 - - [24/Oct/2025 12:57:57] "GET /selected_features HTTP/1.1" 200 -
2025-10-24 12:57:57,087 - INFO - 127.0.0.1 - - [24/Oct/2025 12:57:57] "GET /selected_features HTTP/1.1" 200 -
2025-10-24 12:58:08,700 - INFO -  * Detected change in 'C:\\Users\\Muiz\\OneDrive\\Desktop\\Mini Project Sem 5\\Fake_News_Detection\\api.py', reloading
2025-10-24 12:58:10,177 - INFO -  * Restarting with watchdog (windowsapi)
2025-10-24 12:58:12,346 - INFO - Model and TF-IDF vectorizer loaded successfully.
2025-10-24 12:58:12,894 - WARNING -  * Debugger is active!
2025-10-24 12:58:12,896 - INFO -  * Debugger PIN: 603-667-668
2025-10-24 12:58:27,784 - INFO - 127.0.0.1 - - [24/Oct/2025 12:58:27] "GET / HTTP/1.1" 200 -
2025-10-24 12:58:27,811 - INFO - 127.0.0.1 - - [24/Oct/2025 12:58:27] "GET /selected_features HTTP/1.1" 200 -
2025-10-24 12:58:28,369 - INFO - 127.0.0.1 - - [24/Oct/2025 12:58:28] "GET /load_dataset HTTP/1.1" 200 -
2025-10-24 12:58:28,380 - INFO - 127.0.0.1 - - [24/Oct/2025 12:58:28] "GET /selected_features HTTP/1.1" 200 -
2025-10-24 15:11:59,863 - INFO - 127.0.0.1 - - [24/Oct/2025 15:11:59] "GET / HTTP/1.1" 200 -
2025-10-24 15:12:02,009 - INFO - 127.0.0.1 - - [24/Oct/2025 15:12:02] "GET /load_dataset HTTP/1.1" 200 -
2025-10-24 15:12:09,650 - INFO - 127.0.0.1 - - [24/Oct/2025 15:12:09] "GET /model_accuracy HTTP/1.1" 200 -
2025-10-24 15:12:21,165 - INFO - 127.0.0.1 - - [24/Oct/2025 15:12:21] "POST /predict HTTP/1.1" 200 -
2025-10-24 15:12:21,173 - INFO - 127.0.0.1 - - [24/Oct/2025 15:12:21] "GET /selected_features HTTP/1.1" 200 -
2025-10-24 15:13:23,258 - INFO - 127.0.0.1 - - [24/Oct/2025 15:13:23] "GET / HTTP/1.1" 200 -
2025-10-24 15:13:29,100 - INFO - 127.0.0.1 - - [24/Oct/2025 15:13:29] "GET /load_dataset HTTP/1.1" 200 -
2025-10-24 15:13:36,060 - INFO - 127.0.0.1 - - [24/Oct/2025 15:13:36] "POST /predict HTTP/1.1" 200 -
2025-10-24 15:13:36,072 - INFO - 127.0.0.1 - - [24/Oct/2025 15:13:36] "GET /selected_features HTTP/1.1" 200 -
2025-10-24 15:13:36,132 - INFO - 127.0.0.1 - - [24/Oct/2025 15:13:36] "GET /model_accuracy HTTP/1.1" 200 -
2025-10-24 15:14:22,757 - INFO - 127.0.0.1 - - [24/Oct/2025 15:14:22] "GET / HTTP/1.1" 200 -
2025-10-24 15:14:24,698 - INFO - 127.0.0.1 - - [24/Oct/2025 15:14:24] "GET / HTTP/1.1" 200 -
2025-10-24 15:14:49,736 - INFO - 127.0.0.1 - - [24/Oct/2025 15:14:49] "GET / HTTP/1.1" 200 -
2025-10-24 15:14:56,767 - INFO - 127.0.0.1 - - [24/Oct/2025 15:14:56] "GET /load_dataset HTTP/1.1" 200 -
2025-10-24 15:15:03,832 - INFO - 127.0.0.1 - - [24/Oct/2025 15:15:03] "POST /predict HTTP/1.1" 200 -
2025-10-24 15:15:03,842 - INFO - 127.0.0.1 - - [24/Oct/2025 15:15:03] "GET /selected_features HTTP/1.1" 200 -
2025-10-24 15:15:03,974 - INFO - 127.0.0.1 - - [24/Oct/2025 15:15:03] "GET /model_accuracy HTTP/1.1" 200 -
2025-10-24 15:17:26,234 - INFO - 127.0.0.1 - - [24/Oct/2025 15:17:26] "GET / HTTP/1.1" 200 -
2025-10-26 18:33:36,393 - INFO - Model and TF-IDF vectorizer loaded successfully.
2025-10-26 18:33:36,948 - INFO - [31m[1mWARNING: This is a development server. Do not use it in a production deployment. Use a production WSGI server instead.[0m
 * Running on http://127.0.0.1:5000
2025-10-26 18:33:36,949 - INFO - [33mPress CTRL+C to quit[0m
2025-10-26 18:33:36,958 - INFO -  * Restarting with watchdog (windowsapi)
2025-10-26 18:33:38,788 - INFO - Model and TF-IDF vectorizer loaded successfully.
2025-10-26 18:33:39,134 - WARNING -  * Debugger is active!
2025-10-26 18:33:39,136 - INFO -  * Debugger PIN: 603-667-668
2025-10-26 18:33:41,842 - INFO - 127.0.0.1 - - [26/Oct/2025 18:33:41] "GET / HTTP/1.1" 200 -
2025-10-26 18:33:47,579 - INFO - 127.0.0.1 - - [26/Oct/2025 18:33:47] "GET /load_dataset HTTP/1.1" 200 -
2025-10-26 18:34:06,585 - INFO - 127.0.0.1 - - [26/Oct/2025 18:34:06] "GET /model_accuracy HTTP/1.1" 200 -
2025-10-26 18:34:13,371 - INFO - 127.0.0.1 - - [26/Oct/2025 18:34:13] "POST /predict HTTP/1.1" 200 -
2025-10-26 18:34:13,382 - INFO - 127.0.0.1 - - [26/Oct/2025 18:34:13] "GET /selected_features HTTP/1.1" 200 -
2025-10-26 18:34:26,981 - INFO - 127.0.0.1 - - [26/Oct/2025 18:34:26] "GET / HTTP/1.1" 200 -
2025-10-26 18:34:44,430 - INFO - 127.0.0.1 - - [26/Oct/2025 18:34:44] "GET /load_dataset HTTP/1.1" 200 -
2025-10-26 18:35:04,017 - INFO - 127.0.0.1 - - [26/Oct/2025 18:35:04] "GET /model_accuracy HTTP/1.1" 200 -
2025-10-26 18:35:23,668 - INFO - 127.0.0.1 - - [26/Oct/2025 18:35:23] "GET / HTTP/1.1" 200 -
2025-10-26 18:35:40,931 - INFO - 127.0.0.1 - - [26/Oct/2025 18:35:40] "GET /load_dataset HTTP/1.1" 200 -
2025-10-26 18:35:47,878 - INFO - 127.0.0.1 - - [26/Oct/2025 18:35:47] "POST /predict HTTP/1.1" 200 -
2025-10-26 18:35:47,897 - INFO - 127.0.0.1 - - [26/Oct/2025 18:35:47] "GET /selected_features HTTP/1.1" 200 -
2025-10-26 18:36:01,388 - INFO - 127.0.0.1 - - [26/Oct/2025 18:36:01] "GET /model_accuracy HTTP/1.1" 200 -
2025-10-26 18:36:55,021 - INFO - 127.0.0.1 - - [26/Oct/2025 18:36:55] "GET / HTTP/1.1" 200 -
2025-10-26 18:37:35,020 - INFO - 127.0.0.1 - - [26/Oct/2025 18:37:35] "GET /load_dataset HTTP/1.1" 200 -
2025-10-26 18:37:54,337 - INFO - 127.0.0.1 - - [26/Oct/2025 18:37:54] "GET /model_accuracy HTTP/1.1" 200 -
2025-10-26 18:38:03,284 - INFO - 127.0.0.1 - - [26/Oct/2025 18:38:03] "GET / HTTP/1.1" 200 -
2025-10-26 18:38:23,048 - INFO - 127.0.0.1 - - [26/Oct/2025 18:38:23] "GET /load_dataset HTTP/1.1" 200 -
2025-10-26 18:38:31,859 - INFO - 127.0.0.1 - - [26/Oct/2025 18:38:31] "POST /predict HTTP/1.1" 200 -
2025-10-26 18:38:31,889 - INFO - 127.0.0.1 - - [26/Oct/2025 18:38:31] "GET /selected_features HTTP/1.1" 200 -
2025-10-26 18:38:44,725 - INFO - 127.0.0.1 - - [26/Oct/2025 18:38:44] "GET /model_accuracy HTTP/1.1" 200 -
2025-10-26 18:38:53,122 - INFO - 127.0.0.1 - - [26/Oct/2025 18:38:53] "GET / HTTP/1.1" 200 -
2025-10-26 18:39:23,320 - INFO - 127.0.0.1 - - [26/Oct/2025 18:39:23] "GET /load_dataset HTTP/1.1" 200 -
2025-10-26 18:39:42,579 - INFO - 127.0.0.1 - - [26/Oct/2025 18:39:42] "GET /model_accuracy HTTP/1.1" 200 -
2025-10-26 18:39:52,875 - INFO - 127.0.0.1 - - [26/Oct/2025 18:39:52] "POST /predict HTTP/1.1" 200 -
2025-10-26 18:39:52,913 - INFO - 127.0.0.1 - - [26/Oct/2025 18:39:52] "GET /selected_features HTTP/1.1" 200 -
2025-10-27 10:18:01,686 - INFO - Model and TF-IDF vectorizer loaded successfully.
2025-10-27 10:18:02,107 - INFO - [31m[1mWARNING: This is a development server. Do not use it in a production deployment. Use a production WSGI server instead.[0m
 * Running on http://127.0.0.1:5000
2025-10-27 10:18:02,108 - INFO - [33mPress CTRL+C to quit[0m
2025-10-27 10:18:02,121 - INFO -  * Restarting with watchdog (windowsapi)
2025-10-27 10:18:03,779 - INFO - Model and TF-IDF vectorizer loaded successfully.
2025-10-27 10:18:04,253 - WARNING -  * Debugger is active!
2025-10-27 10:18:04,256 - INFO -  * Debugger PIN: 603-667-668
2025-10-27 10:18:05,939 - INFO - 127.0.0.1 - - [27/Oct/2025 10:18:05] "GET / HTTP/1.1" 200 -
2025-10-27 10:18:06,310 - INFO - 127.0.0.1 - - [27/Oct/2025 10:18:06] "[33mGET /favicon.ico HTTP/1.1[0m" 404 -
2025-10-27 10:18:12,036 - INFO - 127.0.0.1 - - [27/Oct/2025 10:18:12] "GET /load_dataset HTTP/1.1" 200 -
2025-10-27 10:18:32,594 - INFO - 127.0.0.1 - - [27/Oct/2025 10:18:32] "GET /model_accuracy HTTP/1.1" 200 -
2025-10-27 10:18:38,777 - INFO - 127.0.0.1 - - [27/Oct/2025 10:18:38] "POST /predict HTTP/1.1" 200 -
2025-10-27 10:18:38,789 - INFO - 127.0.0.1 - - [27/Oct/2025 10:18:38] "GET /selected_features HTTP/1.1" 200 -
2025-10-27 10:19:57,910 - INFO -  * Detected change in 'C:\\Users\\Muiz\\AppData\\Local\\Programs\\Python\\Python313\\Lib\\site-packages\\flask\\__init__.py', reloading
2025-10-27 10:19:57,915 - INFO -  * Detected change in 'C:\\Users\\Muiz\\AppData\\Local\\Programs\\Python\\Python313\\Lib\\site-packages\\flask\\app.py', reloading
2025-10-27 10:19:57,943 - INFO -  * Detected change in 'C:\\Users\\Muiz\\AppData\\Local\\Programs\\Python\\Python313\\Lib\\site-packages\\flask\\sansio\\app.py', reloading
2025-10-27 10:19:57,951 - INFO -  * Detected change in 'C:\\Users\\Muiz\\AppData\\Local\\Programs\\Python\\Python313\\Lib\\site-packages\\flask\\sansio\\scaffold.py', reloading
2025-10-27 10:19:59,310 - INFO -  * Restarting with watchdog (windowsapi)
2025-10-27 10:20:01,650 - INFO - Model and TF-IDF vectorizer loaded successfully.
2025-10-27 10:20:29,486 - WARNING -  * Debugger is active!
2025-10-27 10:20:29,491 - INFO -  * Debugger PIN: 603-667-668
2025-10-27 10:21:03,473 - INFO - 127.0.0.1 - - [27/Oct/2025 10:21:03] "GET / HTTP/1.1" 200 -
2025-10-27 10:21:12,733 - INFO - 127.0.0.1 - - [27/Oct/2025 10:21:12] "GET / HTTP/1.1" 200 -
2025-10-27 10:22:44,171 - INFO - 127.0.0.1 - - [27/Oct/2025 10:22:44] "[33mGET /metrics HTTP/1.1[0m" 404 -
2025-10-27 10:23:23,076 - INFO - 127.0.0.1 - - [27/Oct/2025 10:23:23] "GET / HTTP/1.1" 200 -
2025-10-27 10:24:42,809 - INFO - Model and TF-IDF vectorizer loaded successfully.
2025-10-27 10:24:45,517 - INFO - [31m[1mWARNING: This is a development server. Do not use it in a production deployment. Use a production WSGI server instead.[0m
 * Running on http://127.0.0.1:5000
2025-10-27 10:24:45,517 - INFO - [33mPress CTRL+C to quit[0m
2025-10-27 10:24:45,528 - INFO -  * Restarting with watchdog (windowsapi)
2025-10-27 10:24:47,603 - INFO - Model and TF-IDF vectorizer loaded successfully.
2025-10-27 10:25:02,290 - WARNING -  * Debugger is active!
2025-10-27 10:25:02,295 - INFO -  * Debugger PIN: 603-667-668
2025-10-27 10:25:02,431 - INFO - 127.0.0.1 - - [27/Oct/2025 10:25:02] "GET / HTTP/1.1" 200 -
2025-10-27 10:25:05,771 - INFO - 127.0.0.1 - - [27/Oct/2025 10:25:05] "GET /load_dataset HTTP/1.1" 200 -
2025-10-27 10:25:09,725 - INFO - 127.0.0.1 - - [27/Oct/2025 10:25:09] "GET / HTTP/1.1" 200 -
2025-10-27 10:25:25,324 - INFO - 127.0.0.1 - - [27/Oct/2025 10:25:25] "GET /model_accuracy HTTP/1.1" 200 -
2025-10-27 10:45:08,347 - INFO - 127.0.0.1 - - [27/Oct/2025 10:45:08] "GET /load_dataset HTTP/1.1" 200 -
2025-10-27 10:45:15,692 - INFO - 127.0.0.1 - - [27/Oct/2025 10:45:15] "GET /model_accuracy HTTP/1.1" 200 -
2025-10-27 10:45:20,346 - INFO - 127.0.0.1 - - [27/Oct/2025 10:45:20] "POST /predict HTTP/1.1" 200 -
2025-10-27 10:45:20,351 - INFO - 127.0.0.1 - - [27/Oct/2025 10:45:20] "GET /selected_features HTTP/1.1" 200 -
2025-10-27 11:53:08,349 - INFO - 127.0.0.1 - - [27/Oct/2025 11:53:08] "GET / HTTP/1.1" 200 -
2025-10-27 11:53:08,520 - INFO - 127.0.0.1 - - [27/Oct/2025 11:53:08] "[33mGET /favicon.ico HTTP/1.1[0m" 404 -
2025-11-01 10:22:40,107 - INFO - Model and TF-IDF vectorizer loaded successfully.
2025-11-01 10:22:40,460 - INFO - [31m[1mWARNING: This is a development server. Do not use it in a production deployment. Use a production WSGI server instead.[0m
 * Running on http://127.0.0.1:5000
2025-11-01 10:22:40,460 - INFO - [33mPress CTRL+C to quit[0m
2025-11-01 10:22:40,469 - INFO -  * Restarting with watchdog (windowsapi)
2025-11-01 10:22:42,177 - INFO - Model and TF-IDF vectorizer loaded successfully.
2025-11-01 10:22:42,323 - WARNING -  * Debugger is active!
2025-11-01 10:22:42,325 - INFO -  * Debugger PIN: 969-237-595
2025-11-01 10:22:47,433 - INFO - 127.0.0.1 - - [01/Nov/2025 10:22:47] "GET / HTTP/1.1" 200 -
2025-11-01 10:22:48,011 - INFO - 127.0.0.1 - - [01/Nov/2025 10:22:48] "[33mGET /favicon.ico HTTP/1.1[0m" 404 -
2025-11-01 10:23:32,950 - INFO - 127.0.0.1 - - [01/Nov/2025 10:23:32] "GET /load_dataset HTTP/1.1" 200 -
2025-11-01 10:23:52,695 - INFO - 127.0.0.1 - - [01/Nov/2025 10:23:52] "GET /model_accuracy HTTP/1.1" 200 -
2025-11-01 10:25:07,602 - INFO - 127.0.0.1 - - [01/Nov/2025 10:25:07] "POST /predict HTTP/1.1" 200 -
2025-11-01 10:25:07,617 - INFO - 127.0.0.1 - - [01/Nov/2025 10:25:07] "GET /selected_features HTTP/1.1" 200 -
2025-11-01 10:29:22,901 - INFO - 127.0.0.1 - - [01/Nov/2025 10:29:22] "POST /predict HTTP/1.1" 200 -
2025-11-01 10:29:22,913 - INFO - 127.0.0.1 - - [01/Nov/2025 10:29:22] "GET /selected_features HTTP/1.1" 200 -
2025-11-01 10:31:24,904 - INFO - 127.0.0.1 - - [01/Nov/2025 10:31:24] "POST /predict HTTP/1.1" 200 -
2025-11-01 10:31:24,914 - INFO - 127.0.0.1 - - [01/Nov/2025 10:31:24] "GET /selected_features HTTP/1.1" 200 -
2025-11-01 10:43:46,608 - INFO - 127.0.0.1 - - [01/Nov/2025 10:43:46] "GET / HTTP/1.1" 200 -
2025-11-01 10:43:49,498 - INFO - 127.0.0.1 - - [01/Nov/2025 10:43:49] "GET /load_dataset HTTP/1.1" 200 -
2025-11-01 10:44:07,581 - INFO - 127.0.0.1 - - [01/Nov/2025 10:44:07] "GET /model_accuracy HTTP/1.1" 200 -
2025-11-06 09:35:30,329 - INFO - Model and TF-IDF vectorizer loaded successfully.
2025-11-06 09:35:31,283 - INFO - [31m[1mWARNING: This is a development server. Do not use it in a production deployment. Use a production WSGI server instead.[0m
 * Running on http://127.0.0.1:5000
2025-11-06 09:35:31,283 - INFO - [33mPress CTRL+C to quit[0m
2025-11-06 09:35:31,295 - INFO -  * Restarting with watchdog (windowsapi)
2025-11-06 09:35:33,158 - INFO - Model and TF-IDF vectorizer loaded successfully.
2025-11-06 09:35:33,598 - WARNING -  * Debugger is active!
2025-11-06 09:35:33,600 - INFO -  * Debugger PIN: 603-667-668
2025-11-06 09:35:40,042 - INFO - 127.0.0.1 - - [06/Nov/2025 09:35:40] "GET / HTTP/1.1" 200 -
2025-11-06 09:35:40,523 - INFO - 127.0.0.1 - - [06/Nov/2025 09:35:40] "[33mGET /favicon.ico HTTP/1.1[0m" 404 -
2025-11-06 09:35:49,188 - INFO - 127.0.0.1 - - [06/Nov/2025 09:35:49] "GET /load_dataset HTTP/1.1" 200 -
2025-11-06 09:36:20,682 - INFO - 127.0.0.1 - - [06/Nov/2025 09:36:20] "POST /predict HTTP/1.1" 200 -
2025-11-06 09:36:20,920 - INFO - 127.0.0.1 - - [06/Nov/2025 09:36:20] "GET /selected_features HTTP/1.1" 200 -
2025-11-06 09:36:23,010 - INFO - 127.0.0.1 - - [06/Nov/2025 09:36:23] "GET /model_accuracy HTTP/1.1" 200 -
2025-11-06 10:29:51,630 - INFO - 127.0.0.1 - - [06/Nov/2025 10:29:51] "GET / HTTP/1.1" 200 -
2025-11-06 10:29:54,285 - INFO - 127.0.0.1 - - [06/Nov/2025 10:29:54] "GET /load_dataset HTTP/1.1" 200 -
2025-11-06 10:30:05,946 - INFO - 127.0.0.1 - - [06/Nov/2025 10:30:05] "GET /model_accuracy HTTP/1.1" 200 -
2025-11-06 10:30:11,269 - INFO - 127.0.0.1 - - [06/Nov/2025 10:30:11] "POST /predict HTTP/1.1" 200 -
2025-11-06 10:30:11,275 - INFO - 127.0.0.1 - - [06/Nov/2025 10:30:11] "GET /selected_features HTTP/1.1" 200 -
2025-11-06 12:04:56,014 - INFO - 127.0.0.1 - - [06/Nov/2025 12:04:56] "GET / HTTP/1.1" 200 -
2025-11-06 12:04:56,152 - INFO - 127.0.0.1 - - [06/Nov/2025 12:04:56] "[33mGET /favicon.ico HTTP/1.1[0m" 404 -
2025-11-06 12:04:59,182 - INFO - 127.0.0.1 - - [06/Nov/2025 12:04:59] "GET /load_dataset HTTP/1.1" 200 -
2025-11-06 12:05:03,602 - INFO - 127.0.0.1 - - [06/Nov/2025 12:05:03] "GET / HTTP/1.1" 200 -
2025-11-06 12:05:11,008 - INFO - 127.0.0.1 - - [06/Nov/2025 12:05:11] "GET /model_accuracy HTTP/1.1" 200 -
2025-11-06 12:37:35,351 - INFO -  * Detected change in 'C:\\Users\\Muiz\\AppData\\Local\\Programs\\Python\\Python313\\Lib\\site-packages\\flask\\__init__.py', reloading
2025-11-06 12:37:35,354 - INFO -  * Detected change in 'C:\\Users\\Muiz\\AppData\\Local\\Programs\\Python\\Python313\\Lib\\site-packages\\flask\\app.py', reloading
2025-11-06 12:37:35,382 - INFO -  * Detected change in 'C:\\Users\\Muiz\\AppData\\Local\\Programs\\Python\\Python313\\Lib\\site-packages\\flask\\sansio\\app.py', reloading
2025-11-06 12:37:35,398 - INFO -  * Detected change in 'C:\\Users\\Muiz\\AppData\\Local\\Programs\\Python\\Python313\\Lib\\site-packages\\flask\\sansio\\scaffold.py', reloading
2025-11-06 12:37:35,468 - INFO -  * Detected change in 'C:\\Users\\Muiz\\AppData\\Local\\Programs\\Python\\Python313\\Lib\\site-packages\\flask\\typing.py', reloading
2025-11-06 12:37:35,471 - INFO -  * Detected change in 'C:\\Users\\Muiz\\AppData\\Local\\Programs\\Python\\Python313\\Lib\\site-packages\\werkzeug\\sansio\\response.py', reloading
2025-11-06 12:37:35,482 - INFO -  * Detected change in 'C:\\Users\\Muiz\\AppData\\Local\\Programs\\Python\\Python313\\Lib\\site-packages\\werkzeug\\datastructures\\__init__.py', reloading
2025-11-06 12:37:35,484 - INFO -  * Detected change in 'C:\\Users\\Muiz\\AppData\\Local\\Programs\\Python\\Python313\\Lib\\site-packages\\werkzeug\\datastructures\\headers.py', reloading
2025-11-06 12:37:35,501 - INFO -  * Detected change in 'C:\\Users\\Muiz\\AppData\\Local\\Programs\\Python\\Python313\\Lib\\site-packages\\flask\\json\\__init__.py', reloading
2025-11-06 12:37:35,504 - INFO -  * Detected change in 'C:\\Users\\Muiz\\AppData\\Local\\Programs\\Python\\Python313\\Lib\\site-packages\\flask\\wrappers.py', reloading
2025-11-06 12:37:35,507 - INFO -  * Detected change in 'C:\\Users\\Muiz\\AppData\\Local\\Programs\\Python\\Python313\\Lib\\site-packages\\werkzeug\\wrappers\\__init__.py', reloading
2025-11-06 12:37:35,508 - INFO -  * Detected change in 'C:\\Users\\Muiz\\AppData\\Local\\Programs\\Python\\Python313\\Lib\\site-packages\\werkzeug\\wrappers\\response.py', reloading
2025-11-06 12:37:36,301 - INFO -  * Restarting with watchdog (windowsapi)
2025-11-06 12:37:38,481 - INFO - Model and TF-IDF vectorizer loaded successfully.
2025-11-06 12:37:40,280 - WARNING -  * Debugger is active!
2025-11-06 12:37:40,283 - INFO -  * Debugger PIN: 603-667-668
2025-11-06 12:37:46,912 - INFO -  * Detected change in 'C:\\Users\\Muiz\\AppData\\Local\\Programs\\Python\\Python313\\Lib\\site-packages\\nltk\\corpus\\__init__.py', reloading
2025-11-06 12:37:46,946 - INFO -  * Detected change in 'C:\\Users\\Muiz\\AppData\\Local\\Programs\\Python\\Python313\\Lib\\site-packages\\nltk\\corpus\\reader\\__init__.py', reloading
2025-11-06 12:37:46,947 - INFO -  * Detected change in 'C:\\Users\\Muiz\\AppData\\Local\\Programs\\Python\\Python313\\Lib\\site-packages\\nltk\\corpus\\reader\\plaintext.py', reloading
2025-11-06 12:37:46,948 - INFO -  * Detected change in 'C:\\Users\\Muiz\\AppData\\Local\\Programs\\Python\\Python313\\Lib\\site-packages\\nltk\\corpus\\reader\\api.py', reloading
2025-11-06 12:37:46,966 - INFO -  * Detected change in 'C:\\Users\\Muiz\\AppData\\Local\\Programs\\Python\\Python313\\Lib\\site-packages\\nltk\\corpus\\reader\\util.py', reloading
2025-11-06 12:37:46,967 - INFO -  * Detected change in 'C:\\Users\\Muiz\\AppData\\Local\\Programs\\Python\\Python313\\Lib\\site-packages\\nltk\\tokenize\\__init__.py', reloading
2025-11-06 12:37:46,967 - INFO -  * Detected change in 'C:\\Users\\Muiz\\AppData\\Local\\Programs\\Python\\Python313\\Lib\\site-packages\\nltk\\corpus\\reader\\tagged.py', reloading
2025-11-06 12:37:46,968 - INFO -  * Detected change in 'C:\\Users\\Muiz\\AppData\\Local\\Programs\\Python\\Python313\\Lib\\site-packages\\nltk\\corpus\\reader\\cmudict.py', reloading
2025-11-06 12:37:46,968 - INFO -  * Detected change in 'C:\\Users\\Muiz\\AppData\\Local\\Programs\\Python\\Python313\\Lib\\site-packages\\nltk\\corpus\\reader\\conll.py', reloading
2025-11-06 12:37:46,969 - INFO -  * Detected change in 'C:\\Users\\Muiz\\AppData\\Local\\Programs\\Python\\Python313\\Lib\\site-packages\\nltk\\corpus\\reader\\chunked.py', reloading
2025-11-06 12:37:46,971 - INFO -  * Detected change in 'C:\\Users\\Muiz\\AppData\\Local\\Programs\\Python\\Python313\\Lib\\site-packages\\nltk\\corpus\\reader\\wordlist.py', reloading
2025-11-06 12:37:46,972 - INFO -  * Detected change in 'C:\\Users\\Muiz\\AppData\\Local\\Programs\\Python\\Python313\\Lib\\site-packages\\nltk\\corpus\\reader\\xmldocs.py', reloading
2025-11-06 12:37:46,973 - INFO -  * Detected change in 'C:\\Users\\Muiz\\AppData\\Local\\Programs\\Python\\Python313\\Lib\\site-packages\\nltk\\corpus\\reader\\ppattach.py', reloading
2025-11-06 12:37:46,973 - INFO -  * Detected change in 'C:\\Users\\Muiz\\AppData\\Local\\Programs\\Python\\Python313\\Lib\\site-packages\\nltk\\corpus\\reader\\senseval.py', reloading
2025-11-06 12:37:46,973 - INFO -  * Detected change in 'C:\\Users\\Muiz\\AppData\\Local\\Programs\\Python\\Python313\\Lib\\site-packages\\nltk\\corpus\\reader\\ieer.py', reloading
2025-11-06 12:37:46,974 - INFO -  * Detected change in 'C:\\Users\\Muiz\\AppData\\Local\\Programs\\Python\\Python313\\Lib\\site-packages\\nltk\\corpus\\reader\\sinica_treebank.py', reloading
2025-11-06 12:37:46,974 - INFO -  * Detected change in 'C:\\Users\\Muiz\\AppData\\Local\\Programs\\Python\\Python313\\Lib\\site-packages\\nltk\\corpus\\reader\\bracket_parse.py', reloading
2025-11-06 12:37:46,977 - INFO -  * Detected change in 'C:\\Users\\Muiz\\AppData\\Local\\Programs\\Python\\Python313\\Lib\\site-packages\\nltk\\corpus\\reader\\indian.py', reloading
2025-11-06 12:37:46,979 - INFO -  * Detected change in 'C:\\Users\\Muiz\\AppData\\Local\\Programs\\Python\\Python313\\Lib\\site-packages\\nltk\\corpus\\reader\\toolbox.py', reloading
2025-11-06 12:37:46,980 - INFO -  * Detected change in 'C:\\Users\\Muiz\\AppData\\Local\\Programs\\Python\\Python313\\Lib\\site-packages\\nltk\\corpus\\reader\\timit.py', reloading
2025-11-06 12:37:46,994 - INFO -  * Detected change in 'C:\\Users\\Muiz\\AppData\\Local\\Programs\\Python\\Python313\\Lib\\site-packages\\nltk\\corpus\\reader\\ycoe.py', reloading
2025-11-06 12:37:46,998 - INFO -  * Detected change in 'C:\\Users\\Muiz\\AppData\\Local\\Programs\\Python\\Python313\\Lib\\site-packages\\nltk\\corpus\\reader\\rte.py', reloading
2025-11-06 12:37:46,999 - INFO -  * Detected change in 'C:\\Users\\Muiz\\AppData\\Local\\Programs\\Python\\Python313\\Lib\\site-packages\\nltk\\corpus\\reader\\string_category.py', reloading
2025-11-06 12:37:47,000 - INFO -  * Detected change in 'C:\\Users\\Muiz\\AppData\\Local\\Programs\\Python\\Python313\\Lib\\site-packages\\nltk\\corpus\\reader\\propbank.py', reloading
2025-11-06 12:37:47,004 - INFO -  * Detected change in 'C:\\Users\\Muiz\\AppData\\Local\\Programs\\Python\\Python313\\Lib\\site-packages\\nltk\\corpus\\reader\\verbnet.py', reloading
2025-11-06 12:37:47,008 - INFO -  * Detected change in 'C:\\Users\\Muiz\\AppData\\Local\\Programs\\Python\\Python313\\Lib\\site-packages\\nltk\\corpus\\reader\\bnc.py', reloading
2025-11-06 12:37:47,010 - INFO -  * Detected change in 'C:\\Users\\Muiz\\AppData\\Local\\Programs\\Python\\Python313\\Lib\\site-packages\\nltk\\corpus\\reader\\nps_chat.py', reloading
2025-11-06 12:37:47,011 - INFO -  * Detected change in 'C:\\Users\\Muiz\\AppData\\Local\\Programs\\Python\\Python313\\Lib\\site-packages\\nltk\\corpus\\reader\\wordnet.py', reloading
2025-11-06 12:37:47,032 - INFO -  * Detected change in 'C:\\Users\\Muiz\\AppData\\Local\\Programs\\Python\\Python313\\Lib\\site-packages\\nltk\\corpus\\reader\\switchboard.py', reloading
2025-11-06 12:37:47,035 - INFO -  * Detected change in 'C:\\Users\\Muiz\\AppData\\Local\\Programs\\Python\\Python313\\Lib\\site-packages\\nltk\\corpus\\reader\\dependency.py', reloading
2025-11-06 12:37:47,037 - INFO -  * Detected change in 'C:\\Users\\Muiz\\AppData\\Local\\Programs\\Python\\Python313\\Lib\\site-packages\\nltk\\corpus\\reader\\nombank.py', reloading
2025-11-06 12:37:47,040 - INFO -  * Detected change in 'C:\\Users\\Muiz\\AppData\\Local\\Programs\\Python\\Python313\\Lib\\site-packages\\nltk\\corpus\\reader\\ipipan.py', reloading
2025-11-06 12:37:47,045 - INFO -  * Detected change in 'C:\\Users\\Muiz\\AppData\\Local\\Programs\\Python\\Python313\\Lib\\site-packages\\nltk\\corpus\\reader\\pl196x.py', reloading
2025-11-06 12:37:47,054 - INFO -  * Detected change in 'C:\\Users\\Muiz\\AppData\\Local\\Programs\\Python\\Python313\\Lib\\site-packages\\nltk\\corpus\\reader\\knbc.py', reloading
2025-11-06 12:37:47,057 - INFO -  * Detected change in 'C:\\Users\\Muiz\\AppData\\Local\\Programs\\Python\\Python313\\Lib\\site-packages\\nltk\\corpus\\reader\\chasen.py', reloading
2025-11-06 12:37:47,059 - INFO -  * Detected change in 'C:\\Users\\Muiz\\AppData\\Local\\Programs\\Python\\Python313\\Lib\\site-packages\\nltk\\corpus\\reader\\childes.py', reloading
2025-11-06 12:37:47,064 - INFO -  * Detected change in 'C:\\Users\\Muiz\\AppData\\Local\\Programs\\Python\\Python313\\Lib\\site-packages\\nltk\\corpus\\reader\\aligned.py', reloading
2025-11-06 12:37:47,065 - INFO -  * Detected change in 'C:\\Users\\Muiz\\AppData\\Local\\Programs\\Python\\Python313\\Lib\\site-packages\\nltk\\corpus\\reader\\lin.py', reloading
2025-11-06 12:37:47,067 - INFO -  * Detected change in 'C:\\Users\\Muiz\\AppData\\Local\\Programs\\Python\\Python313\\Lib\\site-packages\\nltk\\corpus\\reader\\semcor.py', reloading
2025-11-06 12:37:47,071 - INFO -  * Detected change in 'C:\\Users\\Muiz\\AppData\\Local\\Programs\\Python\\Python313\\Lib\\site-packages\\nltk\\corpus\\reader\\framenet.py', reloading
2025-11-06 12:37:47,093 - INFO -  * Detected change in 'C:\\Users\\Muiz\\AppData\\Local\\Programs\\Python\\Python313\\Lib\\site-packages\\nltk\\corpus\\reader\\udhr.py', reloading
2025-11-06 12:37:47,094 - INFO -  * Detected change in 'C:\\Users\\Muiz\\AppData\\Local\\Programs\\Python\\Python313\\Lib\\site-packages\\nltk\\corpus\\reader\\sentiwordnet.py', reloading
2025-11-06 12:37:47,096 - INFO -  * Detected change in 'C:\\Users\\Muiz\\AppData\\Local\\Programs\\Python\\Python313\\Lib\\site-packages\\nltk\\corpus\\reader\\twitter.py', reloading
2025-11-06 12:37:47,097 - INFO -  * Detected change in 'C:\\Users\\Muiz\\AppData\\Local\\Programs\\Python\\Python313\\Lib\\site-packages\\nltk\\corpus\\reader\\nkjp.py', reloading
2025-11-06 12:37:47,101 - INFO -  * Detected change in 'C:\\Users\\Muiz\\AppData\\Local\\Programs\\Python\\Python313\\Lib\\site-packages\\nltk\\corpus\\reader\\crubadan.py', reloading
2025-11-06 12:37:47,102 - INFO -  * Detected change in 'C:\\Users\\Muiz\\AppData\\Local\\Programs\\Python\\Python313\\Lib\\site-packages\\nltk\\corpus\\reader\\mte.py', reloading
2025-11-06 12:37:47,109 - INFO -  * Detected change in 'C:\\Users\\Muiz\\AppData\\Local\\Programs\\Python\\Python313\\Lib\\site-packages\\nltk\\corpus\\reader\\reviews.py', reloading
2025-11-06 12:37:47,111 - INFO -  * Detected change in 'C:\\Users\\Muiz\\AppData\\Local\\Programs\\Python\\Python313\\Lib\\site-packages\\nltk\\corpus\\reader\\opinion_lexicon.py', reloading
2025-11-06 12:37:47,113 - INFO -  * Detected change in 'C:\\Users\\Muiz\\AppData\\Local\\Programs\\Python\\Python313\\Lib\\site-packages\\nltk\\corpus\\reader\\pros_cons.py', reloading
2025-11-06 12:37:47,114 - INFO -  * Detected change in 'C:\\Users\\Muiz\\AppData\\Local\\Programs\\Python\\Python313\\Lib\\site-packages\\nltk\\corpus\\reader\\categorized_sents.py', reloading
2025-11-06 12:37:47,115 - INFO -  * Detected change in 'C:\\Users\\Muiz\\AppData\\Local\\Programs\\Python\\Python313\\Lib\\site-packages\\nltk\\corpus\\reader\\comparative_sents.py', reloading
2025-11-06 12:37:47,118 - INFO -  * Detected change in 'C:\\Users\\Muiz\\AppData\\Local\\Programs\\Python\\Python313\\Lib\\site-packages\\nltk\\corpus\\reader\\panlex_lite.py', reloading
2025-11-06 12:37:47,120 - INFO -  * Detected change in 'C:\\Users\\Muiz\\AppData\\Local\\Programs\\Python\\Python313\\Lib\\site-packages\\nltk\\corpus\\reader\\panlex_swadesh.py', reloading
2025-11-06 12:37:47,122 - INFO -  * Detected change in 'C:\\Users\\Muiz\\AppData\\Local\\Programs\\Python\\Python313\\Lib\\site-packages\\nltk\\corpus\\reader\\bcp47.py', reloading
2025-11-06 12:37:47,576 - INFO -  * Restarting with watchdog (windowsapi)
2025-11-06 12:37:49,619 - INFO - Model and TF-IDF vectorizer loaded successfully.
2025-11-06 12:37:50,559 - WARNING -  * Debugger is active!
2025-11-06 12:37:50,561 - INFO -  * Debugger PIN: 603-667-668
2025-11-06 12:39:42,287 - INFO - 127.0.0.1 - - [06/Nov/2025 12:39:42] "GET /load_dataset HTTP/1.1" 200 -
2025-11-06 12:40:01,887 - INFO - 127.0.0.1 - - [06/Nov/2025 12:40:01] "GET /model_accuracy HTTP/1.1" 200 -
2025-11-06 12:40:13,651 - INFO - 127.0.0.1 - - [06/Nov/2025 12:40:13] "POST /predict HTTP/1.1" 200 -
2025-11-06 12:40:13,665 - INFO - 127.0.0.1 - - [06/Nov/2025 12:40:13] "GET /selected_features HTTP/1.1" 200 -
2025-11-07 11:27:08,073 - INFO - Model and TF-IDF vectorizer loaded successfully.
2025-11-07 11:27:08,705 - INFO - [31m[1mWARNING: This is a development server. Do not use it in a production deployment. Use a production WSGI server instead.[0m
 * Running on http://127.0.0.1:5000
2025-11-07 11:27:08,706 - INFO - [33mPress CTRL+C to quit[0m
2025-11-07 11:27:08,719 - INFO -  * Restarting with watchdog (windowsapi)
2025-11-07 11:27:10,405 - INFO - Model and TF-IDF vectorizer loaded successfully.
2025-11-07 11:27:11,050 - WARNING -  * Debugger is active!
2025-11-07 11:27:11,052 - INFO -  * Debugger PIN: 603-667-668
2025-11-07 11:27:15,763 - INFO - 127.0.0.1 - - [07/Nov/2025 11:27:15] "GET / HTTP/1.1" 200 -
2025-11-07 11:27:15,806 - INFO - 127.0.0.1 - - [07/Nov/2025 11:27:15] "[33mGET /favicon.ico HTTP/1.1[0m" 404 -
2025-11-07 11:27:54,068 - INFO - 127.0.0.1 - - [07/Nov/2025 11:27:54] "GET /load_dataset HTTP/1.1" 200 -
2025-11-07 11:28:16,555 - INFO - 127.0.0.1 - - [07/Nov/2025 11:28:16] "GET /model_accuracy HTTP/1.1" 200 -
2025-11-07 11:29:05,152 - INFO - 127.0.0.1 - - [07/Nov/2025 11:29:05] "POST /predict HTTP/1.1" 200 -
2025-11-07 11:29:05,189 - INFO - 127.0.0.1 - - [07/Nov/2025 11:29:05] "GET /selected_features HTTP/1.1" 200 -
2025-11-07 11:32:45,112 - INFO -  * Detected change in 'C:\\Users\\Muiz\\AppData\\Local\\Programs\\Python\\Python313\\Lib\\site-packages\\numpy\\_typing\\_scalars.py', reloading
2025-11-07 11:32:45,144 - INFO -  * Detected change in 'C:\\Users\\Muiz\\AppData\\Local\\Programs\\Python\\Python313\\Lib\\site-packages\\numpy\\_typing\\_nbit.py', reloading
2025-11-07 11:32:47,514 - INFO -  * Restarting with watchdog (windowsapi)
2025-11-07 11:32:51,846 - INFO - Model and TF-IDF vectorizer loaded successfully.
2025-11-07 11:32:52,323 - WARNING -  * Debugger is active!
2025-11-07 11:32:52,330 - INFO -  * Debugger PIN: 603-667-668
2025-11-07 12:34:24,734 - INFO - Model and TF-IDF vectorizer loaded successfully.
2025-11-07 12:34:25,148 - INFO - [31m[1mWARNING: This is a development server. Do not use it in a production deployment. Use a production WSGI server instead.[0m
 * Running on http://127.0.0.1:5000
2025-11-07 12:34:25,149 - INFO - [33mPress CTRL+C to quit[0m
2025-11-07 12:34:25,158 - INFO -  * Restarting with watchdog (windowsapi)
2025-11-07 12:34:26,555 - INFO - Model and TF-IDF vectorizer loaded successfully.
2025-11-07 12:34:26,837 - WARNING -  * Debugger is active!
2025-11-07 12:34:26,839 - INFO -  * Debugger PIN: 603-667-668
2025-11-07 12:34:30,485 - INFO - 127.0.0.1 - - [07/Nov/2025 12:34:30] "GET / HTTP/1.1" 200 -
2025-11-07 12:34:31,176 - INFO - 127.0.0.1 - - [07/Nov/2025 12:34:31] "[33mGET /favicon.ico HTTP/1.1[0m" 404 -
2025-11-07 12:34:36,305 - INFO - 127.0.0.1 - - [07/Nov/2025 12:34:36] "GET /load_dataset HTTP/1.1" 200 -
2025-11-07 15:02:14,783 - INFO - Model and TF-IDF vectorizer loaded successfully.
2025-11-07 15:02:14,819 - INFO - [31m[1mWARNING: This is a development server. Do not use it in a production deployment. Use a production WSGI server instead.[0m
 * Running on http://127.0.0.1:5000
2025-11-07 15:02:14,820 - INFO - [33mPress CTRL+C to quit[0m
2025-11-07 15:02:14,827 - INFO -  * Restarting with watchdog (windowsapi)
2025-11-07 15:02:16,468 - INFO - Model and TF-IDF vectorizer loaded successfully.
2025-11-07 15:02:16,494 - WARNING -  * Debugger is active!
2025-11-07 15:02:16,496 - INFO -  * Debugger PIN: 603-667-668
2025-11-07 15:02:25,966 - INFO - 127.0.0.1 - - [07/Nov/2025 15:02:25] "GET / HTTP/1.1" 200 -
2025-11-07 15:02:31,027 - INFO - 127.0.0.1 - - [07/Nov/2025 15:02:31] "GET /load_dataset HTTP/1.1" 200 -
2025-11-07 15:02:42,837 - INFO - 127.0.0.1 - - [07/Nov/2025 15:02:42] "GET /model_accuracy HTTP/1.1" 200 -
2025-11-07 15:02:48,626 - INFO - 127.0.0.1 - - [07/Nov/2025 15:02:48] "POST /predict HTTP/1.1" 200 -
2025-11-07 15:02:48,645 - INFO - 127.0.0.1 - - [07/Nov/2025 15:02:48] "GET /selected_features HTTP/1.1" 200 -
2025-11-09 21:32:10,033 - INFO - Model and TF-IDF vectorizer loaded successfully.
2025-11-09 21:32:10,221 - INFO - [31m[1mWARNING: This is a development server. Do not use it in a production deployment. Use a production WSGI server instead.[0m
 * Running on http://127.0.0.1:5000
2025-11-09 21:32:10,222 - INFO - [33mPress CTRL+C to quit[0m
2025-11-09 21:32:10,241 - INFO -  * Restarting with watchdog (windowsapi)
2025-11-09 21:32:12,370 - INFO - Model and TF-IDF vectorizer loaded successfully.
2025-11-09 21:32:18,276 - WARNING -  * Debugger is active!
2025-11-09 21:32:18,282 - INFO -  * Debugger PIN: 603-667-668
2025-11-09 21:32:18,432 - INFO - 127.0.0.1 - - [09/Nov/2025 21:32:18] "GET / HTTP/1.1" 200 -
2025-11-09 21:32:19,301 - INFO - 127.0.0.1 - - [09/Nov/2025 21:32:19] "[33mGET /favicon.ico HTTP/1.1[0m" 404 -
2025-11-09 21:32:56,129 - INFO - 127.0.0.1 - - [09/Nov/2025 21:32:56] "GET /load_dataset HTTP/1.1" 200 -
2025-11-09 21:33:01,495 - INFO - 127.0.0.1 - - [09/Nov/2025 21:33:01] "POST /predict HTTP/1.1" 200 -
2025-11-09 21:33:01,515 - INFO - 127.0.0.1 - - [09/Nov/2025 21:33:01] "GET /selected_features HTTP/1.1" 200 -
2025-11-09 21:33:15,317 - INFO - 127.0.0.1 - - [09/Nov/2025 21:33:15] "GET /model_accuracy HTTP/1.1" 200 -
2025-11-09 21:33:22,264 - INFO - 127.0.0.1 - - [09/Nov/2025 21:33:22] "POST /predict HTTP/1.1" 200 -
2025-11-09 21:33:22,275 - INFO - 127.0.0.1 - - [09/Nov/2025 21:33:22] "GET /selected_features HTTP/1.1" 200 -
2026-07-04 16:02:11,517 - INFO - Model and TF-IDF vectorizer loaded successfully.
2026-07-04 16:02:12,875 - INFO - [31m[1mWARNING: This is a development server. Do not use it in a production deployment. Use a production WSGI server instead.[0m
 * Running on http://127.0.0.1:5000
2026-07-04 16:02:12,876 - INFO - [33mPress CTRL+C to quit[0m
2026-07-04 16:02:12,914 - INFO -  * Restarting with watchdog (windowsapi)
2026-07-04 16:02:15,024 - INFO - Model and TF-IDF vectorizer loaded successfully.
2026-07-04 16:02:15,368 - WARNING -  * Debugger is active!
2026-07-04 16:02:15,371 - INFO -  * Debugger PIN: 603-667-668
2026-07-04 16:02:16,317 - INFO -  * Detected change in 'C:\\Users\\Muiz\\AppData\\Local\\Programs\\Python\\Python313\\Lib\\site-packages\\numpy\\_typing\\__init__.py', reloading
2026-07-04 16:02:16,343 - INFO -  * Detected change in 'C:\\Users\\Muiz\\AppData\\Local\\Programs\\Python\\Python313\\Lib\\site-packages\\numpy\\_typing\\_shape.py', reloading
2026-07-04 16:02:16,702 - INFO -  * Restarting with watchdog (windowsapi)
2026-07-04 16:02:18,732 - INFO - Model and TF-IDF vectorizer loaded successfully.
2026-07-04 16:02:19,554 - WARNING -  * Debugger is active!
2026-07-04 16:02:19,557 - INFO -  * Debugger PIN: 603-667-668
2026-07-04 16:02:19,636 - INFO - 127.0.0.1 - - [04/Jul/2026 16:02:19] "GET / HTTP/1.1" 200 -
2026-07-04 16:02:23,604 - INFO - 127.0.0.1 - - [04/Jul/2026 16:02:23] "[33mGET /favicon.ico HTTP/1.1[0m" 404 -
2026-07-04 16:02:24,955 - INFO -  * Detected change in 'C:\\Users\\Muiz\\AppData\\Local\\Programs\\Python\\Python313\\Lib\\site-packages\\IPython\\__init__.py', reloading
2026-07-04 16:02:25,029 - INFO -  * Detected change in 'C:\\Users\\Muiz\\AppData\\Local\\Programs\\Python\\Python313\\Lib\\site-packages\\IPython\\terminal\\embed.py', reloading
2026-07-04 16:02:25,131 - INFO -  * Detected change in 'C:\\Users\\Muiz\\AppData\\Local\\Programs\\Python\\Python313\\Lib\\site-packages\\matplotlib\\backends\\__init__.py', reloading
2026-07-04 16:02:25,188 - INFO -  * Detected change in 'C:\\Users\\Muiz\\AppData\\Local\\Programs\\Python\\Python313\\Lib\\site-packages\\matplotlib\\category.py', reloading
2026-07-04 16:02:25,307 - INFO -  * Detected change in 'C:\\Users\\Muiz\\AppData\\Local\\Programs\\Python\\Python313\\Lib\\site-packages\\matplotlib\\dates.py', reloading
2026-07-04 16:02:25,881 - INFO -  * Restarting with watchdog (windowsapi)
2026-07-04 16:02:27,962 - INFO - Model and TF-IDF vectorizer loaded successfully.
2026-07-04 16:02:30,222 - WARNING -  * Debugger is active!
2026-07-04 16:02:30,224 - INFO -  * Debugger PIN: 603-667-668
2026-07-04 16:02:30,246 - INFO -  * Detected change in 'C:\\Users\\Muiz\\AppData\\Local\\Programs\\Python\\Python313\\Lib\\site-packages\\sklearn\\neighbors\\_nca.py', reloading
2026-07-04 16:02:30,259 - INFO -  * Detected change in 'C:\\Users\\Muiz\\AppData\\Local\\Programs\\Python\\Python313\\Lib\\site-packages\\sklearn\\neighbors\\_nearest_centroid.py', reloading
2026-07-04 16:02:30,271 - INFO -  * Detected change in 'C:\\Users\\Muiz\\AppData\\Local\\Programs\\Python\\Python313\\Lib\\site-packages\\sklearn\\neighbors\\_regression.py', reloading
2026-07-04 16:02:30,282 - INFO -  * Detected change in 'C:\\Users\\Muiz\\AppData\\Local\\Programs\\Python\\Python313\\Lib\\site-packages\\sklearn\\neighbors\\_unsupervised.py', reloading
2026-07-04 16:02:30,299 - INFO -  * Detected change in 'C:\\Users\\Muiz\\AppData\\Local\\Programs\\Python\\Python313\\Lib\\site-packages\\sklearn\\neural_network\\__init__.py', reloading
2026-07-04 16:02:30,312 - INFO -  * Detected change in 'C:\\Users\\Muiz\\AppData\\Local\\Programs\\Python\\Python313\\Lib\\site-packages\\sklearn\\neural_network\\_multilayer_perceptron.py', reloading
2026-07-04 16:02:30,330 - INFO -  * Detected change in 'C:\\Users\\Muiz\\AppData\\Local\\Programs\\Python\\Python313\\Lib\\site-packages\\sklearn\\neural_network\\_rbm.py', reloading
2026-07-04 16:02:30,362 - INFO -  * Detected change in 'C:\\Users\\Muiz\\AppData\\Local\\Programs\\Python\\Python313\\Lib\\site-packages\\sklearn\\pipeline.py', reloading
2026-07-04 16:02:30,389 - INFO -  * Detected change in 'C:\\Users\\Muiz\\AppData\\Local\\Programs\\Python\\Python313\\Lib\\site-packages\\sklearn\\preprocessing\\__init__.py', reloading
2026-07-04 16:02:30,426 - INFO -  * Detected change in 'C:\\Users\\Muiz\\AppData\\Local\\Programs\\Python\\Python313\\Lib\\site-packages\\sklearn\\preprocessing\\_data.py', reloading
2026-07-04 16:02:30,455 - INFO -  * Detected change in 'C:\\Users\\Muiz\\AppData\\Local\\Programs\\Python\\Python313\\Lib\\site-packages\\sklearn\\preprocessing\\_discretization.py', reloading
2026-07-04 16:02:30,484 - INFO -  * Detected change in 'C:\\Users\\Muiz\\AppData\\Local\\Programs\\Python\\Python313\\Lib\\site-packages\\sklearn\\preprocessing\\_encoders.py', reloading
2026-07-04 16:02:30,514 - INFO -  * Detected change in 'C:\\Users\\Muiz\\AppData\\Local\\Programs\\Python\\Python313\\Lib\\site-packages\\sklearn\\preprocessing\\_function_transformer.py', reloading
2026-07-04 16:02:30,538 - INFO -  * Detected change in 'C:\\Users\\Muiz\\AppData\\Local\\Programs\\Python\\Python313\\Lib\\site-packages\\sklearn\\preprocessing\\_label.py', reloading
2026-07-04 16:02:30,567 - INFO -  * Detected change in 'C:\\Users\\Muiz\\AppData\\Local\\Programs\\Python\\Python313\\Lib\\site-packages\\sklearn\\preprocessing\\_polynomial.py', reloading
2026-07-04 16:02:30,598 - INFO -  * Detected change in 'C:\\Users\\Muiz\\AppData\\Local\\Programs\\Python\\Python313\\Lib\\site-packages\\sklearn\\preprocessing\\_target_encoder.py', reloading
2026-07-04 16:02:30,621 - INFO -  * Detected change in 'C:\\Users\\Muiz\\AppData\\Local\\Programs\\Python\\Python313\\Lib\\site-packages\\sklearn\\random_projection.py', reloading
2026-07-04 16:02:30,642 - INFO -  * Detected change in 'C:\\Users\\Muiz\\AppData\\Local\\Programs\\Python\\Python313\\Lib\\site-packages\\sklearn\\semi_supervised\\__init__.py', reloading
2026-07-04 16:02:30,668 - INFO -  * Detected change in 'C:\\Users\\Muiz\\AppData\\Local\\Programs\\Python\\Python313\\Lib\\site-packages\\sklearn\\semi_supervised\\_label_propagation.py', reloading
2026-07-04 16:02:30,692 - INFO -  * Detected change in 'C:\\Users\\Muiz\\AppData\\Local\\Programs\\Python\\Python313\\Lib\\site-packages\\sklearn\\semi_supervised\\_self_training.py', reloading
2026-07-04 16:02:30,712 - INFO -  * Detected change in 'C:\\Users\\Muiz\\AppData\\Local\\Programs\\Python\\Python313\\Lib\\site-packages\\sklearn\\svm\\__init__.py', reloading
2026-07-04 16:02:30,722 - INFO -  * Detected change in 'C:\\Users\\Muiz\\AppData\\Local\\Programs\\Python\\Python313\\Lib\\site-packages\\sklearn\\svm\\_bounds.py', reloading
2026-07-04 16:02:30,734 - INFO -  * Detected change in 'C:\\Users\\Muiz\\AppData\\Local\\Programs\\Python\\Python313\\Lib\\site-packages\\sklearn\\svm\\_classes.py', reloading
2026-07-04 16:02:30,753 - INFO -  * Detected change in 'C:\\Users\\Muiz\\AppData\\Local\\Programs\\Python\\Python313\\Lib\\site-packages\\sklearn\\tree\\__init__.py', reloading
2026-07-04 16:02:30,769 - INFO -  * Detected change in 'C:\\Users\\Muiz\\AppData\\Local\\Programs\\Python\\Python313\\Lib\\site-packages\\sklearn\\tree\\_classes.py', reloading
2026-07-04 16:02:30,790 - INFO -  * Detected change in 'C:\\Users\\Muiz\\AppData\\Local\\Programs\\Python\\Python313\\Lib\\site-packages\\sklearn\\tree\\_export.py', reloading
2026-07-04 16:02:30,801 - INFO -  * Detected change in 'C:\\Users\\Muiz\\AppData\\Local\\Programs\\Python\\Python313\\Lib\\site-packages\\sklearn\\utils\\__init__.py', reloading
2026-07-04 16:02:30,814 - INFO -  * Detected change in 'C:\\Users\\Muiz\\AppData\\Local\\Programs\\Python\\Python313\\Lib\\site-packages\\sklearn\\utils\\_bunch.py', reloading
2026-07-04 16:02:30,824 - INFO -  * Detected change in 'C:\\Users\\Muiz\\AppData\\Local\\Programs\\Python\\Python313\\Lib\\site-packages\\sklearn\\utils\\_chunking.py', reloading
2026-07-04 16:02:30,836 - INFO -  * Detected change in 'C:\\Users\\Muiz\\AppData\\Local\\Programs\\Python\\Python313\\Lib\\site-packages\\sklearn\\utils\\_indexing.py', reloading
2026-07-04 16:02:30,850 - INFO -  * Detected change in 'C:\\Users\\Muiz\\AppData\\Local\\Programs\\Python\\Python313\\Lib\\site-packages\\sklearn\\utils\\_mask.py', reloading
2026-07-04 16:02:30,861 - INFO -  * Detected change in 'C:\\Users\\Muiz\\AppData\\Local\\Programs\\Python\\Python313\\Lib\\site-packages\\sklearn\\utils\\_repr_html\\estimator.py', reloading
2026-07-04 16:02:30,889 - INFO -  * Detected change in 'C:\\Users\\Muiz\\AppData\\Local\\Programs\\Python\\Python313\\Lib\\site-packages\\sklearn\\utils\\_tags.py', reloading
2026-07-04 16:02:30,915 - INFO -  * Detected change in 'C:\\Users\\Muiz\\AppData\\Local\\Programs\\Python\\Python313\\Lib\\site-packages\\sklearn\\utils\\class_weight.py', reloading
2026-07-04 16:02:30,945 - INFO -  * Detected change in 'C:\\Users\\Muiz\\AppData\\Local\\Programs\\Python\\Python313\\Lib\\site-packages\\sklearn\\utils\\deprecation.py', reloading
2026-07-04 16:02:30,981 - INFO -  * Detected change in 'C:\\Users\\Muiz\\AppData\\Local\\Programs\\Python\\Python313\\Lib\\site-packages\\sklearn\\utils\\discovery.py', reloading
2026-07-04 16:02:31,015 - INFO -  * Detected change in 'C:\\Users\\Muiz\\AppData\\Local\\Programs\\Python\\Python313\\Lib\\site-packages\\sklearn\\utils\\validation.py', reloading
2026-07-04 16:02:31,044 - INFO -  * Detected change in 'C:\\Users\\Muiz\\AppData\\Local\\Programs\\Python\\Python313\\Lib\\site-packages\\sklearn\\__init__.py', reloading
2026-07-04 16:02:31,061 - INFO -  * Detected change in 'C:\\Users\\Muiz\\AppData\\Local\\Programs\\Python\\Python313\\Lib\\concurrent\\__init__.py', reloading
2026-07-04 16:02:31,070 - INFO -  * Detected change in 'C:\\Users\\Muiz\\AppData\\Local\\Programs\\Python\\Python313\\Lib\\idlelib\\__init__.py', reloading
2026-07-04 16:02:31,107 - INFO -  * Detected change in 'C:\\Users\\Muiz\\AppData\\Local\\Programs\\Python\\Python313\\Lib\\test\\__init__.py', reloading
2026-07-04 16:02:31,185 - INFO -  * Detected change in 'C:\\Users\\Muiz\\AppData\\Local\\Programs\\Python\\Python313\\Lib\\turtledemo\\__init__.py', reloading
2026-07-04 16:02:31,225 - INFO -  * Detected change in 'C:\\Users\\Muiz\\AppData\\Local\\Programs\\Python\\Python313\\Lib\\wsgiref\\__init__.py', reloading
2026-07-04 16:02:31,226 - INFO -  * Detected change in 'C:\\Users\\Muiz\\AppData\\Local\\Programs\\Python\\Python313\\Lib\\xmlrpc\\__init__.py', reloading
2026-07-04 16:02:31,505 - INFO -  * Restarting with watchdog (windowsapi)
2026-07-04 16:02:33,396 - INFO - Model and TF-IDF vectorizer loaded successfully.
2026-07-04 16:02:33,837 - WARNING -  * Debugger is active!
2026-07-04 16:02:33,839 - INFO -  * Debugger PIN: 603-667-668
2026-07-04 16:02:34,028 - INFO -  * Detected change in 'C:\\Users\\Muiz\\AppData\\Local\\Programs\\Python\\Python313\\Lib\\site-packages\\sympy\\printing\\smtlib.py', reloading
2026-07-04 16:02:34,058 - INFO -  * Detected change in 'C:\\Users\\Muiz\\AppData\\Local\\Programs\\Python\\Python313\\Lib\\site-packages\\sympy\\release.py', reloading
2026-07-04 16:02:34,158 - INFO -  * Detected change in 'C:\\Users\\Muiz\\AppData\\Local\\Programs\\Python\\Python313\\Lib\\site-packages\\sympy\\series\\residues.py', reloading
2026-07-04 16:02:34,168 - INFO -  * Detected change in 'C:\\Users\\Muiz\\AppData\\Local\\Programs\\Python\\Python313\\Lib\\site-packages\\sympy\\series\\series.py', reloading
2026-07-04 16:02:35,132 - INFO -  * Restarting with watchdog (windowsapi)
2026-07-04 16:02:37,133 - INFO - Model and TF-IDF vectorizer loaded successfully.
2026-07-04 16:02:38,783 - WARNING -  * Debugger is active!
2026-07-04 16:02:38,786 - INFO -  * Debugger PIN: 603-667-668
2026-07-04 16:02:38,802 - INFO -  * Detected change in 'C:\\Users\\Muiz\\AppData\\Local\\Programs\\Python\\Python313\\Lib\\site-packages\\fontTools\\misc\\loggingTools.py', reloading
2026-07-04 16:02:38,813 - INFO -  * Detected change in 'C:\\Users\\Muiz\\AppData\\Local\\Programs\\Python\\Python313\\Lib\\site-packages\\fqdn\\__init__.py', reloading
2026-07-04 16:02:38,833 - INFO -  * Detected change in 'C:\\Users\\Muiz\\AppData\\Local\\Programs\\Python\\Python313\\Lib\\site-packages\\fsspec\\__init__.py', reloading
2026-07-04 16:02:38,845 - INFO -  * Detected change in 'C:\\Users\\Muiz\\AppData\\Local\\Programs\\Python\\Python313\\Lib\\site-packages\\fsspec\\callbacks.py', reloading
2026-07-04 16:02:38,856 - INFO -  * Detected change in 'C:\\Users\\Muiz\\AppData\\Local\\Programs\\Python\\Python313\\Lib\\site-packages\\fsspec\\compression.py', reloading
2026-07-04 16:02:38,871 - INFO -  * Detected change in 'C:\\Users\\Muiz\\AppData\\Local\\Programs\\Python\\Python313\\Lib\\site-packages\\fsspec\\core.py', reloading
2026-07-04 16:02:38,883 - INFO -  * Detected change in 'C:\\Users\\Muiz\\AppData\\Local\\Programs\\Python\\Python313\\Lib\\site-packages\\fsspec\\exceptions.py', reloading
2026-07-04 16:02:38,893 - INFO -  * Detected change in 'C:\\Users\\Muiz\\AppData\\Local\\Programs\\Python\\Python313\\Lib\\site-packages\\fsspec\\mapping.py', reloading
2026-07-04 16:02:38,905 - INFO -  * Detected change in 'C:\\Users\\Muiz\\AppData\\Local\\Programs\\Python\\Python313\\Lib\\site-packages\\fsspec\\registry.py', reloading
2026-07-04 16:02:38,921 - INFO -  * Detected change in 'C:\\Users\\Muiz\\AppData\\Local\\Programs\\Python\\Python313\\Lib\\site-packages\\fsspec\\spec.py', reloading
2026-07-04 16:02:38,951 - INFO -  * Detected change in 'C:\\Users\\Muiz\\AppData\\Local\\Programs\\Python\\Python313\\Lib\\site-packages\\functorch\\__init__.py', reloading
2026-07-04 16:02:38,989 - INFO -  * Detected change in 'C:\\Users\\Muiz\\AppData\\Local\\Programs\\Python\\Python313\\Lib\\site-packages\\future\\__init__.py', reloading
2026-07-04 16:02:39,015 - INFO -  * Detected change in 'C:\\Users\\Muiz\\AppData\\Local\\Programs\\Python\\Python313\\Lib\\site-packages\\git\\__init__.py', reloading
2026-07-04 16:02:39,047 - INFO -  * Detected change in 'C:\\Users\\Muiz\\AppData\\Local\\Programs\\Python\\Python313\\Lib\\site-packages\\gitdb\\util.py', reloading
2026-07-04 16:02:39,059 - INFO -  * Detected change in 'C:\\Users\\Muiz\\AppData\\Local\\Programs\\Python\\Python313\\Lib\\site-packages\\git\\exc.py', reloading
2026-07-04 16:02:39,069 - INFO -  * Detected change in 'C:\\Users\\Muiz\\AppData\\Local\\Programs\\Python\\Python313\\Lib\\site-packages\\gitdb\\exc.py', reloading
2026-07-04 16:02:39,084 - INFO -  * Detected change in 'C:\\Users\\Muiz\\AppData\\Local\\Programs\\Python\\Python313\\Lib\\site-packages\\git\\types.py', reloading
2026-07-04 16:02:39,095 - INFO -  * Detected change in 'C:\\Users\\Muiz\\AppData\\Local\\Programs\\Python\\Python313\\Lib\\site-packages\\git\\compat.py', reloading
2026-07-04 16:02:39,108 - INFO -  * Detected change in 'C:\\Users\\Muiz\\AppData\\Local\\Programs\\Python\\Python313\\Lib\\site-packages\\git\\config.py', reloading
2026-07-04 16:02:39,129 - INFO -  * Detected change in 'C:\\Users\\Muiz\\AppData\\Local\\Programs\\Python\\Python313\\Lib\\site-packages\\git\\objects\\__init__.py', reloading
2026-07-04 16:02:39,419 - INFO -  * Detected change in 'C:\\Users\\Muiz\\AppData\\Local\\Programs\\Python\\Python313\\Lib\\site-packages\\git\\objects\\blob.py', reloading
2026-07-04 16:02:39,431 - INFO -  * Detected change in 'C:\\Users\\Muiz\\AppData\\Local\\Programs\\Python\\Python313\\Lib\\site-packages\\git\\objects\\commit.py', reloading
2026-07-04 16:02:39,445 - INFO -  * Detected change in 'C:\\Users\\Muiz\\AppData\\Local\\Programs\\Python\\Python313\\Lib\\site-packages\\git\\objects\\base.py', reloading
2026-07-04 16:02:39,465 - INFO -  * Detected change in 'C:\\Users\\Muiz\\AppData\\Local\\Programs\\Python\\Python313\\Lib\\site-packages\\git\\objects\\submodule\\__init__.py', reloading
2026-07-04 16:02:39,475 - INFO -  * Detected change in 'C:\\Users\\Muiz\\AppData\\Local\\Programs\\Python\\Python313\\Lib\\site-packages\\git\\objects\\submodule\\root.py', reloading
2026-07-04 16:02:39,489 - INFO -  * Detected change in 'C:\\Users\\Muiz\\AppData\\Local\\Programs\\Python\\Python313\\Lib\\site-packages\\git\\objects\\submodule\\base.py', reloading
2026-07-04 16:02:39,506 - INFO -  * Detected change in 'C:\\Users\\Muiz\\AppData\\Local\\Programs\\Python\\Python313\\Lib\\site-packages\\git\\objects\\tag.py', reloading
2026-07-04 16:02:39,523 - INFO -  * Detected change in 'C:\\Users\\Muiz\\AppData\\Local\\Programs\\Python\\Python313\\Lib\\site-packages\\git\\objects\\tree.py', reloading
2026-07-04 16:02:39,536 - INFO -  * Detected change in 'C:\\Users\\Muiz\\AppData\\Local\\Programs\\Python\\Python313\\Lib\\site-packages\\git\\refs\\__init__.py', reloading
2026-07-04 16:02:39,547 - INFO -  * Detected change in 'C:\\Users\\Muiz\\AppData\\Local\\Programs\\Python\\Python313\\Lib\\site-packages\\git\\refs\\head.py', reloading
2026-07-04 16:02:39,563 - INFO -  * Detected change in 'C:\\Users\\Muiz\\AppData\\Local\\Programs\\Python\\Python313\\Lib\\site-packages\\git\\refs\\log.py', reloading
2026-07-04 16:02:39,575 - INFO -  * Detected change in 'C:\\Users\\Muiz\\AppData\\Local\\Programs\\Python\\Python313\\Lib\\site-packages\\git\\refs\\reference.py', reloading
2026-07-04 16:02:39,585 - INFO -  * Detected change in 'C:\\Users\\Muiz\\AppData\\Local\\Programs\\Python\\Python313\\Lib\\site-packages\\git\\refs\\remote.py', reloading
2026-07-04 16:02:39,598 - INFO -  * Detected change in 'C:\\Users\\Muiz\\AppData\\Local\\Programs\\Python\\Python313\\Lib\\site-packages\\git\\refs\\symbolic.py', reloading
2026-07-04 16:02:39,626 - INFO -  * Detected change in 'C:\\Users\\Muiz\\AppData\\Local\\Programs\\Python\\Python313\\Lib\\site-packages\\git\\refs\\tag.py', reloading
2026-07-04 16:02:39,650 - INFO -  * Detected change in 'C:\\Users\\Muiz\\AppData\\Local\\Programs\\Python\\Python313\\Lib\\site-packages\\git\\diff.py', reloading
2026-07-04 16:02:39,673 - INFO -  * Detected change in 'C:\\Users\\Muiz\\AppData\\Local\\Programs\\Python\\Python313\\Lib\\site-packages\\git\\db.py', reloading
2026-07-04 16:02:39,682 - INFO -  * Detected change in 'C:\\Users\\Muiz\\AppData\\Local\\Programs\\Python\\Python313\\Lib\\site-packages\\gitdb\\db\\__init__.py', reloading
2026-07-04 16:02:39,692 - INFO -  * Detected change in 'C:\\Users\\Muiz\\AppData\\Local\\Programs\\Python\\Python313\\Lib\\site-packages\\gitdb\\db\\base.py', reloading
2026-07-04 16:02:39,703 - INFO -  * Detected change in 'C:\\Users\\Muiz\\AppData\\Local\\Programs\\Python\\Python313\\Lib\\site-packages\\gitdb\\db\\loose.py', reloading
2026-07-04 16:02:39,713 - INFO -  * Detected change in 'C:\\Users\\Muiz\\AppData\\Local\\Programs\\Python\\Python313\\Lib\\site-packages\\gitdb\\db\\mem.py', reloading
2026-07-04 16:02:39,723 - INFO -  * Detected change in 'C:\\Users\\Muiz\\AppData\\Local\\Programs\\Python\\Python313\\Lib\\site-packages\\gitdb\\db\\pack.py', reloading
2026-07-04 16:02:39,734 - INFO -  * Detected change in 'C:\\Users\\Muiz\\AppData\\Local\\Programs\\Python\\Python313\\Lib\\site-packages\\gitdb\\db\\git.py', reloading
2026-07-04 16:02:39,744 - INFO -  * Detected change in 'C:\\Users\\Muiz\\AppData\\Local\\Programs\\Python\\Python313\\Lib\\site-packages\\gitdb\\db\\ref.py', reloading
2026-07-04 16:02:39,754 - INFO -  * Detected change in 'C:\\Users\\Muiz\\AppData\\Local\\Programs\\Python\\Python313\\Lib\\site-packages\\git\\cmd.py', reloading
2026-07-04 16:02:39,776 - INFO -  * Detected change in 'C:\\Users\\Muiz\\AppData\\Local\\Programs\\Python\\Python313\\Lib\\site-packages\\git\\repo\\__init__.py', reloading
2026-07-04 16:02:39,789 - INFO -  * Detected change in 'C:\\Users\\Muiz\\AppData\\Local\\Programs\\Python\\Python313\\Lib\\site-packages\\git\\repo\\base.py', reloading
2026-07-04 16:02:40,059 - INFO -  * Restarting with watchdog (windowsapi)
2026-07-04 16:02:41,986 - INFO - Model and TF-IDF vectorizer loaded successfully.
2026-07-04 16:02:42,465 - WARNING -  * Debugger is active!
2026-07-04 16:02:42,467 - INFO -  * Debugger PIN: 603-667-668
2026-07-04 16:02:42,487 - INFO -  * Detected change in 'C:\\Users\\Muiz\\AppData\\Local\\Programs\\Python\\Python313\\Lib\\site-packages\\jupyterlab\\__init__.py', reloading
2026-07-04 16:02:42,502 - INFO -  * Detected change in 'C:\\Users\\Muiz\\AppData\\Local\\Programs\\Python\\Python313\\Lib\\site-packages\\jupyterlab_pygments\\__init__.py', reloading
2026-07-04 16:02:42,523 - INFO -  * Detected change in 'C:\\Users\\Muiz\\AppData\\Local\\Programs\\Python\\Python313\\Lib\\site-packages\\jupyterlab_server\\__init__.py', reloading
2026-07-04 16:02:42,541 - INFO -  * Detected change in 'C:\\Users\\Muiz\\AppData\\Local\\Programs\\Python\\Python313\\Lib\\site-packages\\jupyterlab_server\\_version.py', reloading
2026-07-04 16:02:42,552 - INFO -  * Detected change in 'C:\\Users\\Muiz\\AppData\\Local\\Programs\\Python\\Python313\\Lib\\site-packages\\jupyterlab_server\\app.py', reloading
2026-07-04 16:02:42,565 - INFO -  * Detected change in 'C:\\Users\\Muiz\\AppData\\Local\\Programs\\Python\\Python313\\Lib\\site-packages\\jupyterlab_server\\handlers.py', reloading
2026-07-04 16:02:42,586 - INFO -  * Detected change in 'C:\\Users\\Muiz\\AppData\\Local\\Programs\\Python\\Python313\\Lib\\site-packages\\jupyterlab_server\\config.py', reloading
2026-07-04 16:02:42,599 - INFO -  * Detected change in 'C:\\Users\\Muiz\\AppData\\Local\\Programs\\Python\\Python313\\Lib\\site-packages\\jupyterlab_server\\licenses_app.py', reloading
2026-07-04 16:02:42,611 - INFO -  * Detected change in 'C:\\Users\\Muiz\\AppData\\Local\\Programs\\Python\\Python313\\Lib\\site-packages\\jupyterlab_server\\translation_utils.py', reloading
2026-07-04 16:02:42,624 - INFO -  * Detected change in 'C:\\Users\\Muiz\\AppData\\Local\\Programs\\Python\\Python313\\Lib\\site-packages\\jupyterlab_server\\workspaces_app.py', reloading
2026-07-04 16:02:42,636 - INFO -  * Detected change in 'C:\\Users\\Muiz\\AppData\\Local\\Programs\\Python\\Python313\\Lib\\site-packages\\jupyterlab_server\\workspaces_handler.py', reloading
2026-07-04 16:02:42,660 - INFO -  * Detected change in 'C:\\Users\\Muiz\\AppData\\Local\\Programs\\Python\\Python313\\Lib\\site-packages\\jupyterlab_widgets\\__init__.py', reloading
2026-07-04 16:02:42,668 - INFO -  * Detected change in 'C:\\Users\\Muiz\\AppData\\Local\\Programs\\Python\\Python313\\Lib\\site-packages\\jupyterlab_widgets\\_version.py', reloading
2026-07-04 16:02:42,693 - INFO -  * Detected change in 'C:\\Users\\Muiz\\AppData\\Local\\Programs\\Python\\Python313\\Lib\\site-packages\\jupyter_console\\__init__.py', reloading
2026-07-04 16:02:42,722 - INFO -  * Detected change in 'C:\\Users\\Muiz\\AppData\\Local\\Programs\\Python\\Python313\\Lib\\site-packages\\jupyter_core\\__init__.py', reloading
2026-07-04 16:02:42,752 - INFO -  * Detected change in 'C:\\Users\\Muiz\\AppData\\Local\\Programs\\Python\\Python313\\Lib\\site-packages\\jupyter_events\\__init__.py', reloading
2026-07-04 16:02:42,780 - INFO -  * Detected change in 'C:\\Users\\Muiz\\AppData\\Local\\Programs\\Python\\Python313\\Lib\\site-packages\\jupyter_events\\_version.py', reloading
2026-07-04 16:02:42,853 - INFO -  * Detected change in 'C:\\Users\\Muiz\\AppData\\Local\\Programs\\Python\\Python313\\Lib\\site-packages\\jupyter_events\\logger.py', reloading
2026-07-04 16:02:42,886 - INFO -  * Detected change in 'C:\\Users\\Muiz\\AppData\\Local\\Programs\\Python\\Python313\\Lib\\site-packages\\jupyter_events\\schema.py', reloading
2026-07-04 16:02:42,908 - INFO -  * Detected change in 'C:\\Users\\Muiz\\AppData\\Local\\Programs\\Python\\Python313\\Lib\\site-packages\\jupyter_lsp\\__init__.py', reloading
2026-07-04 16:02:42,932 - INFO -  * Detected change in 'C:\\Users\\Muiz\\AppData\\Local\\Programs\\Python\\Python313\\Lib\\site-packages\\jupyter_server\\__init__.py', reloading
2026-07-04 16:02:42,950 - INFO -  * Detected change in 'C:\\Users\\Muiz\\AppData\\Local\\Programs\\Python\\Python313\\Lib\\site-packages\\jupyter_server\\_version.py', reloading
2026-07-04 16:02:43,020 - INFO -  * Detected change in 'C:\\Users\\Muiz\\AppData\\Local\\Programs\\Python\\Python313\\Lib\\site-packages\\jupyter_server\\base\\call_context.py', reloading
2026-07-04 16:02:43,041 - INFO -  * Detected change in 'C:\\Users\\Muiz\\AppData\\Local\\Programs\\Python\\Python313\\Lib\\site-packages\\jupyter_server_terminals\\__init__.py', reloading
2026-07-04 16:02:43,056 - INFO -  * Detected change in 'C:\\Users\\Muiz\\AppData\\Local\\Programs\\Python\\Python313\\Lib\\site-packages\\kiwisolver\\__init__.py', reloading
2026-07-04 16:02:43,078 - INFO -  * Detected change in 'C:\\Users\\Muiz\\AppData\\Local\\Programs\\Python\\Python313\\Lib\\site-packages\\kiwisolver\\exceptions.py', reloading
2026-07-04 16:02:43,087 - INFO -  * Detected change in 'C:\\Users\\Muiz\\AppData\\Local\\Programs\\Python\\Python313\\Lib\\site-packages\\lark\\__init__.py', reloading
2026-07-04 16:02:43,097 - INFO -  * Detected change in 'C:\\Users\\Muiz\\AppData\\Local\\Programs\\Python\\Python313\\Lib\\site-packages\\lark\\exceptions.py', reloading
2026-07-04 16:02:43,110 - INFO -  * Detected change in 'C:\\Users\\Muiz\\AppData\\Local\\Programs\\Python\\Python313\\Lib\\site-packages\\lark\\lark.py', reloading
2026-07-04 16:02:43,124 - INFO -  * Detected change in 'C:\\Users\\Muiz\\AppData\\Local\\Programs\\Python\\Python313\\Lib\\site-packages\\lark\\lexer.py', reloading
2026-07-04 16:02:43,138 - INFO -  * Detected change in 'C:\\Users\\Muiz\\AppData\\Local\\Programs\\Python\\Python313\\Lib\\site-packages\\lark\\tree.py', reloading
2026-07-04 16:02:43,157 - INFO -  * Detected change in 'C:\\Users\\Muiz\\AppData\\Local\\Programs\\Python\\Python313\\Lib\\site-packages\\lark\\utils.py', reloading
2026-07-04 16:02:43,169 - INFO -  * Detected change in 'C:\\Users\\Muiz\\AppData\\Local\\Programs\\Python\\Python313\\Lib\\site-packages\\lark\\visitors.py', reloading
2026-07-04 16:02:43,187 - INFO -  * Detected change in 'C:\\Users\\Muiz\\AppData\\Local\\Programs\\Python\\Python313\\Lib\\site-packages\\libfuturize\\__init__.py', reloading
2026-07-04 16:02:43,189 - INFO -  * Detected change in 'C:\\Users\\Muiz\\AppData\\Local\\Programs\\Python\\Python313\\Lib\\site-packages\\libpasteurize\\__init__.py', reloading
2026-07-04 16:02:43,213 - INFO -  * Detected change in 'C:\\Users\\Muiz\\AppData\\Local\\Programs\\Python\\Python313\\Lib\\site-packages\\markupsafe\\__init__.py', reloading
2026-07-04 16:02:43,252 - INFO -  * Detected change in 'C:\\Users\\Muiz\\AppData\\Local\\Programs\\Python\\Python313\\Lib\\site-packages\\matplotlib\\pylab.py', reloading
2026-07-04 16:02:43,446 - INFO -  * Detected change in 'C:\\Users\\Muiz\\AppData\\Local\\Programs\\Python\\Python313\\Lib\\site-packages\\matplotlib\\backends\\registry.py', reloading
2026-07-04 16:02:43,464 - INFO -  * Detected change in 'C:\\Users\\Muiz\\AppData\\Local\\Programs\\Python\\Python313\\Lib\\site-packages\\matplotlib\\typing.py', reloading
2026-07-04 16:02:43,767 - INFO -  * Restarting with watchdog (windowsapi)
2026-07-04 16:02:45,867 - INFO - Model and TF-IDF vectorizer loaded successfully.
2026-07-04 16:02:46,196 - WARNING -  * Debugger is active!
2026-07-04 16:02:46,198 - INFO -  * Debugger PIN: 603-667-668
2026-07-04 16:02:46,258 - INFO -  * Detected change in 'C:\\Users\\Muiz\\AppData\\Local\\Programs\\Python\\Python313\\Lib\\site-packages\\pyarrow\\__init__.py', reloading
2026-07-04 16:02:46,282 - INFO -  * Detected change in 'C:\\Users\\Muiz\\AppData\\Local\\Programs\\Python\\Python313\\Lib\\site-packages\\pycparser\\__init__.py', reloading
2026-07-04 16:02:46,303 - INFO -  * Detected change in 'C:\\Users\\Muiz\\AppData\\Local\\Programs\\Python\\Python313\\Lib\\site-packages\\pydeck\\__init__.py', reloading
2026-07-04 16:02:46,312 - INFO -  * Detected change in 'C:\\Users\\Muiz\\AppData\\Local\\Programs\\Python\\Python313\\Lib\\site-packages\\pyparsing\\__init__.py', reloading
2026-07-04 16:02:46,324 - INFO -  * Detected change in 'C:\\Users\\Muiz\\AppData\\Local\\Programs\\Python\\Python313\\Lib\\site-packages\\pyparsing\\util.py', reloading
2026-07-04 16:02:46,336 - INFO -  * Detected change in 'C:\\Users\\Muiz\\AppData\\Local\\Programs\\Python\\Python313\\Lib\\site-packages\\pyparsing\\exceptions.py', reloading
2026-07-04 16:02:46,347 - INFO -  * Detected change in 'C:\\Users\\Muiz\\AppData\\Local\\Programs\\Python\\Python313\\Lib\\site-packages\\pyparsing\\actions.py', reloading
2026-07-04 16:02:46,360 - INFO -  * Detected change in 'C:\\Users\\Muiz\\AppData\\Local\\Programs\\Python\\Python313\\Lib\\site-packages\\pyparsing\\results.py', reloading
2026-07-04 16:02:46,373 - INFO -  * Detected change in 'C:\\Users\\Muiz\\AppData\\Local\\Programs\\Python\\Python313\\Lib\\site-packages\\pyparsing\\core.py', reloading
2026-07-04 16:02:46,408 - INFO -  * Detected change in 'C:\\Users\\Muiz\\AppData\\Local\\Programs\\Python\\Python313\\Lib\\site-packages\\pyparsing\\helpers.py', reloading
2026-07-04 16:02:46,422 - INFO -  * Detected change in 'C:\\Users\\Muiz\\AppData\\Local\\Programs\\Python\\Python313\\Lib\\site-packages\\pyparsing\\unicode.py', reloading
2026-07-04 16:02:46,466 - INFO -  * Detected change in 'C:\\Users\\Muiz\\AppData\\Local\\Programs\\Python\\Python313\\Lib\\site-packages\\pypdfium2\\__init__.py', reloading
2026-07-04 16:02:46,482 - INFO -  * Detected change in 'C:\\Users\\Muiz\\AppData\\Local\\Programs\\Python\\Python313\\Lib\\site-packages\\pypdfium2_raw\\__init__.py', reloading
2026-07-04 16:02:46,497 - INFO -  * Detected change in 'C:\\Users\\Muiz\\AppData\\Local\\Programs\\Python\\Python313\\Lib\\site-packages\\pyswarm\\__init__.py', reloading
2026-07-04 16:02:46,513 - INFO -  * Detected change in 'C:\\Users\\Muiz\\AppData\\Local\\Programs\\Python\\Python313\\Lib\\site-packages\\pythonjsonlogger\\__init__.py', reloading
2026-07-04 16:02:46,584 - INFO -  * Detected change in 'C:\\Users\\Muiz\\AppData\\Local\\Programs\\Python\\Python313\\Lib\\site-packages\\referencing\\__init__.py', reloading
2026-07-04 16:02:46,597 - INFO -  * Detected change in 'C:\\Users\\Muiz\\AppData\\Local\\Programs\\Python\\Python313\\Lib\\site-packages\\referencing\\_core.py', reloading
2026-07-04 16:02:46,615 - INFO -  * Detected change in 'C:\\Users\\Muiz\\AppData\\Local\\Programs\\Python\\Python313\\Lib\\site-packages\\rfc3987_syntax\\__init__.py', reloading
2026-07-04 16:02:46,645 - INFO -  * Detected change in 'C:\\Users\\Muiz\\AppData\\Local\\Programs\\Python\\Python313\\Lib\\site-packages\\scipy\\cluster\\__init__.py', reloading
2026-07-04 16:02:46,658 - INFO -  * Detected change in 'C:\\Users\\Muiz\\AppData\\Local\\Programs\\Python\\Python313\\Lib\\site-packages\\scipy\\conftest.py', reloading
2026-07-04 16:02:46,671 - INFO -  * Detected change in 'C:\\Users\\Muiz\\AppData\\Local\\Programs\\Python\\Python313\\Lib\\site-packages\\scipy\\constants\\__init__.py', reloading
2026-07-04 16:02:46,690 - INFO -  * Detected change in 'C:\\Users\\Muiz\\AppData\\Local\\Programs\\Python\\Python313\\Lib\\site-packages\\scipy\\constants\\_codata.py', reloading
2026-07-04 16:02:46,726 - INFO -  * Detected change in 'C:\\Users\\Muiz\\AppData\\Local\\Programs\\Python\\Python313\\Lib\\site-packages\\scipy\\constants\\_constants.py', reloading
2026-07-04 16:02:46,749 - INFO -  * Detected change in 'C:\\Users\\Muiz\\AppData\\Local\\Programs\\Python\\Python313\\Lib\\site-packages\\scipy\\datasets\\__init__.py', reloading
2026-07-04 16:02:46,761 - INFO -  * Detected change in 'C:\\Users\\Muiz\\AppData\\Local\\Programs\\Python\\Python313\\Lib\\site-packages\\scipy\\datasets\\_fetchers.py', reloading
2026-07-04 16:02:46,771 - INFO -  * Detected change in 'C:\\Users\\Muiz\\AppData\\Local\\Programs\\Python\\Python313\\Lib\\site-packages\\scipy\\datasets\\_download_all.py', reloading
2026-07-04 16:02:46,782 - INFO -  * Detected change in 'C:\\Users\\Muiz\\AppData\\Local\\Programs\\Python\\Python313\\Lib\\site-packages\\scipy\\datasets\\_utils.py', reloading
2026-07-04 16:02:46,826 - INFO -  * Detected change in 'C:\\Users\\Muiz\\AppData\\Local\\Programs\\Python\\Python313\\Lib\\site-packages\\scipy\\differentiate\\__init__.py', reloading
2026-07-04 16:02:46,913 - INFO -  * Detected change in 'C:\\Users\\Muiz\\AppData\\Local\\Programs\\Python\\Python313\\Lib\\site-packages\\scipy\\differentiate\\_differentiate.py', reloading
2026-07-04 16:02:46,942 - INFO -  * Detected change in 'C:\\Users\\Muiz\\AppData\\Local\\Programs\\Python\\Python313\\Lib\\site-packages\\scipy\\fft\\__init__.py', reloading
2026-07-04 16:02:46,975 - INFO -  * Detected change in 'C:\\Users\\Muiz\\AppData\\Local\\Programs\\Python\\Python313\\Lib\\site-packages\\scipy\\fft\\_basic.py', reloading
2026-07-04 16:02:47,013 - INFO -  * Detected change in 'C:\\Users\\Muiz\\AppData\\Local\\Programs\\Python\\Python313\\Lib\\site-packages\\scipy\\fft\\_realtransforms.py', reloading
2026-07-04 16:02:47,045 - INFO -  * Detected change in 'C:\\Users\\Muiz\\AppData\\Local\\Programs\\Python\\Python313\\Lib\\site-packages\\scipy\\fft\\_fftlog.py', reloading
2026-07-04 16:02:47,073 - INFO -  * Detected change in 'C:\\Users\\Muiz\\AppData\\Local\\Programs\\Python\\Python313\\Lib\\site-packages\\scipy\\fft\\_fftlog_backend.py', reloading
2026-07-04 16:02:47,139 - INFO -  * Detected change in 'C:\\Users\\Muiz\\AppData\\Local\\Programs\\Python\\Python313\\Lib\\site-packages\\scipy\\fft\\_helper.py', reloading
2026-07-04 16:02:47,157 - INFO -  * Detected change in 'C:\\Users\\Muiz\\AppData\\Local\\Programs\\Python\\Python313\\Lib\\site-packages\\scipy\\fft\\_backend.py', reloading
2026-07-04 16:02:47,169 - INFO -  * Detected change in 'C:\\Users\\Muiz\\AppData\\Local\\Programs\\Python\\Python313\\Lib\\site-packages\\scipy\\fft\\_pocketfft\\helper.py', reloading
2026-07-04 16:02:47,181 - INFO -  * Detected change in 'C:\\Users\\Muiz\\AppData\\Local\\Programs\\Python\\Python313\\Lib\\site-packages\\scipy\\fftpack\\__init__.py', reloading
2026-07-04 16:02:47,197 - INFO -  * Detected change in 'C:\\Users\\Muiz\\AppData\\Local\\Programs\\Python\\Python313\\Lib\\site-packages\\scipy\\fftpack\\_basic.py', reloading
2026-07-04 16:02:47,209 - INFO -  * Detected change in 'C:\\Users\\Muiz\\AppData\\Local\\Programs\\Python\\Python313\\Lib\\site-packages\\scipy\\fftpack\\_pseudo_diffs.py', reloading
2026-07-04 16:02:47,498 - INFO -  * Restarting with watchdog (windowsapi)
2026-07-04 16:02:49,369 - INFO - Model and TF-IDF vectorizer loaded successfully.
2026-07-04 16:02:49,769 - WARNING -  * Debugger is active!
2026-07-04 16:02:49,771 - INFO -  * Debugger PIN: 603-667-668
2026-07-04 16:02:49,793 - INFO -  * Detected change in 'C:\\Users\\Muiz\\AppData\\Local\\Programs\\Python\\Python313\\Lib\\site-packages\\scipy\\version.py', reloading
2026-07-04 16:02:49,803 - INFO -  * Detected change in 'C:\\Users\\Muiz\\AppData\\Local\\Programs\\Python\\Python313\\Lib\\site-packages\\scipy\\__config__.py', reloading
2026-07-04 16:02:49,814 - INFO -  * Detected change in 'C:\\Users\\Muiz\\AppData\\Local\\Programs\\Python\\Python313\\Lib\\site-packages\\scipy\\__init__.py', reloading
2026-07-04 16:02:49,826 - INFO -  * Detected change in 'C:\\Users\\Muiz\\AppData\\Local\\Programs\\Python\\Python313\\Lib\\site-packages\\sentence_transformers\\__init__.py', reloading
2026-07-04 16:02:49,858 - INFO -  * Detected change in 'C:\\Users\\Muiz\\AppData\\Local\\Programs\\Python\\Python313\\Lib\\site-packages\\sentence_transformers\\backend\\__init__.py', reloading
2026-07-04 16:02:49,870 - INFO -  * Detected change in 'C:\\Users\\Muiz\\AppData\\Local\\Programs\\Python\\Python313\\Lib\\site-packages\\sentence_transformers\\backend\\quantize.py', reloading
2026-07-04 16:02:49,885 - INFO -  * Detected change in 'C:\\Users\\Muiz\\AppData\\Local\\Programs\\Python\\Python313\\Lib\\site-packages\\sentence_transformers\\backend\\optimize.py', reloading
2026-07-04 16:02:49,904 - INFO -  * Detected change in 'C:\\Users\\Muiz\\AppData\\Local\\Programs\\Python\\Python313\\Lib\\site-packages\\sentence_transformers\\cross_encoder\\__init__.py', reloading
2026-07-04 16:02:49,920 - INFO -  * Detected change in 'C:\\Users\\Muiz\\AppData\\Local\\Programs\\Python\\Python313\\Lib\\site-packages\\sentence_transformers\\cross_encoder\\CrossEncoder.py', reloading
2026-07-04 16:02:49,942 - INFO -  * Detected change in 'C:\\Users\\Muiz\\AppData\\Local\\Programs\\Python\\Python313\\Lib\\site-packages\\sentence_transformers\\cross_encoder\\model_card.py', reloading
2026-07-04 16:02:49,953 - INFO -  * Detected change in 'C:\\Users\\Muiz\\AppData\\Local\\Programs\\Python\\Python313\\Lib\\site-packages\\sentence_transformers\\cross_encoder\\trainer.py', reloading
2026-07-04 16:02:49,968 - INFO -  * Detected change in 'C:\\Users\\Muiz\\AppData\\Local\\Programs\\Python\\Python313\\Lib\\site-packages\\sentence_transformers\\cross_encoder\\training_args.py', reloading
2026-07-04 16:02:49,979 - INFO -  * Detected change in 'C:\\Users\\Muiz\\AppData\\Local\\Programs\\Python\\Python313\\Lib\\site-packages\\sentence_transformers\\datasets\\__init__.py', reloading
2026-07-04 16:02:49,991 - INFO -  * Detected change in 'C:\\Users\\Muiz\\AppData\\Local\\Programs\\Python\\Python313\\Lib\\site-packages\\sentence_transformers\\datasets\\ParallelSentencesDataset.py', reloading
2026-07-04 16:02:50,010 - INFO -  * Detected change in 'C:\\Users\\Muiz\\AppData\\Local\\Programs\\Python\\Python313\\Lib\\site-packages\\sentence_transformers\\datasets\\SentencesDataset.py', reloading
2026-07-04 16:02:50,048 - INFO -  * Detected change in 'C:\\Users\\Muiz\\AppData\\Local\\Programs\\Python\\Python313\\Lib\\site-packages\\sentence_transformers\\LoggingHandler.py', reloading
2026-07-04 16:02:50,062 - INFO -  * Detected change in 'C:\\Users\\Muiz\\AppData\\Local\\Programs\\Python\\Python313\\Lib\\site-packages\\sentence_transformers\\model_card.py', reloading
2026-07-04 16:02:50,079 - INFO -  * Detected change in 'C:\\Users\\Muiz\\AppData\\Local\\Programs\\Python\\Python313\\Lib\\site-packages\\sentence_transformers\\quantization.py', reloading
2026-07-04 16:02:50,091 - INFO -  * Detected change in 'C:\\Users\\Muiz\\AppData\\Local\\Programs\\Python\\Python313\\Lib\\site-packages\\sentence_transformers\\readers\\__init__.py', reloading
2026-07-04 16:02:50,100 - INFO -  * Detected change in 'C:\\Users\\Muiz\\AppData\\Local\\Programs\\Python\\Python313\\Lib\\site-packages\\sentence_transformers\\readers\\InputExample.py', reloading
2026-07-04 16:02:50,111 - INFO -  * Detected change in 'C:\\Users\\Muiz\\AppData\\Local\\Programs\\Python\\Python313\\Lib\\site-packages\\sentence_transformers\\sampler.py', reloading
2026-07-04 16:02:50,126 - INFO -  * Detected change in 'C:\\Users\\Muiz\\AppData\\Local\\Programs\\Python\\Python313\\Lib\\site-packages\\sentence_transformers\\SentenceTransformer.py', reloading
2026-07-04 16:02:50,150 - INFO -  * Detected change in 'C:\\Users\\Muiz\\AppData\\Local\\Programs\\Python\\Python313\\Lib\\site-packages\\sentence_transformers\\similarity_functions.py', reloading
2026-07-04 16:02:50,167 - INFO -  * Detected change in 'C:\\Users\\Muiz\\AppData\\Local\\Programs\\Python\\Python313\\Lib\\site-packages\\sentence_transformers\\sparse_encoder\\__init__.py', reloading
2026-07-04 16:02:50,181 - INFO -  * Detected change in 'C:\\Users\\Muiz\\AppData\\Local\\Programs\\Python\\Python313\\Lib\\site-packages\\sentence_transformers\\sparse_encoder\\SparseEncoder.py', reloading
2026-07-04 16:02:50,197 - INFO -  * Detected change in 'C:\\Users\\Muiz\\AppData\\Local\\Programs\\Python\\Python313\\Lib\\site-packages\\sentence_transformers\\sparse_encoder\\model_card.py', reloading
2026-07-04 16:02:50,209 - INFO -  * Detected change in 'C:\\Users\\Muiz\\AppData\\Local\\Programs\\Python\\Python313\\Lib\\site-packages\\sentence_transformers\\sparse_encoder\\trainer.py', reloading
2026-07-04 16:02:50,221 - INFO -  * Detected change in 'C:\\Users\\Muiz\\AppData\\Local\\Programs\\Python\\Python313\\Lib\\site-packages\\sentence_transformers\\sparse_encoder\\training_args.py', reloading
2026-07-04 16:02:50,231 - INFO -  * Detected change in 'C:\\Users\\Muiz\\AppData\\Local\\Programs\\Python\\Python313\\Lib\\site-packages\\sentence_transformers\\trainer.py', reloading
2026-07-04 16:02:50,246 - INFO -  * Detected change in 'C:\\Users\\Muiz\\AppData\\Local\\Programs\\Python\\Python313\\Lib\\site-packages\\sentence_transformers\\training_args.py', reloading
2026-07-04 16:02:50,257 - INFO -  * Detected change in 'C:\\Users\\Muiz\\AppData\\Local\\Programs\\Python\\Python313\\Lib\\site-packages\\sentence_transformers\\util\\__init__.py', reloading
2026-07-04 16:02:50,269 - INFO -  * Detected change in 'C:\\Users\\Muiz\\AppData\\Local\\Programs\\Python\\Python313\\Lib\\site-packages\\sentence_transformers\\util\\hard_negatives.py', reloading
2026-07-04 16:02:50,287 - INFO -  * Detected change in 'C:\\Users\\Muiz\\AppData\\Local\\Programs\\Python\\Python313\\Lib\\site-packages\\sklearn\\frozen\\__init__.py', reloading
2026-07-04 16:02:50,297 - INFO -  * Detected change in 'C:\\Users\\Muiz\\AppData\\Local\\Programs\\Python\\Python313\\Lib\\site-packages\\sklearn\\frozen\\_frozen.py', reloading
2026-07-04 16:02:50,315 - INFO -  * Detected change in 'C:\\Users\\Muiz\\AppData\\Local\\Programs\\Python\\Python313\\Lib\\site-packages\\smmap\\__init__.py', reloading
2026-07-04 16:02:50,326 - INFO -  * Detected change in 'C:\\Users\\Muiz\\AppData\\Local\\Programs\\Python\\Python313\\Lib\\site-packages\\sniffio\\__init__.py', reloading
2026-07-04 16:02:50,336 - INFO -  * Detected change in 'C:\\Users\\Muiz\\AppData\\Local\\Programs\\Python\\Python313\\Lib\\site-packages\\sniffio\\_impl.py', reloading
2026-07-04 16:02:50,348 - INFO -  * Detected change in 'C:\\Users\\Muiz\\AppData\\Local\\Programs\\Python\\Python313\\Lib\\site-packages\\soupsieve\\__init__.py', reloading
2026-07-04 16:02:50,359 - INFO -  * Detected change in 'C:\\Users\\Muiz\\AppData\\Local\\Programs\\Python\\Python313\\Lib\\site-packages\\soupsieve\\util.py', reloading
2026-07-04 16:02:50,374 - INFO -  * Detected change in 'C:\\Users\\Muiz\\AppData\\Local\\Programs\\Python\\Python313\\Lib\\site-packages\\spicy\\__init__.py', reloading
2026-07-04 16:02:50,403 - INFO -  * Detected change in 'C:\\Users\\Muiz\\AppData\\Local\\Programs\\Python\\Python313\\Lib\\site-packages\\sqlalchemy\\__init__.py', reloading
2026-07-04 16:02:50,420 - INFO -  * Detected change in 'C:\\Users\\Muiz\\AppData\\Local\\Programs\\Python\\Python313\\Lib\\site-packages\\sqlalchemy\\engine\\__init__.py', reloading
2026-07-04 16:02:50,436 - INFO -  * Detected change in 'C:\\Users\\Muiz\\AppData\\Local\\Programs\\Python\\Python313\\Lib\\site-packages\\sqlalchemy\\engine\\interfaces.py', reloading
2026-07-04 16:02:50,454 - INFO -  * Detected change in 'C:\\Users\\Muiz\\AppData\\Local\\Programs\\Python\\Python313\\Lib\\site-packages\\sqlalchemy\\engine\\row.py', reloading
2026-07-04 16:02:50,465 - INFO -  * Detected change in 'C:\\Users\\Muiz\\AppData\\Local\\Programs\\Python\\Python313\\Lib\\site-packages\\sqlalchemy\\engine\\_py_row.py', reloading
2026-07-04 16:02:50,482 - INFO -  * Detected change in 'C:\\Users\\Muiz\\AppData\\Local\\Programs\\Python\\Python313\\Lib\\site-packages\\sqlalchemy\\engine\\result.py', reloading
2026-07-04 16:02:50,505 - INFO -  * Detected change in 'C:\\Users\\Muiz\\AppData\\Local\\Programs\\Python\\Python313\\Lib\\site-packages\\sqlalchemy\\sql\\compiler.py', reloading
2026-07-04 16:02:50,540 - INFO -  * Detected change in 'C:\\Users\\Muiz\\AppData\\Local\\Programs\\Python\\Python313\\Lib\\site-packages\\sqlalchemy\\engine\\base.py', reloading
2026-07-04 16:02:50,561 - INFO -  * Detected change in 'C:\\Users\\Muiz\\AppData\\Local\\Programs\\Python\\Python313\\Lib\\site-packages\\sqlalchemy\\engine\\create.py', reloading
2026-07-04 16:02:50,574 - INFO -  * Detected change in 'C:\\Users\\Muiz\\AppData\\Local\\Programs\\Python\\Python313\\Lib\\site-packages\\sqlalchemy\\engine\\mock.py', reloading
2026-07-04 16:02:50,588 - INFO -  * Detected change in 'C:\\Users\\Muiz\\AppData\\Local\\Programs\\Python\\Python313\\Lib\\site-packages\\sqlalchemy\\engine\\cursor.py', reloading
2026-07-04 16:02:50,607 - INFO -  * Detected change in 'C:\\Users\\Muiz\\AppData\\Local\\Programs\\Python\\Python313\\Lib\\site-packages\\sqlalchemy\\engine\\reflection.py', reloading
2026-07-04 16:02:50,624 - INFO -  * Detected change in 'C:\\Users\\Muiz\\AppData\\Local\\Programs\\Python\\Python313\\Lib\\site-packages\\sqlalchemy\\engine\\url.py', reloading
2026-07-04 16:02:50,639 - INFO -  * Detected change in 'C:\\Users\\Muiz\\AppData\\Local\\Programs\\Python\\Python313\\Lib\\site-packages\\sqlalchemy\\inspection.py', reloading
2026-07-04 16:02:50,649 - INFO -  * Detected change in 'C:\\Users\\Muiz\\AppData\\Local\\Programs\\Python\\Python313\\Lib\\site-packages\\sqlalchemy\\pool\\__init__.py', reloading
2026-07-04 16:02:50,659 - INFO -  * Detected change in 'C:\\Users\\Muiz\\AppData\\Local\\Programs\\Python\\Python313\\Lib\\site-packages\\sqlalchemy\\pool\\impl.py', reloading
2026-07-04 16:02:50,673 - INFO -  * Detected change in 'C:\\Users\\Muiz\\AppData\\Local\\Programs\\Python\\Python313\\Lib\\site-packages\\sqlalchemy\\pool\\base.py', reloading
2026-07-04 16:02:50,688 - INFO -  * Detected change in 'C:\\Users\\Muiz\\AppData\\Local\\Programs\\Python\\Python313\\Lib\\site-packages\\sqlalchemy\\schema.py', reloading
2026-07-04 16:02:50,701 - INFO -  * Detected change in 'C:\\Users\\Muiz\\AppData\\Local\\Programs\\Python\\Python313\\Lib\\site-packages\\sqlalchemy\\sql\\ddl.py', reloading
2026-07-04 16:02:50,723 - INFO -  * Detected change in 'C:\\Users\\Muiz\\AppData\\Local\\Programs\\Python\\Python313\\Lib\\site-packages\\sqlalchemy\\sql\\schema.py', reloading
2026-07-04 16:02:50,749 - INFO -  * Detected change in 'C:\\Users\\Muiz\\AppData\\Local\\Programs\\Python\\Python313\\Lib\\site-packages\\sqlalchemy\\sql\\__init__.py', reloading
2026-07-04 16:02:50,761 - INFO -  * Detected change in 'C:\\Users\\Muiz\\AppData\\Local\\Programs\\Python\\Python313\\Lib\\site-packages\\sqlalchemy\\sql\\_typing.py', reloading
2026-07-04 16:02:50,776 - INFO -  * Detected change in 'C:\\Users\\Muiz\\AppData\\Local\\Programs\\Python\\Python313\\Lib\\site-packages\\sqlalchemy\\sql\\expression.py', reloading
2026-07-04 16:02:51,060 - INFO -  * Restarting with watchdog (windowsapi)
2026-07-04 16:02:53,054 - INFO - Model and TF-IDF vectorizer loaded successfully.
2026-07-04 16:02:53,403 - WARNING -  * Debugger is active!
2026-07-04 16:02:53,405 - INFO -  * Debugger PIN: 603-667-668
2026-07-04 16:02:53,425 - INFO -  * Detected change in 'C:\\Users\\Muiz\\AppData\\Local\\Programs\\Python\\Python313\\Lib\\site-packages\\transformers\\models\\auto\\image_processing_auto.py', reloading
2026-07-04 16:02:53,440 - INFO -  * Detected change in 'C:\\Users\\Muiz\\AppData\\Local\\Programs\\Python\\Python313\\Lib\\site-packages\\transformers\\models\\auto\\modeling_auto.py', reloading
2026-07-04 16:02:53,460 - INFO -  * Detected change in 'C:\\Users\\Muiz\\AppData\\Local\\Programs\\Python\\Python313\\Lib\\site-packages\\transformers\\models\\auto\\modeling_flax_auto.py', reloading
2026-07-04 16:02:53,471 - INFO -  * Detected change in 'C:\\Users\\Muiz\\AppData\\Local\\Programs\\Python\\Python313\\Lib\\site-packages\\transformers\\models\\auto\\modeling_tf_auto.py', reloading
2026-07-04 16:02:53,485 - INFO -  * Detected change in 'C:\\Users\\Muiz\\AppData\\Local\\Programs\\Python\\Python313\\Lib\\site-packages\\transformers\\models\\auto\\processing_auto.py', reloading
2026-07-04 16:02:53,512 - INFO -  * Detected change in 'C:\\Users\\Muiz\\AppData\\Local\\Programs\\Python\\Python313\\Lib\\site-packages\\transformers\\models\\auto\\tokenization_auto.py', reloading
2026-07-04 16:02:53,534 - INFO -  * Detected change in 'C:\\Users\\Muiz\\AppData\\Local\\Programs\\Python\\Python313\\Lib\\site-packages\\transformers\\models\\auto\\video_processing_auto.py', reloading
2026-07-04 16:02:53,545 - INFO -  * Detected change in 'C:\\Users\\Muiz\\AppData\\Local\\Programs\\Python\\Python313\\Lib\\site-packages\\transformers\\models\\autoformer\\__init__.py', reloading
2026-07-04 16:02:53,556 - INFO -  * Detected change in 'C:\\Users\\Muiz\\AppData\\Local\\Programs\\Python\\Python313\\Lib\\site-packages\\transformers\\models\\autoformer\\configuration_autoformer.py', reloading
2026-07-04 16:02:53,570 - INFO -  * Detected change in 'C:\\Users\\Muiz\\AppData\\Local\\Programs\\Python\\Python313\\Lib\\site-packages\\transformers\\models\\autoformer\\modeling_autoformer.py', reloading
2026-07-04 16:02:53,586 - INFO -  * Detected change in 'C:\\Users\\Muiz\\AppData\\Local\\Programs\\Python\\Python313\\Lib\\site-packages\\transformers\\models\\aya_vision\\__init__.py', reloading
2026-07-04 16:02:53,596 - INFO -  * Detected change in 'C:\\Users\\Muiz\\AppData\\Local\\Programs\\Python\\Python313\\Lib\\site-packages\\transformers\\models\\aya_vision\\configuration_aya_vision.py', reloading
2026-07-04 16:02:53,608 - INFO -  * Detected change in 'C:\\Users\\Muiz\\AppData\\Local\\Programs\\Python\\Python313\\Lib\\site-packages\\transformers\\models\\aya_vision\\modeling_aya_vision.py', reloading
2026-07-04 16:02:53,622 - INFO -  * Detected change in 'C:\\Users\\Muiz\\AppData\\Local\\Programs\\Python\\Python313\\Lib\\site-packages\\transformers\\models\\aya_vision\\processing_aya_vision.py', reloading
2026-07-04 16:02:53,632 - INFO -  * Detected change in 'C:\\Users\\Muiz\\AppData\\Local\\Programs\\Python\\Python313\\Lib\\site-packages\\transformers\\models\\bamba\\__init__.py', reloading
2026-07-04 16:02:53,644 - INFO -  * Detected change in 'C:\\Users\\Muiz\\AppData\\Local\\Programs\\Python\\Python313\\Lib\\site-packages\\transformers\\models\\bamba\\configuration_bamba.py', reloading
2026-07-04 16:02:53,657 - INFO -  * Detected change in 'C:\\Users\\Muiz\\AppData\\Local\\Programs\\Python\\Python313\\Lib\\site-packages\\transformers\\models\\bamba\\modeling_bamba.py', reloading
2026-07-04 16:02:53,671 - INFO -  * Detected change in 'C:\\Users\\Muiz\\AppData\\Local\\Programs\\Python\\Python313\\Lib\\site-packages\\transformers\\models\\bark\\__init__.py', reloading
2026-07-04 16:02:53,684 - INFO -  * Detected change in 'C:\\Users\\Muiz\\AppData\\Local\\Programs\\Python\\Python313\\Lib\\site-packages\\transformers\\models\\bark\\configuration_bark.py', reloading
2026-07-04 16:02:53,696 - INFO -  * Detected change in 'C:\\Users\\Muiz\\AppData\\Local\\Programs\\Python\\Python313\\Lib\\site-packages\\transformers\\models\\bark\\modeling_bark.py', reloading
2026-07-04 16:02:53,712 - INFO -  * Detected change in 'C:\\Users\\Muiz\\AppData\\Local\\Programs\\Python\\Python313\\Lib\\site-packages\\transformers\\models\\bark\\processing_bark.py', reloading
2026-07-04 16:02:53,723 - INFO -  * Detected change in 'C:\\Users\\Muiz\\AppData\\Local\\Programs\\Python\\Python313\\Lib\\site-packages\\transformers\\models\\bart\\__init__.py', reloading
2026-07-04 16:02:53,734 - INFO -  * Detected change in 'C:\\Users\\Muiz\\AppData\\Local\\Programs\\Python\\Python313\\Lib\\site-packages\\transformers\\models\\bart\\configuration_bart.py', reloading
2026-07-04 16:02:53,749 - INFO -  * Detected change in 'C:\\Users\\Muiz\\AppData\\Local\\Programs\\Python\\Python313\\Lib\\site-packages\\transformers\\models\\bart\\modeling_bart.py', reloading
2026-07-04 16:02:53,768 - INFO -  * Detected change in 'C:\\Users\\Muiz\\AppData\\Local\\Programs\\Python\\Python313\\Lib\\site-packages\\transformers\\models\\bart\\modeling_flax_bart.py', reloading
2026-07-04 16:02:53,800 - INFO -  * Detected change in 'C:\\Users\\Muiz\\AppData\\Local\\Programs\\Python\\Python313\\Lib\\site-packages\\transformers\\models\\bart\\modeling_tf_bart.py', reloading
2026-07-04 16:02:53,835 - INFO -  * Detected change in 'C:\\Users\\Muiz\\AppData\\Local\\Programs\\Python\\Python313\\Lib\\site-packages\\transformers\\models\\bart\\tokenization_bart.py', reloading
2026-07-04 16:02:53,860 - INFO -  * Detected change in 'C:\\Users\\Muiz\\AppData\\Local\\Programs\\Python\\Python313\\Lib\\site-packages\\transformers\\models\\bart\\tokenization_bart_fast.py', reloading
2026-07-04 16:02:53,873 - INFO -  * Detected change in 'C:\\Users\\Muiz\\AppData\\Local\\Programs\\Python\\Python313\\Lib\\site-packages\\transformers\\models\\barthez\\__init__.py', reloading
2026-07-04 16:02:53,884 - INFO -  * Detected change in 'C:\\Users\\Muiz\\AppData\\Local\\Programs\\Python\\Python313\\Lib\\site-packages\\transformers\\models\\barthez\\tokenization_barthez.py', reloading
2026-07-04 16:02:53,896 - INFO -  * Detected change in 'C:\\Users\\Muiz\\AppData\\Local\\Programs\\Python\\Python313\\Lib\\site-packages\\transformers\\models\\barthez\\tokenization_barthez_fast.py', reloading
2026-07-04 16:02:53,912 - INFO -  * Detected change in 'C:\\Users\\Muiz\\AppData\\Local\\Programs\\Python\\Python313\\Lib\\site-packages\\transformers\\models\\bartpho\\__init__.py', reloading
2026-07-04 16:02:53,924 - INFO -  * Detected change in 'C:\\Users\\Muiz\\AppData\\Local\\Programs\\Python\\Python313\\Lib\\site-packages\\transformers\\models\\bartpho\\tokenization_bartpho.py', reloading
2026-07-04 16:02:53,934 - INFO -  * Detected change in 'C:\\Users\\Muiz\\AppData\\Local\\Programs\\Python\\Python313\\Lib\\site-packages\\transformers\\models\\beit\\__init__.py', reloading
2026-07-04 16:02:53,946 - INFO -  * Detected change in 'C:\\Users\\Muiz\\AppData\\Local\\Programs\\Python\\Python313\\Lib\\site-packages\\transformers\\models\\beit\\configuration_beit.py', reloading
2026-07-04 16:02:53,956 - INFO -  * Detected change in 'C:\\Users\\Muiz\\AppData\\Local\\Programs\\Python\\Python313\\Lib\\site-packages\\transformers\\models\\beit\\feature_extraction_beit.py', reloading
2026-07-04 16:02:53,968 - INFO -  * Detected change in 'C:\\Users\\Muiz\\AppData\\Local\\Programs\\Python\\Python313\\Lib\\site-packages\\transformers\\models\\beit\\image_processing_beit.py', reloading
2026-07-04 16:02:53,979 - INFO -  * Detected change in 'C:\\Users\\Muiz\\AppData\\Local\\Programs\\Python\\Python313\\Lib\\site-packages\\transformers\\models\\beit\\image_processing_beit_fast.py', reloading
2026-07-04 16:02:53,993 - INFO -  * Detected change in 'C:\\Users\\Muiz\\AppData\\Local\\Programs\\Python\\Python313\\Lib\\site-packages\\transformers\\models\\beit\\modeling_beit.py', reloading
2026-07-04 16:02:54,010 - INFO -  * Detected change in 'C:\\Users\\Muiz\\AppData\\Local\\Programs\\Python\\Python313\\Lib\\site-packages\\transformers\\models\\beit\\modeling_flax_beit.py', reloading
2026-07-04 16:02:54,029 - INFO -  * Detected change in 'C:\\Users\\Muiz\\AppData\\Local\\Programs\\Python\\Python313\\Lib\\site-packages\\transformers\\models\\bert\\__init__.py', reloading
2026-07-04 16:02:54,041 - INFO -  * Detected change in 'C:\\Users\\Muiz\\AppData\\Local\\Programs\\Python\\Python313\\Lib\\site-packages\\transformers\\models\\bert\\configuration_bert.py', reloading
2026-07-04 16:02:54,056 - INFO -  * Detected change in 'C:\\Users\\Muiz\\AppData\\Local\\Programs\\Python\\Python313\\Lib\\site-packages\\transformers\\models\\bert\\modeling_bert.py', reloading
2026-07-04 16:02:54,074 - INFO -  * Detected change in 'C:\\Users\\Muiz\\AppData\\Local\\Programs\\Python\\Python313\\Lib\\site-packages\\transformers\\models\\bert\\modeling_flax_bert.py', reloading
2026-07-04 16:02:54,092 - INFO -  * Detected change in 'C:\\Users\\Muiz\\AppData\\Local\\Programs\\Python\\Python313\\Lib\\site-packages\\transformers\\models\\bert\\modeling_tf_bert.py', reloading
2026-07-04 16:02:54,111 - INFO -  * Detected change in 'C:\\Users\\Muiz\\AppData\\Local\\Programs\\Python\\Python313\\Lib\\site-packages\\transformers\\models\\bert\\tokenization_bert.py', reloading
2026-07-04 16:02:54,123 - INFO -  * Detected change in 'C:\\Users\\Muiz\\AppData\\Local\\Programs\\Python\\Python313\\Lib\\site-packages\\transformers\\models\\bert\\tokenization_bert_fast.py', reloading
2026-07-04 16:02:54,134 - INFO -  * Detected change in 'C:\\Users\\Muiz\\AppData\\Local\\Programs\\Python\\Python313\\Lib\\site-packages\\transformers\\models\\bert\\tokenization_bert_tf.py', reloading
2026-07-04 16:02:54,144 - INFO -  * Detected change in 'C:\\Users\\Muiz\\AppData\\Local\\Programs\\Python\\Python313\\Lib\\site-packages\\transformers\\models\\bert_generation\\__init__.py', reloading
2026-07-04 16:02:54,156 - INFO -  * Detected change in 'C:\\Users\\Muiz\\AppData\\Local\\Programs\\Python\\Python313\\Lib\\site-packages\\transformers\\models\\bert_generation\\configuration_bert_generation.py', reloading
2026-07-04 16:02:54,168 - INFO -  * Detected change in 'C:\\Users\\Muiz\\AppData\\Local\\Programs\\Python\\Python313\\Lib\\site-packages\\transformers\\models\\bert_generation\\modeling_bert_generation.py', reloading
2026-07-04 16:02:54,183 - INFO -  * Detected change in 'C:\\Users\\Muiz\\AppData\\Local\\Programs\\Python\\Python313\\Lib\\site-packages\\transformers\\models\\bert_generation\\tokenization_bert_generation.py', reloading
2026-07-04 16:02:54,193 - INFO -  * Detected change in 'C:\\Users\\Muiz\\AppData\\Local\\Programs\\Python\\Python313\\Lib\\site-packages\\transformers\\models\\bert_japanese\\__init__.py', reloading
2026-07-04 16:02:54,205 - INFO -  * Detected change in 'C:\\Users\\Muiz\\AppData\\Local\\Programs\\Python\\Python313\\Lib\\site-packages\\transformers\\models\\bert_japanese\\tokenization_bert_japanese.py', reloading
2026-07-04 16:02:54,216 - INFO -  * Detected change in 'C:\\Users\\Muiz\\AppData\\Local\\Programs\\Python\\Python313\\Lib\\site-packages\\transformers\\models\\bertweet\\__init__.py', reloading
2026-07-04 16:02:54,228 - INFO -  * Detected change in 'C:\\Users\\Muiz\\AppData\\Local\\Programs\\Python\\Python313\\Lib\\site-packages\\transformers\\models\\bertweet\\tokenization_bertweet.py', reloading
2026-07-04 16:02:54,239 - INFO -  * Detected change in 'C:\\Users\\Muiz\\AppData\\Local\\Programs\\Python\\Python313\\Lib\\site-packages\\transformers\\models\\big_bird\\__init__.py', reloading
2026-07-04 16:02:54,252 - INFO -  * Detected change in 'C:\\Users\\Muiz\\AppData\\Local\\Programs\\Python\\Python313\\Lib\\site-packages\\transformers\\models\\big_bird\\configuration_big_bird.py', reloading
2026-07-04 16:02:54,268 - INFO -  * Detected change in 'C:\\Users\\Muiz\\AppData\\Local\\Programs\\Python\\Python313\\Lib\\site-packages\\transformers\\models\\big_bird\\modeling_big_bird.py', reloading
2026-07-04 16:02:54,289 - INFO -  * Detected change in 'C:\\Users\\Muiz\\AppData\\Local\\Programs\\Python\\Python313\\Lib\\site-packages\\transformers\\models\\big_bird\\modeling_flax_big_bird.py', reloading
2026-07-04 16:02:54,320 - INFO -  * Detected change in 'C:\\Users\\Muiz\\AppData\\Local\\Programs\\Python\\Python313\\Lib\\site-packages\\transformers\\models\\big_bird\\tokenization_big_bird.py', reloading
2026-07-04 16:02:54,346 - INFO -  * Detected change in 'C:\\Users\\Muiz\\AppData\\Local\\Programs\\Python\\Python313\\Lib\\site-packages\\transformers\\models\\big_bird\\tokenization_big_bird_fast.py', reloading
2026-07-04 16:02:54,364 - INFO -  * Detected change in 'C:\\Users\\Muiz\\AppData\\Local\\Programs\\Python\\Python313\\Lib\\site-packages\\transformers\\models\\bigbird_pegasus\\__init__.py', reloading
2026-07-04 16:02:54,390 - INFO -  * Detected change in 'C:\\Users\\Muiz\\AppData\\Local\\Programs\\Python\\Python313\\Lib\\site-packages\\transformers\\models\\bigbird_pegasus\\configuration_bigbird_pegasus.py', reloading
2026-07-04 16:02:54,692 - INFO -  * Restarting with watchdog (windowsapi)
2026-07-04 16:02:56,519 - INFO - Model and TF-IDF vectorizer loaded successfully.
2026-07-04 16:02:56,956 - WARNING -  * Debugger is active!
2026-07-04 16:02:56,958 - INFO -  * Debugger PIN: 603-667-668
2026-07-04 16:02:56,979 - INFO -  * Detected change in 'C:\\Users\\Muiz\\AppData\\Local\\Programs\\Python\\Python313\\Lib\\site-packages\\transformers\\models\\data2vec\\modeling_tf_data2vec_vision.py', reloading
2026-07-04 16:02:56,992 - INFO -  * Detected change in 'C:\\Users\\Muiz\\AppData\\Local\\Programs\\Python\\Python313\\Lib\\site-packages\\transformers\\models\\dbrx\\__init__.py', reloading
2026-07-04 16:02:57,003 - INFO -  * Detected change in 'C:\\Users\\Muiz\\AppData\\Local\\Programs\\Python\\Python313\\Lib\\site-packages\\transformers\\models\\dbrx\\configuration_dbrx.py', reloading
2026-07-04 16:02:57,015 - INFO -  * Detected change in 'C:\\Users\\Muiz\\AppData\\Local\\Programs\\Python\\Python313\\Lib\\site-packages\\transformers\\models\\dbrx\\modeling_dbrx.py', reloading
2026-07-04 16:02:57,029 - INFO -  * Detected change in 'C:\\Users\\Muiz\\AppData\\Local\\Programs\\Python\\Python313\\Lib\\site-packages\\transformers\\models\\deberta\\__init__.py', reloading
2026-07-04 16:02:57,039 - INFO -  * Detected change in 'C:\\Users\\Muiz\\AppData\\Local\\Programs\\Python\\Python313\\Lib\\site-packages\\transformers\\models\\deberta\\configuration_deberta.py', reloading
2026-07-04 16:02:57,052 - INFO -  * Detected change in 'C:\\Users\\Muiz\\AppData\\Local\\Programs\\Python\\Python313\\Lib\\site-packages\\transformers\\models\\deberta\\modeling_deberta.py', reloading
2026-07-04 16:02:57,068 - INFO -  * Detected change in 'C:\\Users\\Muiz\\AppData\\Local\\Programs\\Python\\Python313\\Lib\\site-packages\\transformers\\models\\deberta\\modeling_tf_deberta.py', reloading
2026-07-04 16:02:57,085 - INFO -  * Detected change in 'C:\\Users\\Muiz\\AppData\\Local\\Programs\\Python\\Python313\\Lib\\site-packages\\transformers\\models\\deberta\\tokenization_deberta.py', reloading
2026-07-04 16:02:57,097 - INFO -  * Detected change in 'C:\\Users\\Muiz\\AppData\\Local\\Programs\\Python\\Python313\\Lib\\site-packages\\transformers\\models\\deberta\\tokenization_deberta_fast.py', reloading
2026-07-04 16:02:57,107 - INFO -  * Detected change in 'C:\\Users\\Muiz\\AppData\\Local\\Programs\\Python\\Python313\\Lib\\site-packages\\transformers\\models\\deberta_v2\\__init__.py', reloading
2026-07-04 16:02:57,119 - INFO -  * Detected change in 'C:\\Users\\Muiz\\AppData\\Local\\Programs\\Python\\Python313\\Lib\\site-packages\\transformers\\models\\deberta_v2\\configuration_deberta_v2.py', reloading
2026-07-04 16:02:57,132 - INFO -  * Detected change in 'C:\\Users\\Muiz\\AppData\\Local\\Programs\\Python\\Python313\\Lib\\site-packages\\transformers\\models\\deberta_v2\\modeling_deberta_v2.py', reloading
2026-07-04 16:02:57,150 - INFO -  * Detected change in 'C:\\Users\\Muiz\\AppData\\Local\\Programs\\Python\\Python313\\Lib\\site-packages\\transformers\\models\\deberta_v2\\modeling_tf_deberta_v2.py', reloading
2026-07-04 16:02:57,170 - INFO -  * Detected change in 'C:\\Users\\Muiz\\AppData\\Local\\Programs\\Python\\Python313\\Lib\\site-packages\\transformers\\models\\deberta_v2\\tokenization_deberta_v2.py', reloading
2026-07-04 16:02:57,182 - INFO -  * Detected change in 'C:\\Users\\Muiz\\AppData\\Local\\Programs\\Python\\Python313\\Lib\\site-packages\\transformers\\models\\deberta_v2\\tokenization_deberta_v2_fast.py', reloading
2026-07-04 16:02:57,192 - INFO -  * Detected change in 'C:\\Users\\Muiz\\AppData\\Local\\Programs\\Python\\Python313\\Lib\\site-packages\\transformers\\models\\decision_transformer\\__init__.py', reloading
2026-07-04 16:02:57,203 - INFO -  * Detected change in 'C:\\Users\\Muiz\\AppData\\Local\\Programs\\Python\\Python313\\Lib\\site-packages\\transformers\\models\\decision_transformer\\configuration_decision_transformer.py', reloading
2026-07-04 16:02:57,215 - INFO -  * Detected change in 'C:\\Users\\Muiz\\AppData\\Local\\Programs\\Python\\Python313\\Lib\\site-packages\\transformers\\models\\decision_transformer\\modeling_decision_transformer.py', reloading
2026-07-04 16:02:57,229 - INFO -  * Detected change in 'C:\\Users\\Muiz\\AppData\\Local\\Programs\\Python\\Python313\\Lib\\site-packages\\transformers\\models\\deepseek_v2\\__init__.py', reloading
2026-07-04 16:02:57,239 - INFO -  * Detected change in 'C:\\Users\\Muiz\\AppData\\Local\\Programs\\Python\\Python313\\Lib\\site-packages\\transformers\\models\\deepseek_v2\\configuration_deepseek_v2.py', reloading
2026-07-04 16:02:57,250 - INFO -  * Detected change in 'C:\\Users\\Muiz\\AppData\\Local\\Programs\\Python\\Python313\\Lib\\site-packages\\transformers\\models\\deepseek_v2\\modeling_deepseek_v2.py', reloading
2026-07-04 16:02:57,262 - INFO -  * Detected change in 'C:\\Users\\Muiz\\AppData\\Local\\Programs\\Python\\Python313\\Lib\\site-packages\\transformers\\models\\deepseek_v3\\__init__.py', reloading
2026-07-04 16:02:57,274 - INFO -  * Detected change in 'C:\\Users\\Muiz\\AppData\\Local\\Programs\\Python\\Python313\\Lib\\site-packages\\transformers\\models\\deepseek_v3\\configuration_deepseek_v3.py', reloading
2026-07-04 16:02:57,286 - INFO -  * Detected change in 'C:\\Users\\Muiz\\AppData\\Local\\Programs\\Python\\Python313\\Lib\\site-packages\\transformers\\models\\deepseek_v3\\modeling_deepseek_v3.py', reloading
2026-07-04 16:02:57,299 - INFO -  * Detected change in 'C:\\Users\\Muiz\\AppData\\Local\\Programs\\Python\\Python313\\Lib\\site-packages\\transformers\\models\\deepseek_vl\\__init__.py', reloading
2026-07-04 16:02:57,309 - INFO -  * Detected change in 'C:\\Users\\Muiz\\AppData\\Local\\Programs\\Python\\Python313\\Lib\\site-packages\\transformers\\models\\deepseek_vl\\configuration_deepseek_vl.py', reloading
2026-07-04 16:02:57,322 - INFO -  * Detected change in 'C:\\Users\\Muiz\\AppData\\Local\\Programs\\Python\\Python313\\Lib\\site-packages\\transformers\\models\\deepseek_vl\\image_processing_deepseek_vl.py', reloading
2026-07-04 16:02:57,332 - INFO -  * Detected change in 'C:\\Users\\Muiz\\AppData\\Local\\Programs\\Python\\Python313\\Lib\\site-packages\\transformers\\models\\deepseek_vl\\image_processing_deepseek_vl_fast.py', reloading
2026-07-04 16:02:57,344 - INFO -  * Detected change in 'C:\\Users\\Muiz\\AppData\\Local\\Programs\\Python\\Python313\\Lib\\site-packages\\transformers\\models\\deepseek_vl\\modeling_deepseek_vl.py', reloading
2026-07-04 16:02:57,357 - INFO -  * Detected change in 'C:\\Users\\Muiz\\AppData\\Local\\Programs\\Python\\Python313\\Lib\\site-packages\\transformers\\models\\deepseek_vl\\processing_deepseek_vl.py', reloading
2026-07-04 16:02:57,367 - INFO -  * Detected change in 'C:\\Users\\Muiz\\AppData\\Local\\Programs\\Python\\Python313\\Lib\\site-packages\\transformers\\models\\deepseek_vl_hybrid\\__init__.py', reloading
2026-07-04 16:02:57,378 - INFO -  * Detected change in 'C:\\Users\\Muiz\\AppData\\Local\\Programs\\Python\\Python313\\Lib\\site-packages\\transformers\\models\\deepseek_vl_hybrid\\configuration_deepseek_vl_hybrid.py', reloading
2026-07-04 16:02:57,389 - INFO -  * Detected change in 'C:\\Users\\Muiz\\AppData\\Local\\Programs\\Python\\Python313\\Lib\\site-packages\\transformers\\models\\deepseek_vl_hybrid\\image_processing_deepseek_vl_hybrid.py', reloading
2026-07-04 16:02:57,401 - INFO -  * Detected change in 'C:\\Users\\Muiz\\AppData\\Local\\Programs\\Python\\Python313\\Lib\\site-packages\\transformers\\models\\deepseek_vl_hybrid\\image_processing_deepseek_vl_hybrid_fast.py', reloading
2026-07-04 16:02:57,412 - INFO -  * Detected change in 'C:\\Users\\Muiz\\AppData\\Local\\Programs\\Python\\Python313\\Lib\\site-packages\\transformers\\models\\deepseek_vl_hybrid\\modeling_deepseek_vl_hybrid.py', reloading
2026-07-04 16:02:57,425 - INFO -  * Detected change in 'C:\\Users\\Muiz\\AppData\\Local\\Programs\\Python\\Python313\\Lib\\site-packages\\transformers\\models\\deepseek_vl_hybrid\\processing_deepseek_vl_hybrid.py', reloading
2026-07-04 16:02:57,435 - INFO -  * Detected change in 'C:\\Users\\Muiz\\AppData\\Local\\Programs\\Python\\Python313\\Lib\\site-packages\\transformers\\models\\deformable_detr\\__init__.py', reloading
2026-07-04 16:02:57,447 - INFO -  * Detected change in 'C:\\Users\\Muiz\\AppData\\Local\\Programs\\Python\\Python313\\Lib\\site-packages\\transformers\\models\\deformable_detr\\configuration_deformable_detr.py', reloading
2026-07-04 16:02:57,465 - INFO -  * Detected change in 'C:\\Users\\Muiz\\AppData\\Local\\Programs\\Python\\Python313\\Lib\\site-packages\\transformers\\models\\deformable_detr\\feature_extraction_deformable_detr.py', reloading
2026-07-04 16:02:57,478 - INFO -  * Detected change in 'C:\\Users\\Muiz\\AppData\\Local\\Programs\\Python\\Python313\\Lib\\site-packages\\transformers\\models\\deformable_detr\\image_processing_deformable_detr.py', reloading
2026-07-04 16:02:57,494 - INFO -  * Detected change in 'C:\\Users\\Muiz\\AppData\\Local\\Programs\\Python\\Python313\\Lib\\site-packages\\transformers\\models\\deformable_detr\\image_processing_deformable_detr_fast.py', reloading
2026-07-04 16:02:57,509 - INFO -  * Detected change in 'C:\\Users\\Muiz\\AppData\\Local\\Programs\\Python\\Python313\\Lib\\site-packages\\transformers\\models\\deformable_detr\\modeling_deformable_detr.py', reloading
2026-07-04 16:02:57,526 - INFO -  * Detected change in 'C:\\Users\\Muiz\\AppData\\Local\\Programs\\Python\\Python313\\Lib\\site-packages\\transformers\\models\\deit\\__init__.py', reloading
2026-07-04 16:02:57,538 - INFO -  * Detected change in 'C:\\Users\\Muiz\\AppData\\Local\\Programs\\Python\\Python313\\Lib\\site-packages\\transformers\\models\\deit\\configuration_deit.py', reloading
2026-07-04 16:02:57,548 - INFO -  * Detected change in 'C:\\Users\\Muiz\\AppData\\Local\\Programs\\Python\\Python313\\Lib\\site-packages\\transformers\\models\\deit\\feature_extraction_deit.py', reloading
2026-07-04 16:02:57,559 - INFO -  * Detected change in 'C:\\Users\\Muiz\\AppData\\Local\\Programs\\Python\\Python313\\Lib\\site-packages\\transformers\\models\\deit\\image_processing_deit.py', reloading
2026-07-04 16:02:57,570 - INFO -  * Detected change in 'C:\\Users\\Muiz\\AppData\\Local\\Programs\\Python\\Python313\\Lib\\site-packages\\transformers\\models\\deit\\image_processing_deit_fast.py', reloading
2026-07-04 16:02:57,582 - INFO -  * Detected change in 'C:\\Users\\Muiz\\AppData\\Local\\Programs\\Python\\Python313\\Lib\\site-packages\\transformers\\models\\deit\\modeling_deit.py', reloading
2026-07-04 16:02:57,596 - INFO -  * Detected change in 'C:\\Users\\Muiz\\AppData\\Local\\Programs\\Python\\Python313\\Lib\\site-packages\\transformers\\models\\deit\\modeling_tf_deit.py', reloading
2026-07-04 16:02:57,609 - INFO -  * Detected change in 'C:\\Users\\Muiz\\AppData\\Local\\Programs\\Python\\Python313\\Lib\\site-packages\\transformers\\models\\deprecated\\__init__.py', reloading
2026-07-04 16:02:57,640 - INFO -  * Detected change in 'C:\\Users\\Muiz\\AppData\\Local\\Programs\\Python\\Python313\\Lib\\site-packages\\transformers\\models\\deprecated\\deta\\__init__.py', reloading
2026-07-04 16:02:57,651 - INFO -  * Detected change in 'C:\\Users\\Muiz\\AppData\\Local\\Programs\\Python\\Python313\\Lib\\site-packages\\transformers\\models\\deprecated\\deta\\configuration_deta.py', reloading
2026-07-04 16:02:57,664 - INFO -  * Detected change in 'C:\\Users\\Muiz\\AppData\\Local\\Programs\\Python\\Python313\\Lib\\site-packages\\transformers\\models\\deprecated\\deta\\image_processing_deta.py', reloading
2026-07-04 16:02:57,682 - INFO -  * Detected change in 'C:\\Users\\Muiz\\AppData\\Local\\Programs\\Python\\Python313\\Lib\\site-packages\\transformers\\models\\deprecated\\deta\\modeling_deta.py', reloading
2026-07-04 16:02:57,700 - INFO -  * Detected change in 'C:\\Users\\Muiz\\AppData\\Local\\Programs\\Python\\Python313\\Lib\\site-packages\\transformers\\models\\deprecated\\efficientformer\\__init__.py', reloading
2026-07-04 16:02:57,711 - INFO -  * Detected change in 'C:\\Users\\Muiz\\AppData\\Local\\Programs\\Python\\Python313\\Lib\\site-packages\\transformers\\models\\deprecated\\efficientformer\\configuration_efficientformer.py', reloading
2026-07-04 16:02:57,722 - INFO -  * Detected change in 'C:\\Users\\Muiz\\AppData\\Local\\Programs\\Python\\Python313\\Lib\\site-packages\\transformers\\models\\deprecated\\efficientformer\\image_processing_efficientformer.py', reloading
2026-07-04 16:02:57,735 - INFO -  * Detected change in 'C:\\Users\\Muiz\\AppData\\Local\\Programs\\Python\\Python313\\Lib\\site-packages\\transformers\\models\\deprecated\\efficientformer\\modeling_efficientformer.py', reloading
2026-07-04 16:02:57,768 - INFO -  * Detected change in 'C:\\Users\\Muiz\\AppData\\Local\\Programs\\Python\\Python313\\Lib\\site-packages\\transformers\\models\\deprecated\\efficientformer\\modeling_tf_efficientformer.py', reloading
2026-07-04 16:02:57,791 - INFO -  * Detected change in 'C:\\Users\\Muiz\\AppData\\Local\\Programs\\Python\\Python313\\Lib\\site-packages\\transformers\\models\\deprecated\\ernie_m\\__init__.py', reloading
2026-07-04 16:02:57,817 - INFO -  * Detected change in 'C:\\Users\\Muiz\\AppData\\Local\\Programs\\Python\\Python313\\Lib\\site-packages\\transformers\\models\\deprecated\\ernie_m\\configuration_ernie_m.py', reloading
2026-07-04 16:02:57,848 - INFO -  * Detected change in 'C:\\Users\\Muiz\\AppData\\Local\\Programs\\Python\\Python313\\Lib\\site-packages\\transformers\\models\\deprecated\\ernie_m\\modeling_ernie_m.py', reloading
2026-07-04 16:02:57,876 - INFO -  * Detected change in 'C:\\Users\\Muiz\\AppData\\Local\\Programs\\Python\\Python313\\Lib\\site-packages\\transformers\\models\\deprecated\\ernie_m\\tokenization_ernie_m.py', reloading
2026-07-04 16:02:57,898 - INFO -  * Detected change in 'C:\\Users\\Muiz\\AppData\\Local\\Programs\\Python\\Python313\\Lib\\site-packages\\transformers\\models\\deprecated\\gptsan_japanese\\__init__.py', reloading
2026-07-04 16:02:57,924 - INFO -  * Detected change in 'C:\\Users\\Muiz\\AppData\\Local\\Programs\\Python\\Python313\\Lib\\site-packages\\transformers\\models\\deprecated\\gptsan_japanese\\configuration_gptsan_japanese.py', reloading
2026-07-04 16:02:57,953 - INFO -  * Detected change in 'C:\\Users\\Muiz\\AppData\\Local\\Programs\\Python\\Python313\\Lib\\site-packages\\transformers\\models\\deprecated\\gptsan_japanese\\modeling_gptsan_japanese.py', reloading
2026-07-04 16:02:58,274 - INFO -  * Restarting with watchdog (windowsapi)
2026-07-04 16:03:00,158 - INFO - Model and TF-IDF vectorizer loaded successfully.
2026-07-04 16:03:00,495 - WARNING -  * Debugger is active!
2026-07-04 16:03:00,497 - INFO -  * Debugger PIN: 603-667-668
2026-07-04 16:03:00,521 - INFO -  * Detected change in 'C:\\Users\\Muiz\\AppData\\Local\\Programs\\Python\\Python313\\Lib\\site-packages\\transformers\\models\\distilbert\\modeling_tf_distilbert.py', reloading
2026-07-04 16:03:00,548 - INFO -  * Detected change in 'C:\\Users\\Muiz\\AppData\\Local\\Programs\\Python\\Python313\\Lib\\site-packages\\transformers\\models\\distilbert\\tokenization_distilbert.py', reloading
2026-07-04 16:03:00,572 - INFO -  * Detected change in 'C:\\Users\\Muiz\\AppData\\Local\\Programs\\Python\\Python313\\Lib\\site-packages\\transformers\\models\\distilbert\\tokenization_distilbert_fast.py', reloading
2026-07-04 16:03:00,599 - INFO -  * Detected change in 'C:\\Users\\Muiz\\AppData\\Local\\Programs\\Python\\Python313\\Lib\\site-packages\\transformers\\models\\donut\\__init__.py', reloading
2026-07-04 16:03:00,620 - INFO -  * Detected change in 'C:\\Users\\Muiz\\AppData\\Local\\Programs\\Python\\Python313\\Lib\\site-packages\\transformers\\models\\donut\\configuration_donut_swin.py', reloading
2026-07-04 16:03:00,641 - INFO -  * Detected change in 'C:\\Users\\Muiz\\AppData\\Local\\Programs\\Python\\Python313\\Lib\\site-packages\\transformers\\models\\donut\\feature_extraction_donut.py', reloading
2026-07-04 16:03:00,667 - INFO -  * Detected change in 'C:\\Users\\Muiz\\AppData\\Local\\Programs\\Python\\Python313\\Lib\\site-packages\\transformers\\models\\donut\\image_processing_donut.py', reloading
2026-07-04 16:03:00,692 - INFO -  * Detected change in 'C:\\Users\\Muiz\\AppData\\Local\\Programs\\Python\\Python313\\Lib\\site-packages\\transformers\\models\\donut\\image_processing_donut_fast.py', reloading
2026-07-04 16:03:00,719 - INFO -  * Detected change in 'C:\\Users\\Muiz\\AppData\\Local\\Programs\\Python\\Python313\\Lib\\site-packages\\transformers\\models\\donut\\modeling_donut_swin.py', reloading
2026-07-04 16:03:00,746 - INFO -  * Detected change in 'C:\\Users\\Muiz\\AppData\\Local\\Programs\\Python\\Python313\\Lib\\site-packages\\transformers\\models\\donut\\processing_donut.py', reloading
2026-07-04 16:03:00,767 - INFO -  * Detected change in 'C:\\Users\\Muiz\\AppData\\Local\\Programs\\Python\\Python313\\Lib\\site-packages\\transformers\\models\\dots1\\__init__.py', reloading
2026-07-04 16:03:00,791 - INFO -  * Detected change in 'C:\\Users\\Muiz\\AppData\\Local\\Programs\\Python\\Python313\\Lib\\site-packages\\transformers\\models\\dots1\\configuration_dots1.py', reloading
2026-07-04 16:03:00,823 - INFO -  * Detected change in 'C:\\Users\\Muiz\\AppData\\Local\\Programs\\Python\\Python313\\Lib\\site-packages\\transformers\\models\\dots1\\modeling_dots1.py', reloading
2026-07-04 16:03:00,845 - INFO -  * Detected change in 'C:\\Users\\Muiz\\AppData\\Local\\Programs\\Python\\Python313\\Lib\\site-packages\\transformers\\models\\dpr\\__init__.py', reloading
2026-07-04 16:03:00,868 - INFO -  * Detected change in 'C:\\Users\\Muiz\\AppData\\Local\\Programs\\Python\\Python313\\Lib\\site-packages\\transformers\\models\\dpr\\configuration_dpr.py', reloading
2026-07-04 16:03:00,897 - INFO -  * Detected change in 'C:\\Users\\Muiz\\AppData\\Local\\Programs\\Python\\Python313\\Lib\\site-packages\\transformers\\models\\dpr\\modeling_dpr.py', reloading
2026-07-04 16:03:00,923 - INFO -  * Detected change in 'C:\\Users\\Muiz\\AppData\\Local\\Programs\\Python\\Python313\\Lib\\site-packages\\transformers\\models\\dpr\\modeling_tf_dpr.py', reloading
2026-07-04 16:03:00,950 - INFO -  * Detected change in 'C:\\Users\\Muiz\\AppData\\Local\\Programs\\Python\\Python313\\Lib\\site-packages\\transformers\\models\\dpr\\tokenization_dpr.py', reloading
2026-07-04 16:03:00,977 - INFO -  * Detected change in 'C:\\Users\\Muiz\\AppData\\Local\\Programs\\Python\\Python313\\Lib\\site-packages\\transformers\\models\\dpr\\tokenization_dpr_fast.py', reloading
2026-07-04 16:03:00,998 - INFO -  * Detected change in 'C:\\Users\\Muiz\\AppData\\Local\\Programs\\Python\\Python313\\Lib\\site-packages\\transformers\\models\\dpt\\__init__.py', reloading
2026-07-04 16:03:01,024 - INFO -  * Detected change in 'C:\\Users\\Muiz\\AppData\\Local\\Programs\\Python\\Python313\\Lib\\site-packages\\transformers\\models\\dpt\\configuration_dpt.py', reloading
2026-07-04 16:03:01,045 - INFO -  * Detected change in 'C:\\Users\\Muiz\\AppData\\Local\\Programs\\Python\\Python313\\Lib\\site-packages\\transformers\\models\\dpt\\feature_extraction_dpt.py', reloading
2026-07-04 16:03:01,075 - INFO -  * Detected change in 'C:\\Users\\Muiz\\AppData\\Local\\Programs\\Python\\Python313\\Lib\\site-packages\\transformers\\models\\dpt\\image_processing_dpt.py', reloading
2026-07-04 16:03:01,099 - INFO -  * Detected change in 'C:\\Users\\Muiz\\AppData\\Local\\Programs\\Python\\Python313\\Lib\\site-packages\\transformers\\models\\dpt\\image_processing_dpt_fast.py', reloading
2026-07-04 16:03:01,127 - INFO -  * Detected change in 'C:\\Users\\Muiz\\AppData\\Local\\Programs\\Python\\Python313\\Lib\\site-packages\\transformers\\models\\dpt\\modeling_dpt.py', reloading
2026-07-04 16:03:01,151 - INFO -  * Detected change in 'C:\\Users\\Muiz\\AppData\\Local\\Programs\\Python\\Python313\\Lib\\site-packages\\transformers\\models\\edgetam\\__init__.py', reloading
2026-07-04 16:03:01,173 - INFO -  * Detected change in 'C:\\Users\\Muiz\\AppData\\Local\\Programs\\Python\\Python313\\Lib\\site-packages\\transformers\\models\\edgetam\\configuration_edgetam.py', reloading
2026-07-04 16:03:01,197 - INFO -  * Detected change in 'C:\\Users\\Muiz\\AppData\\Local\\Programs\\Python\\Python313\\Lib\\site-packages\\transformers\\models\\edgetam\\modeling_edgetam.py', reloading
2026-07-04 16:03:01,223 - INFO -  * Detected change in 'C:\\Users\\Muiz\\AppData\\Local\\Programs\\Python\\Python313\\Lib\\site-packages\\transformers\\models\\edgetam_video\\__init__.py', reloading
2026-07-04 16:03:01,245 - INFO -  * Detected change in 'C:\\Users\\Muiz\\AppData\\Local\\Programs\\Python\\Python313\\Lib\\site-packages\\transformers\\models\\edgetam_video\\configuration_edgetam_video.py', reloading
2026-07-04 16:03:01,279 - INFO -  * Detected change in 'C:\\Users\\Muiz\\AppData\\Local\\Programs\\Python\\Python313\\Lib\\site-packages\\transformers\\models\\edgetam_video\\modeling_edgetam_video.py', reloading
2026-07-04 16:03:01,317 - INFO -  * Detected change in 'C:\\Users\\Muiz\\AppData\\Local\\Programs\\Python\\Python313\\Lib\\site-packages\\transformers\\models\\efficientloftr\\__init__.py', reloading
2026-07-04 16:03:01,344 - INFO -  * Detected change in 'C:\\Users\\Muiz\\AppData\\Local\\Programs\\Python\\Python313\\Lib\\site-packages\\transformers\\models\\efficientloftr\\configuration_efficientloftr.py', reloading
2026-07-04 16:03:01,367 - INFO -  * Detected change in 'C:\\Users\\Muiz\\AppData\\Local\\Programs\\Python\\Python313\\Lib\\site-packages\\transformers\\models\\efficientloftr\\image_processing_efficientloftr.py', reloading
2026-07-04 16:03:01,393 - INFO -  * Detected change in 'C:\\Users\\Muiz\\AppData\\Local\\Programs\\Python\\Python313\\Lib\\site-packages\\transformers\\models\\efficientloftr\\image_processing_efficientloftr_fast.py', reloading
2026-07-04 16:03:01,424 - INFO -  * Detected change in 'C:\\Users\\Muiz\\AppData\\Local\\Programs\\Python\\Python313\\Lib\\site-packages\\transformers\\models\\efficientloftr\\modeling_efficientloftr.py', reloading
2026-07-04 16:03:01,449 - INFO -  * Detected change in 'C:\\Users\\Muiz\\AppData\\Local\\Programs\\Python\\Python313\\Lib\\site-packages\\transformers\\models\\efficientnet\\__init__.py', reloading
2026-07-04 16:03:01,471 - INFO -  * Detected change in 'C:\\Users\\Muiz\\AppData\\Local\\Programs\\Python\\Python313\\Lib\\site-packages\\transformers\\models\\efficientnet\\configuration_efficientnet.py', reloading
2026-07-04 16:03:01,494 - INFO -  * Detected change in 'C:\\Users\\Muiz\\AppData\\Local\\Programs\\Python\\Python313\\Lib\\site-packages\\transformers\\models\\efficientnet\\image_processing_efficientnet.py', reloading
2026-07-04 16:03:01,764 - INFO -  * Restarting with watchdog (windowsapi)
2026-07-04 16:03:03,640 - INFO - Model and TF-IDF vectorizer loaded successfully.
2026-07-04 16:03:03,982 - WARNING -  * Debugger is active!
2026-07-04 16:03:03,984 - INFO -  * Debugger PIN: 603-667-668
2026-07-04 16:03:04,017 - INFO -  * Detected change in 'C:\\Users\\Muiz\\AppData\\Local\\Programs\\Python\\Python313\\Lib\\site-packages\\transformers\\models\\git\\modeling_git.py', reloading
2026-07-04 16:03:04,040 - INFO -  * Detected change in 'C:\\Users\\Muiz\\AppData\\Local\\Programs\\Python\\Python313\\Lib\\site-packages\\transformers\\models\\git\\processing_git.py', reloading
2026-07-04 16:03:04,057 - INFO -  * Detected change in 'C:\\Users\\Muiz\\AppData\\Local\\Programs\\Python\\Python313\\Lib\\site-packages\\transformers\\models\\glm\\__init__.py', reloading
2026-07-04 16:03:04,084 - INFO -  * Detected change in 'C:\\Users\\Muiz\\AppData\\Local\\Programs\\Python\\Python313\\Lib\\site-packages\\transformers\\models\\glm\\configuration_glm.py', reloading
2026-07-04 16:03:04,106 - INFO -  * Detected change in 'C:\\Users\\Muiz\\AppData\\Local\\Programs\\Python\\Python313\\Lib\\site-packages\\transformers\\models\\glm\\modeling_glm.py', reloading
2026-07-04 16:03:04,128 - INFO -  * Detected change in 'C:\\Users\\Muiz\\AppData\\Local\\Programs\\Python\\Python313\\Lib\\site-packages\\transformers\\models\\glm4\\__init__.py', reloading
2026-07-04 16:03:04,154 - INFO -  * Detected change in 'C:\\Users\\Muiz\\AppData\\Local\\Programs\\Python\\Python313\\Lib\\site-packages\\transformers\\models\\glm4\\configuration_glm4.py', reloading
2026-07-04 16:03:04,181 - INFO -  * Detected change in 'C:\\Users\\Muiz\\AppData\\Local\\Programs\\Python\\Python313\\Lib\\site-packages\\transformers\\models\\glm4\\modeling_glm4.py', reloading
2026-07-04 16:03:04,206 - INFO -  * Detected change in 'C:\\Users\\Muiz\\AppData\\Local\\Programs\\Python\\Python313\\Lib\\site-packages\\transformers\\models\\glpn\\__init__.py', reloading
2026-07-04 16:03:04,233 - INFO -  * Detected change in 'C:\\Users\\Muiz\\AppData\\Local\\Programs\\Python\\Python313\\Lib\\site-packages\\transformers\\models\\glpn\\configuration_glpn.py', reloading
2026-07-04 16:03:04,255 - INFO -  * Detected change in 'C:\\Users\\Muiz\\AppData\\Local\\Programs\\Python\\Python313\\Lib\\site-packages\\transformers\\models\\glpn\\feature_extraction_glpn.py', reloading
2026-07-04 16:03:04,282 - INFO -  * Detected change in 'C:\\Users\\Muiz\\AppData\\Local\\Programs\\Python\\Python313\\Lib\\site-packages\\transformers\\models\\glpn\\image_processing_glpn.py', reloading
2026-07-04 16:03:04,311 - INFO -  * Detected change in 'C:\\Users\\Muiz\\AppData\\Local\\Programs\\Python\\Python313\\Lib\\site-packages\\transformers\\models\\glpn\\modeling_glpn.py', reloading
2026-07-04 16:03:04,336 - INFO -  * Detected change in 'C:\\Users\\Muiz\\AppData\\Local\\Programs\\Python\\Python313\\Lib\\site-packages\\transformers\\models\\got_ocr2\\__init__.py', reloading
2026-07-04 16:03:04,363 - INFO -  * Detected change in 'C:\\Users\\Muiz\\AppData\\Local\\Programs\\Python\\Python313\\Lib\\site-packages\\transformers\\models\\got_ocr2\\configuration_got_ocr2.py', reloading
2026-07-04 16:03:04,393 - INFO -  * Detected change in 'C:\\Users\\Muiz\\AppData\\Local\\Programs\\Python\\Python313\\Lib\\site-packages\\transformers\\models\\got_ocr2\\image_processing_got_ocr2.py', reloading
2026-07-04 16:03:04,420 - INFO -  * Detected change in 'C:\\Users\\Muiz\\AppData\\Local\\Programs\\Python\\Python313\\Lib\\site-packages\\transformers\\models\\got_ocr2\\image_processing_got_ocr2_fast.py', reloading
2026-07-04 16:03:04,451 - INFO -  * Detected change in 'C:\\Users\\Muiz\\AppData\\Local\\Programs\\Python\\Python313\\Lib\\site-packages\\transformers\\models\\got_ocr2\\modeling_got_ocr2.py', reloading
2026-07-04 16:03:04,476 - INFO -  * Detected change in 'C:\\Users\\Muiz\\AppData\\Local\\Programs\\Python\\Python313\\Lib\\site-packages\\transformers\\models\\got_ocr2\\processing_got_ocr2.py', reloading
2026-07-04 16:03:04,496 - INFO -  * Detected change in 'C:\\Users\\Muiz\\AppData\\Local\\Programs\\Python\\Python313\\Lib\\site-packages\\transformers\\models\\gpt2\\__init__.py', reloading
2026-07-04 16:03:04,520 - INFO -  * Detected change in 'C:\\Users\\Muiz\\AppData\\Local\\Programs\\Python\\Python313\\Lib\\site-packages\\transformers\\models\\gpt2\\configuration_gpt2.py', reloading
2026-07-04 16:03:04,567 - INFO -  * Detected change in 'C:\\Users\\Muiz\\AppData\\Local\\Programs\\Python\\Python313\\Lib\\site-packages\\transformers\\models\\gpt2\\modeling_flax_gpt2.py', reloading
2026-07-04 16:03:04,601 - INFO -  * Detected change in 'C:\\Users\\Muiz\\AppData\\Local\\Programs\\Python\\Python313\\Lib\\site-packages\\transformers\\models\\gpt2\\modeling_gpt2.py', reloading
2026-07-04 16:03:04,635 - INFO -  * Detected change in 'C:\\Users\\Muiz\\AppData\\Local\\Programs\\Python\\Python313\\Lib\\site-packages\\transformers\\models\\gpt2\\modeling_tf_gpt2.py', reloading
2026-07-04 16:03:04,666 - INFO -  * Detected change in 'C:\\Users\\Muiz\\AppData\\Local\\Programs\\Python\\Python313\\Lib\\site-packages\\transformers\\models\\gpt2\\tokenization_gpt2.py', reloading
2026-07-04 16:03:04,689 - INFO -  * Detected change in 'C:\\Users\\Muiz\\AppData\\Local\\Programs\\Python\\Python313\\Lib\\site-packages\\transformers\\models\\gpt2\\tokenization_gpt2_fast.py', reloading
2026-07-04 16:03:04,710 - INFO -  * Detected change in 'C:\\Users\\Muiz\\AppData\\Local\\Programs\\Python\\Python313\\Lib\\site-packages\\transformers\\models\\gpt2\\tokenization_gpt2_tf.py', reloading
2026-07-04 16:03:04,731 - INFO -  * Detected change in 'C:\\Users\\Muiz\\AppData\\Local\\Programs\\Python\\Python313\\Lib\\site-packages\\transformers\\models\\gpt_bigcode\\__init__.py', reloading
2026-07-04 16:03:04,757 - INFO -  * Detected change in 'C:\\Users\\Muiz\\AppData\\Local\\Programs\\Python\\Python313\\Lib\\site-packages\\transformers\\models\\gpt_bigcode\\configuration_gpt_bigcode.py', reloading
2026-07-04 16:03:04,783 - INFO -  * Detected change in 'C:\\Users\\Muiz\\AppData\\Local\\Programs\\Python\\Python313\\Lib\\site-packages\\transformers\\models\\gpt_bigcode\\modeling_gpt_bigcode.py', reloading
2026-07-04 16:03:04,807 - INFO -  * Detected change in 'C:\\Users\\Muiz\\AppData\\Local\\Programs\\Python\\Python313\\Lib\\site-packages\\transformers\\models\\gpt_neo\\__init__.py', reloading
2026-07-04 16:03:04,831 - INFO -  * Detected change in 'C:\\Users\\Muiz\\AppData\\Local\\Programs\\Python\\Python313\\Lib\\site-packages\\transformers\\models\\gpt_neo\\configuration_gpt_neo.py', reloading
2026-07-04 16:03:04,861 - INFO -  * Detected change in 'C:\\Users\\Muiz\\AppData\\Local\\Programs\\Python\\Python313\\Lib\\site-packages\\transformers\\models\\gpt_neo\\modeling_flax_gpt_neo.py', reloading
2026-07-04 16:03:04,891 - INFO -  * Detected change in 'C:\\Users\\Muiz\\AppData\\Local\\Programs\\Python\\Python313\\Lib\\site-packages\\transformers\\models\\gpt_neo\\modeling_gpt_neo.py', reloading
2026-07-04 16:03:04,914 - INFO -  * Detected change in 'C:\\Users\\Muiz\\AppData\\Local\\Programs\\Python\\Python313\\Lib\\site-packages\\transformers\\models\\gpt_neox\\__init__.py', reloading
2026-07-04 16:03:04,944 - INFO -  * Detected change in 'C:\\Users\\Muiz\\AppData\\Local\\Programs\\Python\\Python313\\Lib\\site-packages\\transformers\\models\\gpt_neox\\configuration_gpt_neox.py', reloading
2026-07-04 16:03:04,968 - INFO -  * Detected change in 'C:\\Users\\Muiz\\AppData\\Local\\Programs\\Python\\Python313\\Lib\\site-packages\\transformers\\models\\gpt_neox\\modeling_gpt_neox.py', reloading
2026-07-04 16:03:05,000 - INFO -  * Detected change in 'C:\\Users\\Muiz\\AppData\\Local\\Programs\\Python\\Python313\\Lib\\site-packages\\transformers\\models\\gpt_neox\\tokenization_gpt_neox_fast.py', reloading
2026-07-04 16:03:05,264 - INFO -  * Restarting with watchdog (windowsapi)
2026-07-04 16:03:07,183 - INFO - Model and TF-IDF vectorizer loaded successfully.
2026-07-04 16:03:07,490 - WARNING -  * Debugger is active!
2026-07-04 16:03:07,492 - INFO -  * Debugger PIN: 603-667-668
2026-07-04 16:03:07,514 - INFO -  * Detected change in 'C:\\Users\\Muiz\\AppData\\Local\\Programs\\Python\\Python313\\Lib\\site-packages\\transformers\\models\\led\\modeling_led.py', reloading
2026-07-04 16:03:07,551 - INFO -  * Detected change in 'C:\\Users\\Muiz\\AppData\\Local\\Programs\\Python\\Python313\\Lib\\site-packages\\transformers\\models\\led\\modeling_tf_led.py', reloading
2026-07-04 16:03:07,581 - INFO -  * Detected change in 'C:\\Users\\Muiz\\AppData\\Local\\Programs\\Python\\Python313\\Lib\\site-packages\\transformers\\models\\led\\tokenization_led.py', reloading
2026-07-04 16:03:07,605 - INFO -  * Detected change in 'C:\\Users\\Muiz\\AppData\\Local\\Programs\\Python\\Python313\\Lib\\site-packages\\transformers\\models\\led\\tokenization_led_fast.py', reloading
2026-07-04 16:03:07,735 - INFO -  * Detected change in 'C:\\Users\\Muiz\\AppData\\Local\\Programs\\Python\\Python313\\Lib\\site-packages\\transformers\\models\\levit\\__init__.py', reloading
2026-07-04 16:03:07,736 - INFO -  * Detected change in 'C:\\Users\\Muiz\\AppData\\Local\\Programs\\Python\\Python313\\Lib\\site-packages\\transformers\\models\\levit\\configuration_levit.py', reloading
2026-07-04 16:03:07,737 - INFO -  * Detected change in 'C:\\Users\\Muiz\\AppData\\Local\\Programs\\Python\\Python313\\Lib\\site-packages\\transformers\\models\\levit\\feature_extraction_levit.py', reloading
2026-07-04 16:03:07,737 - INFO -  * Detected change in 'C:\\Users\\Muiz\\AppData\\Local\\Programs\\Python\\Python313\\Lib\\site-packages\\transformers\\models\\levit\\image_processing_levit.py', reloading
2026-07-04 16:03:07,738 - INFO -  * Detected change in 'C:\\Users\\Muiz\\AppData\\Local\\Programs\\Python\\Python313\\Lib\\site-packages\\transformers\\models\\levit\\image_processing_levit_fast.py', reloading
2026-07-04 16:03:07,743 - INFO - 127.0.0.1 - - [04/Jul/2026 16:03:07] "GET /load_dataset HTTP/1.1" 200 -
2026-07-04 16:03:07,744 - INFO -  * Detected change in 'C:\\Users\\Muiz\\AppData\\Local\\Programs\\Python\\Python313\\Lib\\site-packages\\transformers\\models\\levit\\modeling_levit.py', reloading
2026-07-04 16:03:07,761 - INFO -  * Detected change in 'C:\\Users\\Muiz\\AppData\\Local\\Programs\\Python\\Python313\\Lib\\site-packages\\transformers\\models\\lfm2\\__init__.py', reloading
2026-07-04 16:03:07,785 - INFO -  * Detected change in 'C:\\Users\\Muiz\\AppData\\Local\\Programs\\Python\\Python313\\Lib\\site-packages\\transformers\\models\\lfm2\\configuration_lfm2.py', reloading
2026-07-04 16:03:07,809 - INFO -  * Detected change in 'C:\\Users\\Muiz\\AppData\\Local\\Programs\\Python\\Python313\\Lib\\site-packages\\transformers\\models\\lfm2\\modeling_lfm2.py', reloading
2026-07-04 16:03:07,830 - INFO -  * Detected change in 'C:\\Users\\Muiz\\AppData\\Local\\Programs\\Python\\Python313\\Lib\\site-packages\\transformers\\models\\lfm2_vl\\__init__.py', reloading
2026-07-04 16:03:07,856 - INFO -  * Detected change in 'C:\\Users\\Muiz\\AppData\\Local\\Programs\\Python\\Python313\\Lib\\site-packages\\transformers\\models\\lfm2_vl\\configuration_lfm2_vl.py', reloading
2026-07-04 16:03:07,870 - INFO -  * Detected change in 'C:\\Users\\Muiz\\AppData\\Local\\Programs\\Python\\Python313\\Lib\\site-packages\\transformers\\models\\lfm2_vl\\image_processing_lfm2_vl_fast.py', reloading
2026-07-04 16:03:07,882 - INFO -  * Detected change in 'C:\\Users\\Muiz\\AppData\\Local\\Programs\\Python\\Python313\\Lib\\site-packages\\transformers\\models\\lfm2_vl\\modeling_lfm2_vl.py', reloading
2026-07-04 16:03:07,893 - INFO -  * Detected change in 'C:\\Users\\Muiz\\AppData\\Local\\Programs\\Python\\Python313\\Lib\\site-packages\\transformers\\models\\lfm2_vl\\processing_lfm2_vl.py', reloading
2026-07-04 16:03:07,904 - INFO -  * Detected change in 'C:\\Users\\Muiz\\AppData\\Local\\Programs\\Python\\Python313\\Lib\\site-packages\\transformers\\models\\lightglue\\__init__.py', reloading
2026-07-04 16:03:07,914 - INFO -  * Detected change in 'C:\\Users\\Muiz\\AppData\\Local\\Programs\\Python\\Python313\\Lib\\site-packages\\transformers\\models\\lightglue\\configuration_lightglue.py', reloading
2026-07-04 16:03:07,925 - INFO -  * Detected change in 'C:\\Users\\Muiz\\AppData\\Local\\Programs\\Python\\Python313\\Lib\\site-packages\\transformers\\models\\lightglue\\image_processing_lightglue.py', reloading
2026-07-04 16:03:07,938 - INFO -  * Detected change in 'C:\\Users\\Muiz\\AppData\\Local\\Programs\\Python\\Python313\\Lib\\site-packages\\transformers\\models\\lightglue\\modeling_lightglue.py', reloading
2026-07-04 16:03:07,950 - INFO -  * Detected change in 'C:\\Users\\Muiz\\AppData\\Local\\Programs\\Python\\Python313\\Lib\\site-packages\\transformers\\models\\lilt\\__init__.py', reloading
2026-07-04 16:03:07,960 - INFO -  * Detected change in 'C:\\Users\\Muiz\\AppData\\Local\\Programs\\Python\\Python313\\Lib\\site-packages\\transformers\\models\\lilt\\configuration_lilt.py', reloading
2026-07-04 16:03:07,972 - INFO -  * Detected change in 'C:\\Users\\Muiz\\AppData\\Local\\Programs\\Python\\Python313\\Lib\\site-packages\\transformers\\models\\lilt\\modeling_lilt.py', reloading
2026-07-04 16:03:07,985 - INFO -  * Detected change in 'C:\\Users\\Muiz\\AppData\\Local\\Programs\\Python\\Python313\\Lib\\site-packages\\transformers\\models\\llama\\__init__.py', reloading
2026-07-04 16:03:07,996 - INFO -  * Detected change in 'C:\\Users\\Muiz\\AppData\\Local\\Programs\\Python\\Python313\\Lib\\site-packages\\transformers\\models\\llama\\configuration_llama.py', reloading
2026-07-04 16:03:08,011 - INFO -  * Detected change in 'C:\\Users\\Muiz\\AppData\\Local\\Programs\\Python\\Python313\\Lib\\site-packages\\transformers\\models\\llama\\modeling_flax_llama.py', reloading
2026-07-04 16:03:08,039 - INFO -  * Detected change in 'C:\\Users\\Muiz\\AppData\\Local\\Programs\\Python\\Python313\\Lib\\site-packages\\transformers\\models\\llama\\modeling_llama.py', reloading
2026-07-04 16:03:08,069 - INFO -  * Detected change in 'C:\\Users\\Muiz\\AppData\\Local\\Programs\\Python\\Python313\\Lib\\site-packages\\transformers\\models\\llama\\tokenization_llama.py', reloading
2026-07-04 16:03:08,099 - INFO -  * Detected change in 'C:\\Users\\Muiz\\AppData\\Local\\Programs\\Python\\Python313\\Lib\\site-packages\\transformers\\models\\llama\\tokenization_llama_fast.py', reloading
2026-07-04 16:03:08,123 - INFO -  * Detected change in 'C:\\Users\\Muiz\\AppData\\Local\\Programs\\Python\\Python313\\Lib\\site-packages\\transformers\\models\\llama4\\__init__.py', reloading
2026-07-04 16:03:08,149 - INFO -  * Detected change in 'C:\\Users\\Muiz\\AppData\\Local\\Programs\\Python\\Python313\\Lib\\site-packages\\transformers\\models\\llama4\\configuration_llama4.py', reloading
2026-07-04 16:03:08,175 - INFO -  * Detected change in 'C:\\Users\\Muiz\\AppData\\Local\\Programs\\Python\\Python313\\Lib\\site-packages\\transformers\\models\\llama4\\image_processing_llama4_fast.py', reloading
2026-07-04 16:03:08,206 - INFO -  * Detected change in 'C:\\Users\\Muiz\\AppData\\Local\\Programs\\Python\\Python313\\Lib\\site-packages\\transformers\\models\\llama4\\modeling_llama4.py', reloading
2026-07-04 16:03:08,282 - INFO -  * Detected change in 'C:\\Users\\Muiz\\AppData\\Local\\Programs\\Python\\Python313\\Lib\\site-packages\\transformers\\models\\llama4\\processing_llama4.py', reloading
2026-07-04 16:03:08,302 - INFO -  * Detected change in 'C:\\Users\\Muiz\\AppData\\Local\\Programs\\Python\\Python313\\Lib\\site-packages\\transformers\\models\\llava\\__init__.py', reloading
2026-07-04 16:03:08,325 - INFO -  * Detected change in 'C:\\Users\\Muiz\\AppData\\Local\\Programs\\Python\\Python313\\Lib\\site-packages\\transformers\\models\\llava\\configuration_llava.py', reloading
2026-07-04 16:03:08,349 - INFO -  * Detected change in 'C:\\Users\\Muiz\\AppData\\Local\\Programs\\Python\\Python313\\Lib\\site-packages\\transformers\\models\\llava\\image_processing_llava_fast.py', reloading
2026-07-04 16:03:08,375 - INFO -  * Detected change in 'C:\\Users\\Muiz\\AppData\\Local\\Programs\\Python\\Python313\\Lib\\site-packages\\transformers\\models\\llava\\modeling_llava.py', reloading
2026-07-04 16:03:08,401 - INFO -  * Detected change in 'C:\\Users\\Muiz\\AppData\\Local\\Programs\\Python\\Python313\\Lib\\site-packages\\transformers\\models\\llava\\processing_llava.py', reloading
2026-07-04 16:03:08,425 - INFO -  * Detected change in 'C:\\Users\\Muiz\\AppData\\Local\\Programs\\Python\\Python313\\Lib\\site-packages\\transformers\\models\\llava_next\\__init__.py', reloading
2026-07-04 16:03:08,449 - INFO -  * Detected change in 'C:\\Users\\Muiz\\AppData\\Local\\Programs\\Python\\Python313\\Lib\\site-packages\\transformers\\models\\llava_next\\configuration_llava_next.py', reloading
2026-07-04 16:03:08,475 - INFO -  * Detected change in 'C:\\Users\\Muiz\\AppData\\Local\\Programs\\Python\\Python313\\Lib\\site-packages\\transformers\\models\\llava_next\\image_processing_llava_next.py', reloading
2026-07-04 16:03:08,501 - INFO -  * Detected change in 'C:\\Users\\Muiz\\AppData\\Local\\Programs\\Python\\Python313\\Lib\\site-packages\\transformers\\models\\llava_next\\image_processing_llava_next_fast.py', reloading
2026-07-04 16:03:08,772 - INFO -  * Restarting with watchdog (windowsapi)
2026-07-04 16:03:10,977 - INFO - Model and TF-IDF vectorizer loaded successfully.
2026-07-04 16:03:11,327 - WARNING -  * Debugger is active!
2026-07-04 16:03:11,330 - INFO -  * Debugger PIN: 603-667-668
2026-07-04 16:03:11,362 - INFO -  * Detected change in 'C:\\Users\\Muiz\\AppData\\Local\\Programs\\Python\\Python313\\Lib\\site-packages\\transformers\\models\\ministral\\__init__.py', reloading
2026-07-04 16:03:11,383 - INFO -  * Detected change in 'C:\\Users\\Muiz\\AppData\\Local\\Programs\\Python\\Python313\\Lib\\site-packages\\transformers\\models\\ministral\\configuration_ministral.py', reloading
2026-07-04 16:03:11,404 - INFO -  * Detected change in 'C:\\Users\\Muiz\\AppData\\Local\\Programs\\Python\\Python313\\Lib\\site-packages\\transformers\\models\\ministral\\modeling_ministral.py', reloading
2026-07-04 16:03:11,428 - INFO -  * Detected change in 'C:\\Users\\Muiz\\AppData\\Local\\Programs\\Python\\Python313\\Lib\\site-packages\\transformers\\models\\mistral\\__init__.py', reloading
2026-07-04 16:03:11,559 - INFO -  * Detected change in 'C:\\Users\\Muiz\\AppData\\Local\\Programs\\Python\\Python313\\Lib\\site-packages\\transformers\\models\\mistral\\configuration_mistral.py', reloading
2026-07-04 16:03:11,561 - INFO -  * Detected change in 'C:\\Users\\Muiz\\AppData\\Local\\Programs\\Python\\Python313\\Lib\\site-packages\\transformers\\models\\mistral\\modeling_flax_mistral.py', reloading
2026-07-04 16:03:11,565 - INFO -  * Detected change in 'C:\\Users\\Muiz\\AppData\\Local\\Programs\\Python\\Python313\\Lib\\site-packages\\transformers\\models\\mistral\\modeling_mistral.py', reloading
2026-07-04 16:03:11,566 - INFO -  * Detected change in 'C:\\Users\\Muiz\\AppData\\Local\\Programs\\Python\\Python313\\Lib\\site-packages\\transformers\\models\\mistral\\modeling_tf_mistral.py', reloading
2026-07-04 16:03:11,566 - INFO -  * Detected change in 'C:\\Users\\Muiz\\AppData\\Local\\Programs\\Python\\Python313\\Lib\\site-packages\\transformers\\models\\mistral3\\__init__.py', reloading
2026-07-04 16:03:11,568 - INFO -  * Detected change in 'C:\\Users\\Muiz\\AppData\\Local\\Programs\\Python\\Python313\\Lib\\site-packages\\transformers\\models\\mistral3\\configuration_mistral3.py', reloading
2026-07-04 16:03:11,590 - INFO -  * Detected change in 'C:\\Users\\Muiz\\AppData\\Local\\Programs\\Python\\Python313\\Lib\\site-packages\\transformers\\models\\mistral3\\modeling_mistral3.py', reloading
2026-07-04 16:03:11,610 - INFO -  * Detected change in 'C:\\Users\\Muiz\\AppData\\Local\\Programs\\Python\\Python313\\Lib\\site-packages\\transformers\\models\\mixtral\\__init__.py', reloading
2026-07-04 16:03:11,633 - INFO -  * Detected change in 'C:\\Users\\Muiz\\AppData\\Local\\Programs\\Python\\Python313\\Lib\\site-packages\\transformers\\models\\mixtral\\configuration_mixtral.py', reloading
2026-07-04 16:03:11,655 - INFO -  * Detected change in 'C:\\Users\\Muiz\\AppData\\Local\\Programs\\Python\\Python313\\Lib\\site-packages\\transformers\\models\\mixtral\\modeling_mixtral.py', reloading
2026-07-04 16:03:11,677 - INFO -  * Detected change in 'C:\\Users\\Muiz\\AppData\\Local\\Programs\\Python\\Python313\\Lib\\site-packages\\transformers\\models\\mlcd\\__init__.py', reloading
2026-07-04 16:03:11,698 - INFO -  * Detected change in 'C:\\Users\\Muiz\\AppData\\Local\\Programs\\Python\\Python313\\Lib\\site-packages\\transformers\\models\\mlcd\\configuration_mlcd.py', reloading
2026-07-04 16:03:11,724 - INFO -  * Detected change in 'C:\\Users\\Muiz\\AppData\\Local\\Programs\\Python\\Python313\\Lib\\site-packages\\transformers\\models\\mlcd\\modeling_mlcd.py', reloading
2026-07-04 16:03:11,743 - INFO -  * Detected change in 'C:\\Users\\Muiz\\AppData\\Local\\Programs\\Python\\Python313\\Lib\\site-packages\\transformers\\models\\mllama\\__init__.py', reloading
2026-07-04 16:03:11,768 - INFO -  * Detected change in 'C:\\Users\\Muiz\\AppData\\Local\\Programs\\Python\\Python313\\Lib\\site-packages\\transformers\\models\\mllama\\configuration_mllama.py', reloading
2026-07-04 16:03:11,794 - INFO -  * Detected change in 'C:\\Users\\Muiz\\AppData\\Local\\Programs\\Python\\Python313\\Lib\\site-packages\\transformers\\models\\mllama\\image_processing_mllama.py', reloading
2026-07-04 16:03:11,821 - INFO -  * Detected change in 'C:\\Users\\Muiz\\AppData\\Local\\Programs\\Python\\Python313\\Lib\\site-packages\\transformers\\models\\mllama\\modeling_mllama.py', reloading
2026-07-04 16:03:11,853 - INFO -  * Detected change in 'C:\\Users\\Muiz\\AppData\\Local\\Programs\\Python\\Python313\\Lib\\site-packages\\transformers\\models\\mllama\\processing_mllama.py', reloading
2026-07-04 16:03:11,870 - INFO -  * Detected change in 'C:\\Users\\Muiz\\AppData\\Local\\Programs\\Python\\Python313\\Lib\\site-packages\\transformers\\models\\mluke\\__init__.py', reloading
2026-07-04 16:03:11,896 - INFO -  * Detected change in 'C:\\Users\\Muiz\\AppData\\Local\\Programs\\Python\\Python313\\Lib\\site-packages\\transformers\\models\\mluke\\tokenization_mluke.py', reloading
2026-07-04 16:03:11,919 - INFO -  * Detected change in 'C:\\Users\\Muiz\\AppData\\Local\\Programs\\Python\\Python313\\Lib\\site-packages\\transformers\\models\\mobilebert\\__init__.py', reloading
2026-07-04 16:03:11,941 - INFO -  * Detected change in 'C:\\Users\\Muiz\\AppData\\Local\\Programs\\Python\\Python313\\Lib\\site-packages\\transformers\\models\\mobilebert\\configuration_mobilebert.py', reloading
2026-07-04 16:03:11,965 - INFO -  * Detected change in 'C:\\Users\\Muiz\\AppData\\Local\\Programs\\Python\\Python313\\Lib\\site-packages\\transformers\\models\\mobilebert\\modeling_mobilebert.py', reloading
2026-07-04 16:03:11,994 - INFO -  * Detected change in 'C:\\Users\\Muiz\\AppData\\Local\\Programs\\Python\\Python313\\Lib\\site-packages\\transformers\\models\\mobilebert\\modeling_tf_mobilebert.py', reloading
2026-07-04 16:03:12,022 - INFO -  * Detected change in 'C:\\Users\\Muiz\\AppData\\Local\\Programs\\Python\\Python313\\Lib\\site-packages\\transformers\\models\\mobilebert\\tokenization_mobilebert.py', reloading
2026-07-04 16:03:12,043 - INFO -  * Detected change in 'C:\\Users\\Muiz\\AppData\\Local\\Programs\\Python\\Python313\\Lib\\site-packages\\transformers\\models\\mobilebert\\tokenization_mobilebert_fast.py', reloading
2026-07-04 16:03:12,082 - INFO -  * Detected change in 'C:\\Users\\Muiz\\AppData\\Local\\Programs\\Python\\Python313\\Lib\\site-packages\\transformers\\models\\mobilenet_v1\\__init__.py', reloading
2026-07-04 16:03:12,093 - INFO -  * Detected change in 'C:\\Users\\Muiz\\AppData\\Local\\Programs\\Python\\Python313\\Lib\\site-packages\\transformers\\models\\mobilenet_v1\\configuration_mobilenet_v1.py', reloading
2026-07-04 16:03:12,104 - INFO -  * Detected change in 'C:\\Users\\Muiz\\AppData\\Local\\Programs\\Python\\Python313\\Lib\\site-packages\\transformers\\models\\mobilenet_v1\\feature_extraction_mobilenet_v1.py', reloading
2026-07-04 16:03:12,114 - INFO -  * Detected change in 'C:\\Users\\Muiz\\AppData\\Local\\Programs\\Python\\Python313\\Lib\\site-packages\\transformers\\models\\mobilenet_v1\\image_processing_mobilenet_v1.py', reloading
2026-07-04 16:03:12,125 - INFO -  * Detected change in 'C:\\Users\\Muiz\\AppData\\Local\\Programs\\Python\\Python313\\Lib\\site-packages\\transformers\\models\\mobilenet_v1\\image_processing_mobilenet_v1_fast.py', reloading
2026-07-04 16:03:12,135 - INFO -  * Detected change in 'C:\\Users\\Muiz\\AppData\\Local\\Programs\\Python\\Python313\\Lib\\site-packages\\transformers\\models\\mobilenet_v1\\modeling_mobilenet_v1.py', reloading
2026-07-04 16:03:12,145 - INFO -  * Detected change in 'C:\\Users\\Muiz\\AppData\\Local\\Programs\\Python\\Python313\\Lib\\site-packages\\transformers\\models\\mobilenet_v2\\__init__.py', reloading
2026-07-04 16:03:12,156 - INFO -  * Detected change in 'C:\\Users\\Muiz\\AppData\\Local\\Programs\\Python\\Python313\\Lib\\site-packages\\transformers\\models\\mobilenet_v2\\configuration_mobilenet_v2.py', reloading
2026-07-04 16:03:12,166 - INFO -  * Detected change in 'C:\\Users\\Muiz\\AppData\\Local\\Programs\\Python\\Python313\\Lib\\site-packages\\transformers\\models\\mobilenet_v2\\feature_extraction_mobilenet_v2.py', reloading
2026-07-04 16:03:12,176 - INFO -  * Detected change in 'C:\\Users\\Muiz\\AppData\\Local\\Programs\\Python\\Python313\\Lib\\site-packages\\transformers\\models\\mobilenet_v2\\image_processing_mobilenet_v2.py', reloading
2026-07-04 16:03:12,188 - INFO -  * Detected change in 'C:\\Users\\Muiz\\AppData\\Local\\Programs\\Python\\Python313\\Lib\\site-packages\\transformers\\models\\mobilenet_v2\\image_processing_mobilenet_v2_fast.py', reloading
2026-07-04 16:03:12,201 - INFO -  * Detected change in 'C:\\Users\\Muiz\\AppData\\Local\\Programs\\Python\\Python313\\Lib\\site-packages\\transformers\\models\\mobilenet_v2\\modeling_mobilenet_v2.py', reloading
2026-07-04 16:03:12,212 - INFO -  * Detected change in 'C:\\Users\\Muiz\\AppData\\Local\\Programs\\Python\\Python313\\Lib\\site-packages\\transformers\\models\\mobilevit\\__init__.py', reloading
2026-07-04 16:03:12,224 - INFO -  * Detected change in 'C:\\Users\\Muiz\\AppData\\Local\\Programs\\Python\\Python313\\Lib\\site-packages\\transformers\\models\\mobilevit\\configuration_mobilevit.py', reloading
2026-07-04 16:03:12,233 - INFO -  * Detected change in 'C:\\Users\\Muiz\\AppData\\Local\\Programs\\Python\\Python313\\Lib\\site-packages\\transformers\\models\\mobilevit\\feature_extraction_mobilevit.py', reloading
2026-07-04 16:03:12,243 - INFO -  * Detected change in 'C:\\Users\\Muiz\\AppData\\Local\\Programs\\Python\\Python313\\Lib\\site-packages\\transformers\\models\\mobilevit\\image_processing_mobilevit.py', reloading
2026-07-04 16:03:12,255 - INFO -  * Detected change in 'C:\\Users\\Muiz\\AppData\\Local\\Programs\\Python\\Python313\\Lib\\site-packages\\transformers\\models\\mobilevit\\image_processing_mobilevit_fast.py', reloading
2026-07-04 16:03:12,266 - INFO -  * Detected change in 'C:\\Users\\Muiz\\AppData\\Local\\Programs\\Python\\Python313\\Lib\\site-packages\\transformers\\models\\mobilevit\\modeling_mobilevit.py', reloading
2026-07-04 16:03:12,281 - INFO -  * Detected change in 'C:\\Users\\Muiz\\AppData\\Local\\Programs\\Python\\Python313\\Lib\\site-packages\\transformers\\models\\mobilevit\\modeling_tf_mobilevit.py', reloading
2026-07-04 16:03:12,302 - INFO -  * Detected change in 'C:\\Users\\Muiz\\AppData\\Local\\Programs\\Python\\Python313\\Lib\\site-packages\\transformers\\models\\mobilevitv2\\__init__.py', reloading
2026-07-04 16:03:12,323 - INFO -  * Detected change in 'C:\\Users\\Muiz\\AppData\\Local\\Programs\\Python\\Python313\\Lib\\site-packages\\transformers\\models\\mobilevitv2\\configuration_mobilevitv2.py', reloading
2026-07-04 16:03:12,348 - INFO -  * Detected change in 'C:\\Users\\Muiz\\AppData\\Local\\Programs\\Python\\Python313\\Lib\\site-packages\\transformers\\models\\mobilevitv2\\modeling_mobilevitv2.py', reloading
2026-07-04 16:03:12,626 - INFO -  * Restarting with watchdog (windowsapi)
2026-07-04 16:03:14,489 - INFO - Model and TF-IDF vectorizer loaded successfully.
2026-07-04 16:03:14,847 - WARNING -  * Debugger is active!
2026-07-04 16:03:14,849 - INFO -  * Debugger PIN: 603-667-668
2026-07-04 16:03:14,913 - INFO -  * Detected change in 'C:\\Users\\Muiz\\AppData\\Local\\Programs\\Python\\Python313\\Lib\\site-packages\\transformers\\models\\paligemma\\__init__.py', reloading
2026-07-04 16:03:14,937 - INFO -  * Detected change in 'C:\\Users\\Muiz\\AppData\\Local\\Programs\\Python\\Python313\\Lib\\site-packages\\transformers\\models\\paligemma\\configuration_paligemma.py', reloading
2026-07-04 16:03:14,961 - INFO -  * Detected change in 'C:\\Users\\Muiz\\AppData\\Local\\Programs\\Python\\Python313\\Lib\\site-packages\\transformers\\models\\paligemma\\modeling_paligemma.py', reloading
2026-07-04 16:03:14,999 - INFO -  * Detected change in 'C:\\Users\\Muiz\\AppData\\Local\\Programs\\Python\\Python313\\Lib\\site-packages\\transformers\\models\\paligemma\\processing_paligemma.py', reloading
2026-07-04 16:03:15,020 - INFO -  * Detected change in 'C:\\Users\\Muiz\\AppData\\Local\\Programs\\Python\\Python313\\Lib\\site-packages\\transformers\\models\\parakeet\\__init__.py', reloading
2026-07-04 16:03:15,044 - INFO -  * Detected change in 'C:\\Users\\Muiz\\AppData\\Local\\Programs\\Python\\Python313\\Lib\\site-packages\\transformers\\models\\parakeet\\configuration_parakeet.py', reloading
2026-07-04 16:03:15,067 - INFO -  * Detected change in 'C:\\Users\\Muiz\\AppData\\Local\\Programs\\Python\\Python313\\Lib\\site-packages\\transformers\\models\\parakeet\\feature_extraction_parakeet.py', reloading
2026-07-04 16:03:15,092 - INFO -  * Detected change in 'C:\\Users\\Muiz\\AppData\\Local\\Programs\\Python\\Python313\\Lib\\site-packages\\transformers\\models\\parakeet\\modeling_parakeet.py', reloading
2026-07-04 16:03:15,116 - INFO -  * Detected change in 'C:\\Users\\Muiz\\AppData\\Local\\Programs\\Python\\Python313\\Lib\\site-packages\\transformers\\models\\parakeet\\tokenization_parakeet_fast.py', reloading
2026-07-04 16:03:15,135 - INFO -  * Detected change in 'C:\\Users\\Muiz\\AppData\\Local\\Programs\\Python\\Python313\\Lib\\site-packages\\transformers\\models\\patchtsmixer\\__init__.py', reloading
2026-07-04 16:03:15,181 - INFO -  * Detected change in 'C:\\Users\\Muiz\\AppData\\Local\\Programs\\Python\\Python313\\Lib\\site-packages\\transformers\\models\\patchtsmixer\\configuration_patchtsmixer.py', reloading
2026-07-04 16:03:15,210 - INFO -  * Detected change in 'C:\\Users\\Muiz\\AppData\\Local\\Programs\\Python\\Python313\\Lib\\site-packages\\transformers\\models\\patchtsmixer\\modeling_patchtsmixer.py', reloading
2026-07-04 16:03:15,236 - INFO -  * Detected change in 'C:\\Users\\Muiz\\AppData\\Local\\Programs\\Python\\Python313\\Lib\\site-packages\\transformers\\models\\patchtst\\__init__.py', reloading
2026-07-04 16:03:15,261 - INFO -  * Detected change in 'C:\\Users\\Muiz\\AppData\\Local\\Programs\\Python\\Python313\\Lib\\site-packages\\transformers\\models\\patchtst\\configuration_patchtst.py', reloading
2026-07-04 16:03:15,293 - INFO -  * Detected change in 'C:\\Users\\Muiz\\AppData\\Local\\Programs\\Python\\Python313\\Lib\\site-packages\\transformers\\models\\patchtst\\modeling_patchtst.py', reloading
2026-07-04 16:03:15,370 - INFO -  * Detected change in 'C:\\Users\\Muiz\\AppData\\Local\\Programs\\Python\\Python313\\Lib\\site-packages\\transformers\\models\\pegasus\\__init__.py', reloading
2026-07-04 16:03:15,395 - INFO -  * Detected change in 'C:\\Users\\Muiz\\AppData\\Local\\Programs\\Python\\Python313\\Lib\\site-packages\\transformers\\models\\pegasus\\configuration_pegasus.py', reloading
2026-07-04 16:03:15,426 - INFO -  * Detected change in 'C:\\Users\\Muiz\\AppData\\Local\\Programs\\Python\\Python313\\Lib\\site-packages\\transformers\\models\\pegasus\\modeling_flax_pegasus.py', reloading
2026-07-04 16:03:15,459 - INFO -  * Detected change in 'C:\\Users\\Muiz\\AppData\\Local\\Programs\\Python\\Python313\\Lib\\site-packages\\transformers\\models\\pegasus\\modeling_pegasus.py', reloading
2026-07-04 16:03:15,491 - INFO -  * Detected change in 'C:\\Users\\Muiz\\AppData\\Local\\Programs\\Python\\Python313\\Lib\\site-packages\\transformers\\models\\pegasus\\modeling_tf_pegasus.py', reloading
2026-07-04 16:03:15,522 - INFO -  * Detected change in 'C:\\Users\\Muiz\\AppData\\Local\\Programs\\Python\\Python313\\Lib\\site-packages\\transformers\\models\\pegasus\\tokenization_pegasus.py', reloading
2026-07-04 16:03:15,537 - INFO -  * Detected change in 'C:\\Users\\Muiz\\AppData\\Local\\Programs\\Python\\Python313\\Lib\\site-packages\\transformers\\models\\pegasus\\tokenization_pegasus_fast.py', reloading
2026-07-04 16:03:15,547 - INFO -  * Detected change in 'C:\\Users\\Muiz\\AppData\\Local\\Programs\\Python\\Python313\\Lib\\site-packages\\transformers\\models\\pegasus_x\\__init__.py', reloading
2026-07-04 16:03:15,559 - INFO -  * Detected change in 'C:\\Users\\Muiz\\AppData\\Local\\Programs\\Python\\Python313\\Lib\\site-packages\\transformers\\models\\pegasus_x\\configuration_pegasus_x.py', reloading
2026-07-04 16:03:15,573 - INFO -  * Detected change in 'C:\\Users\\Muiz\\AppData\\Local\\Programs\\Python\\Python313\\Lib\\site-packages\\transformers\\models\\pegasus_x\\modeling_pegasus_x.py', reloading
2026-07-04 16:03:15,588 - INFO -  * Detected change in 'C:\\Users\\Muiz\\AppData\\Local\\Programs\\Python\\Python313\\Lib\\site-packages\\transformers\\models\\perceiver\\__init__.py', reloading
2026-07-04 16:03:15,599 - INFO -  * Detected change in 'C:\\Users\\Muiz\\AppData\\Local\\Programs\\Python\\Python313\\Lib\\site-packages\\transformers\\models\\perceiver\\configuration_perceiver.py', reloading
2026-07-04 16:03:15,610 - INFO -  * Detected change in 'C:\\Users\\Muiz\\AppData\\Local\\Programs\\Python\\Python313\\Lib\\site-packages\\transformers\\models\\perceiver\\feature_extraction_perceiver.py', reloading
2026-07-04 16:03:15,621 - INFO -  * Detected change in 'C:\\Users\\Muiz\\AppData\\Local\\Programs\\Python\\Python313\\Lib\\site-packages\\transformers\\models\\perceiver\\image_processing_perceiver.py', reloading
2026-07-04 16:03:15,632 - INFO -  * Detected change in 'C:\\Users\\Muiz\\AppData\\Local\\Programs\\Python\\Python313\\Lib\\site-packages\\transformers\\models\\perceiver\\image_processing_perceiver_fast.py', reloading
2026-07-04 16:03:15,647 - INFO -  * Detected change in 'C:\\Users\\Muiz\\AppData\\Local\\Programs\\Python\\Python313\\Lib\\site-packages\\transformers\\models\\perceiver\\modeling_perceiver.py', reloading
2026-07-04 16:03:15,680 - INFO -  * Detected change in 'C:\\Users\\Muiz\\AppData\\Local\\Programs\\Python\\Python313\\Lib\\site-packages\\transformers\\models\\perceiver\\tokenization_perceiver.py', reloading
2026-07-04 16:03:15,690 - INFO -  * Detected change in 'C:\\Users\\Muiz\\AppData\\Local\\Programs\\Python\\Python313\\Lib\\site-packages\\transformers\\models\\perception_lm\\__init__.py', reloading
2026-07-04 16:03:15,701 - INFO -  * Detected change in 'C:\\Users\\Muiz\\AppData\\Local\\Programs\\Python\\Python313\\Lib\\site-packages\\transformers\\models\\perception_lm\\configuration_perception_lm.py', reloading
2026-07-04 16:03:15,713 - INFO -  * Detected change in 'C:\\Users\\Muiz\\AppData\\Local\\Programs\\Python\\Python313\\Lib\\site-packages\\transformers\\models\\perception_lm\\image_processing_perception_lm_fast.py', reloading
2026-07-04 16:03:15,725 - INFO -  * Detected change in 'C:\\Users\\Muiz\\AppData\\Local\\Programs\\Python\\Python313\\Lib\\site-packages\\transformers\\models\\perception_lm\\modeling_perception_lm.py', reloading
2026-07-04 16:03:15,740 - INFO -  * Detected change in 'C:\\Users\\Muiz\\AppData\\Local\\Programs\\Python\\Python313\\Lib\\site-packages\\transformers\\models\\perception_lm\\processing_perception_lm.py', reloading
2026-07-04 16:03:15,750 - INFO -  * Detected change in 'C:\\Users\\Muiz\\AppData\\Local\\Programs\\Python\\Python313\\Lib\\site-packages\\transformers\\models\\persimmon\\__init__.py', reloading
2026-07-04 16:03:15,760 - INFO -  * Detected change in 'C:\\Users\\Muiz\\AppData\\Local\\Programs\\Python\\Python313\\Lib\\site-packages\\transformers\\models\\persimmon\\configuration_persimmon.py', reloading
2026-07-04 16:03:15,772 - INFO -  * Detected change in 'C:\\Users\\Muiz\\AppData\\Local\\Programs\\Python\\Python313\\Lib\\site-packages\\transformers\\models\\persimmon\\modeling_persimmon.py', reloading
2026-07-04 16:03:15,785 - INFO -  * Detected change in 'C:\\Users\\Muiz\\AppData\\Local\\Programs\\Python\\Python313\\Lib\\site-packages\\transformers\\models\\phi\\__init__.py', reloading
2026-07-04 16:03:15,797 - INFO -  * Detected change in 'C:\\Users\\Muiz\\AppData\\Local\\Programs\\Python\\Python313\\Lib\\site-packages\\transformers\\models\\phi\\configuration_phi.py', reloading
2026-07-04 16:03:15,809 - INFO -  * Detected change in 'C:\\Users\\Muiz\\AppData\\Local\\Programs\\Python\\Python313\\Lib\\site-packages\\transformers\\models\\phi\\modeling_phi.py', reloading
2026-07-04 16:03:15,821 - INFO -  * Detected change in 'C:\\Users\\Muiz\\AppData\\Local\\Programs\\Python\\Python313\\Lib\\site-packages\\transformers\\models\\phi3\\__init__.py', reloading
2026-07-04 16:03:15,833 - INFO -  * Detected change in 'C:\\Users\\Muiz\\AppData\\Local\\Programs\\Python\\Python313\\Lib\\site-packages\\transformers\\models\\phi3\\configuration_phi3.py', reloading
2026-07-04 16:03:15,844 - INFO -  * Detected change in 'C:\\Users\\Muiz\\AppData\\Local\\Programs\\Python\\Python313\\Lib\\site-packages\\transformers\\models\\phi3\\modeling_phi3.py', reloading
2026-07-04 16:03:15,856 - INFO -  * Detected change in 'C:\\Users\\Muiz\\AppData\\Local\\Programs\\Python\\Python313\\Lib\\site-packages\\transformers\\models\\phi4_multimodal\\__init__.py', reloading
2026-07-04 16:03:16,131 - INFO -  * Restarting with watchdog (windowsapi)
2026-07-04 16:03:17,974 - INFO - Model and TF-IDF vectorizer loaded successfully.
2026-07-04 16:03:18,384 - WARNING -  * Debugger is active!
2026-07-04 16:03:18,386 - INFO -  * Debugger PIN: 603-667-668
2026-07-04 16:03:18,406 - INFO -  * Detected change in 'C:\\Users\\Muiz\\AppData\\Local\\Programs\\Python\\Python313\\Lib\\site-packages\\transformers\\models\\sam\\image_processing_sam_fast.py', reloading
2026-07-04 16:03:18,420 - INFO -  * Detected change in 'C:\\Users\\Muiz\\AppData\\Local\\Programs\\Python\\Python313\\Lib\\site-packages\\transformers\\models\\sam\\modeling_sam.py', reloading
2026-07-04 16:03:18,439 - INFO -  * Detected change in 'C:\\Users\\Muiz\\AppData\\Local\\Programs\\Python\\Python313\\Lib\\site-packages\\transformers\\models\\sam\\modeling_tf_sam.py', reloading
2026-07-04 16:03:18,455 - INFO -  * Detected change in 'C:\\Users\\Muiz\\AppData\\Local\\Programs\\Python\\Python313\\Lib\\site-packages\\transformers\\models\\sam\\processing_sam.py', reloading
2026-07-04 16:03:18,467 - INFO -  * Detected change in 'C:\\Users\\Muiz\\AppData\\Local\\Programs\\Python\\Python313\\Lib\\site-packages\\transformers\\models\\sam2\\__init__.py', reloading
2026-07-04 16:03:18,478 - INFO -  * Detected change in 'C:\\Users\\Muiz\\AppData\\Local\\Programs\\Python\\Python313\\Lib\\site-packages\\transformers\\models\\sam2\\configuration_sam2.py', reloading
2026-07-04 16:03:18,491 - INFO -  * Detected change in 'C:\\Users\\Muiz\\AppData\\Local\\Programs\\Python\\Python313\\Lib\\site-packages\\transformers\\models\\sam2\\image_processing_sam2_fast.py', reloading
2026-07-04 16:03:18,506 - INFO -  * Detected change in 'C:\\Users\\Muiz\\AppData\\Local\\Programs\\Python\\Python313\\Lib\\site-packages\\transformers\\models\\sam2\\modeling_sam2.py', reloading
2026-07-04 16:03:18,523 - INFO -  * Detected change in 'C:\\Users\\Muiz\\AppData\\Local\\Programs\\Python\\Python313\\Lib\\site-packages\\transformers\\models\\sam2\\processing_sam2.py', reloading
2026-07-04 16:03:18,533 - INFO -  * Detected change in 'C:\\Users\\Muiz\\AppData\\Local\\Programs\\Python\\Python313\\Lib\\site-packages\\transformers\\models\\sam2_video\\__init__.py', reloading
2026-07-04 16:03:18,543 - INFO -  * Detected change in 'C:\\Users\\Muiz\\AppData\\Local\\Programs\\Python\\Python313\\Lib\\site-packages\\transformers\\models\\sam2_video\\configuration_sam2_video.py', reloading
2026-07-04 16:03:18,559 - INFO -  * Detected change in 'C:\\Users\\Muiz\\AppData\\Local\\Programs\\Python\\Python313\\Lib\\site-packages\\transformers\\models\\sam2_video\\modeling_sam2_video.py', reloading
2026-07-04 16:03:18,578 - INFO -  * Detected change in 'C:\\Users\\Muiz\\AppData\\Local\\Programs\\Python\\Python313\\Lib\\site-packages\\transformers\\models\\sam2_video\\processing_sam2_video.py', reloading
2026-07-04 16:03:18,615 - INFO -  * Detected change in 'C:\\Users\\Muiz\\AppData\\Local\\Programs\\Python\\Python313\\Lib\\site-packages\\transformers\\models\\sam2_video\\video_processing_sam2_video.py', reloading
2026-07-04 16:03:18,629 - INFO -  * Detected change in 'C:\\Users\\Muiz\\AppData\\Local\\Programs\\Python\\Python313\\Lib\\site-packages\\transformers\\models\\sam_hq\\__init__.py', reloading
2026-07-04 16:03:18,642 - INFO -  * Detected change in 'C:\\Users\\Muiz\\AppData\\Local\\Programs\\Python\\Python313\\Lib\\site-packages\\transformers\\models\\sam_hq\\configuration_sam_hq.py', reloading
2026-07-04 16:03:18,655 - INFO -  * Detected change in 'C:\\Users\\Muiz\\AppData\\Local\\Programs\\Python\\Python313\\Lib\\site-packages\\transformers\\models\\sam_hq\\modeling_sam_hq.py', reloading
2026-07-04 16:03:18,677 - INFO -  * Detected change in 'C:\\Users\\Muiz\\AppData\\Local\\Programs\\Python\\Python313\\Lib\\site-packages\\transformers\\models\\sam_hq\\processing_samhq.py', reloading
2026-07-04 16:03:18,690 - INFO -  * Detected change in 'C:\\Users\\Muiz\\AppData\\Local\\Programs\\Python\\Python313\\Lib\\site-packages\\transformers\\models\\seamless_m4t\\__init__.py', reloading
2026-07-04 16:03:18,704 - INFO -  * Detected change in 'C:\\Users\\Muiz\\AppData\\Local\\Programs\\Python\\Python313\\Lib\\site-packages\\transformers\\models\\seamless_m4t\\configuration_seamless_m4t.py', reloading
2026-07-04 16:03:18,719 - INFO -  * Detected change in 'C:\\Users\\Muiz\\AppData\\Local\\Programs\\Python\\Python313\\Lib\\site-packages\\transformers\\models\\seamless_m4t\\feature_extraction_seamless_m4t.py', reloading
2026-07-04 16:03:18,735 - INFO -  * Detected change in 'C:\\Users\\Muiz\\AppData\\Local\\Programs\\Python\\Python313\\Lib\\site-packages\\transformers\\models\\seamless_m4t\\modeling_seamless_m4t.py', reloading
2026-07-04 16:03:18,771 - INFO -  * Detected change in 'C:\\Users\\Muiz\\AppData\\Local\\Programs\\Python\\Python313\\Lib\\site-packages\\transformers\\models\\seamless_m4t\\processing_seamless_m4t.py', reloading
2026-07-04 16:03:18,798 - INFO -  * Detected change in 'C:\\Users\\Muiz\\AppData\\Local\\Programs\\Python\\Python313\\Lib\\site-packages\\transformers\\models\\seamless_m4t\\tokenization_seamless_m4t.py', reloading
2026-07-04 16:03:18,828 - INFO -  * Detected change in 'C:\\Users\\Muiz\\AppData\\Local\\Programs\\Python\\Python313\\Lib\\site-packages\\transformers\\models\\seamless_m4t\\tokenization_seamless_m4t_fast.py', reloading
2026-07-04 16:03:18,854 - INFO -  * Detected change in 'C:\\Users\\Muiz\\AppData\\Local\\Programs\\Python\\Python313\\Lib\\site-packages\\transformers\\models\\seamless_m4t_v2\\__init__.py', reloading
2026-07-04 16:03:18,881 - INFO -  * Detected change in 'C:\\Users\\Muiz\\AppData\\Local\\Programs\\Python\\Python313\\Lib\\site-packages\\transformers\\models\\seamless_m4t_v2\\configuration_seamless_m4t_v2.py', reloading
2026-07-04 16:03:18,924 - INFO -  * Detected change in 'C:\\Users\\Muiz\\AppData\\Local\\Programs\\Python\\Python313\\Lib\\site-packages\\transformers\\models\\seamless_m4t_v2\\modeling_seamless_m4t_v2.py', reloading
2026-07-04 16:03:18,951 - INFO -  * Detected change in 'C:\\Users\\Muiz\\AppData\\Local\\Programs\\Python\\Python313\\Lib\\site-packages\\transformers\\models\\seed_oss\\__init__.py', reloading
2026-07-04 16:03:18,963 - INFO -  * Detected change in 'C:\\Users\\Muiz\\AppData\\Local\\Programs\\Python\\Python313\\Lib\\site-packages\\transformers\\models\\seed_oss\\configuration_seed_oss.py', reloading
2026-07-04 16:03:18,974 - INFO -  * Detected change in 'C:\\Users\\Muiz\\AppData\\Local\\Programs\\Python\\Python313\\Lib\\site-packages\\transformers\\models\\seed_oss\\modeling_seed_oss.py', reloading
2026-07-04 16:03:18,985 - INFO -  * Detected change in 'C:\\Users\\Muiz\\AppData\\Local\\Programs\\Python\\Python313\\Lib\\site-packages\\transformers\\models\\segformer\\__init__.py', reloading
2026-07-04 16:03:18,996 - INFO -  * Detected change in 'C:\\Users\\Muiz\\AppData\\Local\\Programs\\Python\\Python313\\Lib\\site-packages\\transformers\\models\\segformer\\configuration_segformer.py', reloading
2026-07-04 16:03:19,006 - INFO -  * Detected change in 'C:\\Users\\Muiz\\AppData\\Local\\Programs\\Python\\Python313\\Lib\\site-packages\\transformers\\models\\segformer\\feature_extraction_segformer.py', reloading
2026-07-04 16:03:19,017 - INFO -  * Detected change in 'C:\\Users\\Muiz\\AppData\\Local\\Programs\\Python\\Python313\\Lib\\site-packages\\transformers\\models\\segformer\\image_processing_segformer.py', reloading
2026-07-04 16:03:19,028 - INFO -  * Detected change in 'C:\\Users\\Muiz\\AppData\\Local\\Programs\\Python\\Python313\\Lib\\site-packages\\transformers\\models\\segformer\\image_processing_segformer_fast.py', reloading
2026-07-04 16:03:19,055 - INFO -  * Detected change in 'C:\\Users\\Muiz\\AppData\\Local\\Programs\\Python\\Python313\\Lib\\site-packages\\transformers\\models\\segformer\\modeling_segformer.py', reloading
2026-07-04 16:03:19,086 - INFO -  * Detected change in 'C:\\Users\\Muiz\\AppData\\Local\\Programs\\Python\\Python313\\Lib\\site-packages\\transformers\\models\\segformer\\modeling_tf_segformer.py', reloading
2026-07-04 16:03:19,104 - INFO -  * Detected change in 'C:\\Users\\Muiz\\AppData\\Local\\Programs\\Python\\Python313\\Lib\\site-packages\\transformers\\models\\seggpt\\__init__.py', reloading
2026-07-04 16:03:19,116 - INFO -  * Detected change in 'C:\\Users\\Muiz\\AppData\\Local\\Programs\\Python\\Python313\\Lib\\site-packages\\transformers\\models\\seggpt\\configuration_seggpt.py', reloading
2026-07-04 16:03:19,129 - INFO -  * Detected change in 'C:\\Users\\Muiz\\AppData\\Local\\Programs\\Python\\Python313\\Lib\\site-packages\\transformers\\models\\seggpt\\image_processing_seggpt.py', reloading
2026-07-04 16:03:19,143 - INFO -  * Detected change in 'C:\\Users\\Muiz\\AppData\\Local\\Programs\\Python\\Python313\\Lib\\site-packages\\transformers\\models\\seggpt\\modeling_seggpt.py', reloading
2026-07-04 16:03:19,156 - INFO -  * Detected change in 'C:\\Users\\Muiz\\AppData\\Local\\Programs\\Python\\Python313\\Lib\\site-packages\\transformers\\models\\sew\\__init__.py', reloading
2026-07-04 16:03:19,168 - INFO -  * Detected change in 'C:\\Users\\Muiz\\AppData\\Local\\Programs\\Python\\Python313\\Lib\\site-packages\\transformers\\models\\sew\\configuration_sew.py', reloading
2026-07-04 16:03:19,180 - INFO -  * Detected change in 'C:\\Users\\Muiz\\AppData\\Local\\Programs\\Python\\Python313\\Lib\\site-packages\\transformers\\models\\sew\\modeling_sew.py', reloading
2026-07-04 16:03:19,192 - INFO -  * Detected change in 'C:\\Users\\Muiz\\AppData\\Local\\Programs\\Python\\Python313\\Lib\\site-packages\\transformers\\models\\sew_d\\__init__.py', reloading
2026-07-04 16:03:19,204 - INFO -  * Detected change in 'C:\\Users\\Muiz\\AppData\\Local\\Programs\\Python\\Python313\\Lib\\site-packages\\transformers\\models\\sew_d\\configuration_sew_d.py', reloading
2026-07-04 16:03:19,218 - INFO -  * Detected change in 'C:\\Users\\Muiz\\AppData\\Local\\Programs\\Python\\Python313\\Lib\\site-packages\\transformers\\models\\sew_d\\modeling_sew_d.py', reloading
2026-07-04 16:03:19,242 - INFO -  * Detected change in 'C:\\Users\\Muiz\\AppData\\Local\\Programs\\Python\\Python313\\Lib\\site-packages\\transformers\\models\\shieldgemma2\\__init__.py', reloading
2026-07-04 16:03:19,266 - INFO -  * Detected change in 'C:\\Users\\Muiz\\AppData\\Local\\Programs\\Python\\Python313\\Lib\\site-packages\\transformers\\models\\shieldgemma2\\configuration_shieldgemma2.py', reloading
2026-07-04 16:03:19,292 - INFO -  * Detected change in 'C:\\Users\\Muiz\\AppData\\Local\\Programs\\Python\\Python313\\Lib\\site-packages\\transformers\\models\\shieldgemma2\\modeling_shieldgemma2.py', reloading
2026-07-04 16:03:19,328 - INFO -  * Detected change in 'C:\\Users\\Muiz\\AppData\\Local\\Programs\\Python\\Python313\\Lib\\site-packages\\transformers\\models\\shieldgemma2\\processing_shieldgemma2.py', reloading
2026-07-04 16:03:19,357 - INFO -  * Detected change in 'C:\\Users\\Muiz\\AppData\\Local\\Programs\\Python\\Python313\\Lib\\site-packages\\transformers\\models\\siglip\\__init__.py', reloading
2026-07-04 16:03:19,387 - INFO -  * Detected change in 'C:\\Users\\Muiz\\AppData\\Local\\Programs\\Python\\Python313\\Lib\\site-packages\\transformers\\models\\siglip\\configuration_siglip.py', reloading
2026-07-04 16:03:19,672 - INFO -  * Restarting with watchdog (windowsapi)
2026-07-04 16:03:21,586 - INFO - Model and TF-IDF vectorizer loaded successfully.
2026-07-04 16:03:21,999 - WARNING -  * Debugger is active!
2026-07-04 16:03:22,002 - INFO -  * Debugger PIN: 603-667-668
2026-07-04 16:03:22,039 - INFO -  * Detected change in 'C:\\Users\\Muiz\\AppData\\Local\\Programs\\Python\\Python313\\Lib\\site-packages\\transformers\\models\\videomae\\__init__.py', reloading
2026-07-04 16:03:22,049 - INFO -  * Detected change in 'C:\\Users\\Muiz\\AppData\\Local\\Programs\\Python\\Python313\\Lib\\site-packages\\transformers\\models\\videomae\\configuration_videomae.py', reloading
2026-07-04 16:03:22,058 - INFO -  * Detected change in 'C:\\Users\\Muiz\\AppData\\Local\\Programs\\Python\\Python313\\Lib\\site-packages\\transformers\\models\\videomae\\feature_extraction_videomae.py', reloading
2026-07-04 16:03:22,069 - INFO -  * Detected change in 'C:\\Users\\Muiz\\AppData\\Local\\Programs\\Python\\Python313\\Lib\\site-packages\\transformers\\models\\videomae\\image_processing_videomae.py', reloading
2026-07-04 16:03:22,083 - INFO -  * Detected change in 'C:\\Users\\Muiz\\AppData\\Local\\Programs\\Python\\Python313\\Lib\\site-packages\\transformers\\models\\videomae\\modeling_videomae.py', reloading
2026-07-04 16:03:22,095 - INFO -  * Detected change in 'C:\\Users\\Muiz\\AppData\\Local\\Programs\\Python\\Python313\\Lib\\site-packages\\transformers\\models\\vilt\\__init__.py', reloading
2026-07-04 16:03:22,106 - INFO -  * Detected change in 'C:\\Users\\Muiz\\AppData\\Local\\Programs\\Python\\Python313\\Lib\\site-packages\\transformers\\models\\vilt\\configuration_vilt.py', reloading
2026-07-04 16:03:22,118 - INFO -  * Detected change in 'C:\\Users\\Muiz\\AppData\\Local\\Programs\\Python\\Python313\\Lib\\site-packages\\transformers\\models\\vilt\\feature_extraction_vilt.py', reloading
2026-07-04 16:03:22,130 - INFO -  * Detected change in 'C:\\Users\\Muiz\\AppData\\Local\\Programs\\Python\\Python313\\Lib\\site-packages\\transformers\\models\\vilt\\image_processing_vilt.py', reloading
2026-07-04 16:03:22,142 - INFO -  * Detected change in 'C:\\Users\\Muiz\\AppData\\Local\\Programs\\Python\\Python313\\Lib\\site-packages\\transformers\\models\\vilt\\image_processing_vilt_fast.py', reloading
2026-07-04 16:03:22,154 - INFO -  * Detected change in 'C:\\Users\\Muiz\\AppData\\Local\\Programs\\Python\\Python313\\Lib\\site-packages\\transformers\\models\\vilt\\modeling_vilt.py', reloading
2026-07-04 16:03:22,171 - INFO -  * Detected change in 'C:\\Users\\Muiz\\AppData\\Local\\Programs\\Python\\Python313\\Lib\\site-packages\\transformers\\models\\vilt\\processing_vilt.py', reloading
2026-07-04 16:03:22,181 - INFO -  * Detected change in 'C:\\Users\\Muiz\\AppData\\Local\\Programs\\Python\\Python313\\Lib\\site-packages\\transformers\\models\\vipllava\\__init__.py', reloading
2026-07-04 16:03:22,194 - INFO -  * Detected change in 'C:\\Users\\Muiz\\AppData\\Local\\Programs\\Python\\Python313\\Lib\\site-packages\\transformers\\models\\vipllava\\configuration_vipllava.py', reloading
2026-07-04 16:03:22,205 - INFO -  * Detected change in 'C:\\Users\\Muiz\\AppData\\Local\\Programs\\Python\\Python313\\Lib\\site-packages\\transformers\\models\\vipllava\\modeling_vipllava.py', reloading
2026-07-04 16:03:22,217 - INFO -  * Detected change in 'C:\\Users\\Muiz\\AppData\\Local\\Programs\\Python\\Python313\\Lib\\site-packages\\transformers\\models\\vision_encoder_decoder\\__init__.py', reloading
2026-07-04 16:03:22,243 - INFO -  * Detected change in 'C:\\Users\\Muiz\\AppData\\Local\\Programs\\Python\\Python313\\Lib\\site-packages\\transformers\\models\\vision_encoder_decoder\\configuration_vision_encoder_decoder.py', reloading
2026-07-04 16:03:22,257 - INFO -  * Detected change in 'C:\\Users\\Muiz\\AppData\\Local\\Programs\\Python\\Python313\\Lib\\site-packages\\transformers\\models\\vision_encoder_decoder\\modeling_flax_vision_encoder_decoder.py', reloading
2026-07-04 16:03:22,272 - INFO -  * Detected change in 'C:\\Users\\Muiz\\AppData\\Local\\Programs\\Python\\Python313\\Lib\\site-packages\\transformers\\models\\vision_encoder_decoder\\modeling_tf_vision_encoder_decoder.py', reloading
2026-07-04 16:03:22,287 - INFO -  * Detected change in 'C:\\Users\\Muiz\\AppData\\Local\\Programs\\Python\\Python313\\Lib\\site-packages\\transformers\\models\\vision_encoder_decoder\\modeling_vision_encoder_decoder.py', reloading
2026-07-04 16:03:22,298 - INFO -  * Detected change in 'C:\\Users\\Muiz\\AppData\\Local\\Programs\\Python\\Python313\\Lib\\site-packages\\transformers\\models\\vision_text_dual_encoder\\__init__.py', reloading
2026-07-04 16:03:22,310 - INFO -  * Detected change in 'C:\\Users\\Muiz\\AppData\\Local\\Programs\\Python\\Python313\\Lib\\site-packages\\transformers\\models\\vision_text_dual_encoder\\configuration_vision_text_dual_encoder.py', reloading
2026-07-04 16:03:22,325 - INFO -  * Detected change in 'C:\\Users\\Muiz\\AppData\\Local\\Programs\\Python\\Python313\\Lib\\site-packages\\transformers\\models\\vision_text_dual_encoder\\modeling_flax_vision_text_dual_encoder.py', reloading
2026-07-04 16:03:22,339 - INFO -  * Detected change in 'C:\\Users\\Muiz\\AppData\\Local\\Programs\\Python\\Python313\\Lib\\site-packages\\transformers\\models\\vision_text_dual_encoder\\modeling_tf_vision_text_dual_encoder.py', reloading
2026-07-04 16:03:22,352 - INFO -  * Detected change in 'C:\\Users\\Muiz\\AppData\\Local\\Programs\\Python\\Python313\\Lib\\site-packages\\transformers\\models\\vision_text_dual_encoder\\modeling_vision_text_dual_encoder.py', reloading
2026-07-04 16:03:22,364 - INFO -  * Detected change in 'C:\\Users\\Muiz\\AppData\\Local\\Programs\\Python\\Python313\\Lib\\site-packages\\transformers\\models\\vision_text_dual_encoder\\processing_vision_text_dual_encoder.py', reloading
2026-07-04 16:03:22,373 - INFO -  * Detected change in 'C:\\Users\\Muiz\\AppData\\Local\\Programs\\Python\\Python313\\Lib\\site-packages\\transformers\\models\\visual_bert\\__init__.py', reloading
2026-07-04 16:03:22,384 - INFO -  * Detected change in 'C:\\Users\\Muiz\\AppData\\Local\\Programs\\Python\\Python313\\Lib\\site-packages\\transformers\\models\\visual_bert\\configuration_visual_bert.py', reloading
2026-07-04 16:03:22,397 - INFO -  * Detected change in 'C:\\Users\\Muiz\\AppData\\Local\\Programs\\Python\\Python313\\Lib\\site-packages\\transformers\\models\\visual_bert\\modeling_visual_bert.py', reloading
2026-07-04 16:03:22,425 - INFO -  * Detected change in 'C:\\Users\\Muiz\\AppData\\Local\\Programs\\Python\\Python313\\Lib\\site-packages\\transformers\\models\\vit\\__init__.py', reloading
2026-07-04 16:03:22,452 - INFO -  * Detected change in 'C:\\Users\\Muiz\\AppData\\Local\\Programs\\Python\\Python313\\Lib\\site-packages\\transformers\\models\\vit\\configuration_vit.py', reloading
2026-07-04 16:03:22,476 - INFO -  * Detected change in 'C:\\Users\\Muiz\\AppData\\Local\\Programs\\Python\\Python313\\Lib\\site-packages\\transformers\\models\\vit\\feature_extraction_vit.py', reloading
2026-07-04 16:03:22,490 - INFO -  * Detected change in 'C:\\Users\\Muiz\\AppData\\Local\\Programs\\Python\\Python313\\Lib\\site-packages\\transformers\\models\\vit\\image_processing_vit.py', reloading
2026-07-04 16:03:22,499 - INFO -  * Detected change in 'C:\\Users\\Muiz\\AppData\\Local\\Programs\\Python\\Python313\\Lib\\site-packages\\transformers\\models\\vit\\image_processing_vit_fast.py', reloading
2026-07-04 16:03:22,512 - INFO -  * Detected change in 'C:\\Users\\Muiz\\AppData\\Local\\Programs\\Python\\Python313\\Lib\\site-packages\\transformers\\models\\vit\\modeling_flax_vit.py', reloading
2026-07-04 16:03:22,526 - INFO -  * Detected change in 'C:\\Users\\Muiz\\AppData\\Local\\Programs\\Python\\Python313\\Lib\\site-packages\\transformers\\models\\vit\\modeling_tf_vit.py', reloading
2026-07-04 16:03:22,542 - INFO -  * Detected change in 'C:\\Users\\Muiz\\AppData\\Local\\Programs\\Python\\Python313\\Lib\\site-packages\\transformers\\models\\vit\\modeling_vit.py', reloading
2026-07-04 16:03:22,555 - INFO -  * Detected change in 'C:\\Users\\Muiz\\AppData\\Local\\Programs\\Python\\Python313\\Lib\\site-packages\\transformers\\models\\vit_mae\\__init__.py', reloading
2026-07-04 16:03:22,565 - INFO -  * Detected change in 'C:\\Users\\Muiz\\AppData\\Local\\Programs\\Python\\Python313\\Lib\\site-packages\\transformers\\models\\vit_mae\\configuration_vit_mae.py', reloading
2026-07-04 16:03:22,580 - INFO -  * Detected change in 'C:\\Users\\Muiz\\AppData\\Local\\Programs\\Python\\Python313\\Lib\\site-packages\\transformers\\models\\vit_mae\\modeling_tf_vit_mae.py', reloading
2026-07-04 16:03:22,595 - INFO -  * Detected change in 'C:\\Users\\Muiz\\AppData\\Local\\Programs\\Python\\Python313\\Lib\\site-packages\\transformers\\models\\vit_mae\\modeling_vit_mae.py', reloading
2026-07-04 16:03:22,632 - INFO -  * Detected change in 'C:\\Users\\Muiz\\AppData\\Local\\Programs\\Python\\Python313\\Lib\\site-packages\\transformers\\models\\vit_msn\\__init__.py', reloading
2026-07-04 16:03:22,672 - INFO -  * Detected change in 'C:\\Users\\Muiz\\AppData\\Local\\Programs\\Python\\Python313\\Lib\\site-packages\\transformers\\models\\vit_msn\\configuration_vit_msn.py', reloading
2026-07-04 16:03:22,709 - INFO -  * Detected change in 'C:\\Users\\Muiz\\AppData\\Local\\Programs\\Python\\Python313\\Lib\\site-packages\\transformers\\models\\vit_msn\\modeling_vit_msn.py', reloading
2026-07-04 16:03:22,735 - INFO -  * Detected change in 'C:\\Users\\Muiz\\AppData\\Local\\Programs\\Python\\Python313\\Lib\\site-packages\\transformers\\models\\vitdet\\__init__.py', reloading
2026-07-04 16:03:22,763 - INFO -  * Detected change in 'C:\\Users\\Muiz\\AppData\\Local\\Programs\\Python\\Python313\\Lib\\site-packages\\transformers\\models\\vitdet\\configuration_vitdet.py', reloading
2026-07-04 16:03:22,791 - INFO -  * Detected change in 'C:\\Users\\Muiz\\AppData\\Local\\Programs\\Python\\Python313\\Lib\\site-packages\\transformers\\models\\vitdet\\modeling_vitdet.py', reloading
2026-07-04 16:03:22,807 - INFO -  * Detected change in 'C:\\Users\\Muiz\\AppData\\Local\\Programs\\Python\\Python313\\Lib\\site-packages\\transformers\\models\\vitmatte\\__init__.py', reloading
2026-07-04 16:03:22,819 - INFO -  * Detected change in 'C:\\Users\\Muiz\\AppData\\Local\\Programs\\Python\\Python313\\Lib\\site-packages\\transformers\\models\\vitmatte\\configuration_vitmatte.py', reloading
2026-07-04 16:03:22,833 - INFO -  * Detected change in 'C:\\Users\\Muiz\\AppData\\Local\\Programs\\Python\\Python313\\Lib\\site-packages\\transformers\\models\\vitmatte\\image_processing_vitmatte.py', reloading
2026-07-04 16:03:22,845 - INFO -  * Detected change in 'C:\\Users\\Muiz\\AppData\\Local\\Programs\\Python\\Python313\\Lib\\site-packages\\transformers\\models\\vitmatte\\image_processing_vitmatte_fast.py', reloading
2026-07-04 16:03:22,858 - INFO -  * Detected change in 'C:\\Users\\Muiz\\AppData\\Local\\Programs\\Python\\Python313\\Lib\\site-packages\\transformers\\models\\vitmatte\\modeling_vitmatte.py', reloading
2026-07-04 16:03:22,868 - INFO -  * Detected change in 'C:\\Users\\Muiz\\AppData\\Local\\Programs\\Python\\Python313\\Lib\\site-packages\\transformers\\models\\vitpose\\__init__.py', reloading
2026-07-04 16:03:22,879 - INFO -  * Detected change in 'C:\\Users\\Muiz\\AppData\\Local\\Programs\\Python\\Python313\\Lib\\site-packages\\transformers\\models\\vitpose\\configuration_vitpose.py', reloading
2026-07-04 16:03:22,890 - INFO -  * Detected change in 'C:\\Users\\Muiz\\AppData\\Local\\Programs\\Python\\Python313\\Lib\\site-packages\\transformers\\models\\vitpose\\image_processing_vitpose.py', reloading
2026-07-04 16:03:22,905 - INFO -  * Detected change in 'C:\\Users\\Muiz\\AppData\\Local\\Programs\\Python\\Python313\\Lib\\site-packages\\transformers\\models\\vitpose\\modeling_vitpose.py', reloading
2026-07-04 16:03:22,923 - INFO -  * Detected change in 'C:\\Users\\Muiz\\AppData\\Local\\Programs\\Python\\Python313\\Lib\\site-packages\\transformers\\models\\vitpose_backbone\\__init__.py', reloading
2026-07-04 16:03:22,935 - INFO -  * Detected change in 'C:\\Users\\Muiz\\AppData\\Local\\Programs\\Python\\Python313\\Lib\\site-packages\\transformers\\models\\vitpose_backbone\\configuration_vitpose_backbone.py', reloading
2026-07-04 16:03:22,946 - INFO -  * Detected change in 'C:\\Users\\Muiz\\AppData\\Local\\Programs\\Python\\Python313\\Lib\\site-packages\\transformers\\models\\vitpose_backbone\\modeling_vitpose_backbone.py', reloading
2026-07-04 16:03:22,958 - INFO -  * Detected change in 'C:\\Users\\Muiz\\AppData\\Local\\Programs\\Python\\Python313\\Lib\\site-packages\\transformers\\models\\vits\\__init__.py', reloading
2026-07-04 16:03:22,991 - INFO -  * Detected change in 'C:\\Users\\Muiz\\AppData\\Local\\Programs\\Python\\Python313\\Lib\\site-packages\\transformers\\models\\vits\\configuration_vits.py', reloading
2026-07-04 16:03:23,272 - INFO -  * Restarting with watchdog (windowsapi)
2026-07-04 16:03:25,094 - INFO - Model and TF-IDF vectorizer loaded successfully.
2026-07-04 16:03:25,452 - WARNING -  * Debugger is active!
2026-07-04 16:03:25,454 - INFO -  * Debugger PIN: 603-667-668
2026-07-04 16:03:25,508 - INFO -  * Detected change in 'C:\\Users\\Muiz\\AppData\\Local\\Programs\\Python\\Python313\\Lib\\site-packages\\transformers\\generation\\tf_logits_process.py', reloading
2026-07-04 16:03:25,549 - INFO -  * Detected change in 'C:\\Users\\Muiz\\AppData\\Local\\Programs\\Python\\Python313\\Lib\\site-packages\\transformers\\generation\\tf_utils.py', reloading
2026-07-04 16:03:25,574 - INFO -  * Detected change in 'C:\\Users\\Muiz\\AppData\\Local\\Programs\\Python\\Python313\\Lib\\site-packages\\transformers\\hf_argparser.py', reloading
2026-07-04 16:03:25,586 - INFO -  * Detected change in 'C:\\Users\\Muiz\\AppData\\Local\\Programs\\Python\\Python313\\Lib\\site-packages\\transformers\\image_processing_base.py', reloading
2026-07-04 16:03:25,598 - INFO -  * Detected change in 'C:\\Users\\Muiz\\AppData\\Local\\Programs\\Python\\Python313\\Lib\\site-packages\\transformers\\image_processing_utils.py', reloading
2026-07-04 16:03:25,610 - INFO -  * Detected change in 'C:\\Users\\Muiz\\AppData\\Local\\Programs\\Python\\Python313\\Lib\\site-packages\\transformers\\image_processing_utils_fast.py', reloading
2026-07-04 16:03:25,624 - INFO -  * Detected change in 'C:\\Users\\Muiz\\AppData\\Local\\Programs\\Python\\Python313\\Lib\\site-packages\\transformers\\image_utils.py', reloading
2026-07-04 16:03:25,638 - INFO -  * Detected change in 'C:\\Users\\Muiz\\AppData\\Local\\Programs\\Python\\Python313\\Lib\\site-packages\\transformers\\integrations\\__init__.py', reloading
2026-07-04 16:03:25,654 - INFO -  * Detected change in 'C:\\Users\\Muiz\\AppData\\Local\\Programs\\Python\\Python313\\Lib\\site-packages\\transformers\\integrations\\integration_utils.py', reloading
2026-07-04 16:03:25,679 - INFO -  * Detected change in 'C:\\Users\\Muiz\\AppData\\Local\\Programs\\Python\\Python313\\Lib\\site-packages\\transformers\\integrations\\executorch.py', reloading
2026-07-04 16:03:25,693 - INFO -  * Detected change in 'C:\\Users\\Muiz\\AppData\\Local\\Programs\\Python\\Python313\\Lib\\site-packages\\transformers\\keras_callbacks.py', reloading
2026-07-04 16:03:25,709 - INFO -  * Detected change in 'C:\\Users\\Muiz\\AppData\\Local\\Programs\\Python\\Python313\\Lib\\site-packages\\transformers\\masking_utils.py', reloading
2026-07-04 16:03:25,724 - INFO -  * Detected change in 'C:\\Users\\Muiz\\AppData\\Local\\Programs\\Python\\Python313\\Lib\\site-packages\\transformers\\model_debugging_utils.py', reloading
2026-07-04 16:03:25,742 - INFO -  * Detected change in 'C:\\Users\\Muiz\\AppData\\Local\\Programs\\Python\\Python313\\Lib\\site-packages\\transformers\\modelcard.py', reloading
2026-07-04 16:03:25,759 - INFO -  * Detected change in 'C:\\Users\\Muiz\\AppData\\Local\\Programs\\Python\\Python313\\Lib\\site-packages\\transformers\\modeling_flax_utils.py', reloading
2026-07-04 16:03:25,774 - INFO -  * Detected change in 'C:\\Users\\Muiz\\AppData\\Local\\Programs\\Python\\Python313\\Lib\\site-packages\\transformers\\modeling_layers.py', reloading
2026-07-04 16:03:25,787 - INFO -  * Detected change in 'C:\\Users\\Muiz\\AppData\\Local\\Programs\\Python\\Python313\\Lib\\site-packages\\transformers\\modeling_rope_utils.py', reloading
2026-07-04 16:03:25,801 - INFO -  * Detected change in 'C:\\Users\\Muiz\\AppData\\Local\\Programs\\Python\\Python313\\Lib\\site-packages\\transformers\\modeling_tf_pytorch_utils.py', reloading
2026-07-04 16:03:25,819 - INFO -  * Detected change in 'C:\\Users\\Muiz\\AppData\\Local\\Programs\\Python\\Python313\\Lib\\site-packages\\transformers\\modeling_tf_utils.py', reloading
2026-07-04 16:03:25,841 - INFO -  * Detected change in 'C:\\Users\\Muiz\\AppData\\Local\\Programs\\Python\\Python313\\Lib\\site-packages\\transformers\\tf_utils.py', reloading
2026-07-04 16:03:25,862 - INFO -  * Detected change in 'C:\\Users\\Muiz\\AppData\\Local\\Programs\\Python\\Python313\\Lib\\site-packages\\transformers\\modeling_utils.py', reloading
2026-07-04 16:03:25,903 - INFO -  * Detected change in 'C:\\Users\\Muiz\\AppData\\Local\\Programs\\Python\\Python313\\Lib\\site-packages\\transformers\\integrations\\deepspeed.py', reloading
2026-07-04 16:03:25,914 - INFO -  * Detected change in 'C:\\Users\\Muiz\\AppData\\Local\\Programs\\Python\\Python313\\Lib\\site-packages\\transformers\\integrations\\fsdp.py', reloading
2026-07-04 16:03:25,936 - INFO -  * Detected change in 'C:\\Users\\Muiz\\AppData\\Local\\Programs\\Python\\Python313\\Lib\\site-packages\\transformers\\models\\prompt_depth_anything\\configuration_prompt_depth_anything.py', reloading
2026-07-04 16:03:25,948 - INFO -  * Detected change in 'C:\\Users\\Muiz\\AppData\\Local\\Programs\\Python\\Python313\\Lib\\site-packages\\transformers\\models\\prompt_depth_anything\\image_processing_prompt_depth_anything.py', reloading
2026-07-04 16:03:25,960 - INFO -  * Detected change in 'C:\\Users\\Muiz\\AppData\\Local\\Programs\\Python\\Python313\\Lib\\site-packages\\transformers\\models\\prompt_depth_anything\\image_processing_prompt_depth_anything_fast.py', reloading
2026-07-04 16:03:25,973 - INFO -  * Detected change in 'C:\\Users\\Muiz\\AppData\\Local\\Programs\\Python\\Python313\\Lib\\site-packages\\transformers\\models\\prompt_depth_anything\\modeling_prompt_depth_anything.py', reloading
2026-07-04 16:03:25,992 - INFO -  * Detected change in 'C:\\Users\\Muiz\\AppData\\Local\\Programs\\Python\\Python313\\Lib\\site-packages\\transformers\\optimization.py', reloading
2026-07-04 16:03:26,007 - INFO -  * Detected change in 'C:\\Users\\Muiz\\AppData\\Local\\Programs\\Python\\Python313\\Lib\\site-packages\\transformers\\optimization_tf.py', reloading
2026-07-04 16:03:26,038 - INFO -  * Detected change in 'C:\\Users\\Muiz\\AppData\\Local\\Programs\\Python\\Python313\\Lib\\site-packages\\transformers\\pipelines\\__init__.py', reloading
2026-07-04 16:03:26,060 - INFO -  * Detected change in 'C:\\Users\\Muiz\\AppData\\Local\\Programs\\Python\\Python313\\Lib\\site-packages\\transformers\\pipelines\\audio_classification.py', reloading
2026-07-04 16:03:26,071 - INFO -  * Detected change in 'C:\\Users\\Muiz\\AppData\\Local\\Programs\\Python\\Python313\\Lib\\site-packages\\transformers\\pipelines\\automatic_speech_recognition.py', reloading
2026-07-04 16:03:26,085 - INFO -  * Detected change in 'C:\\Users\\Muiz\\AppData\\Local\\Programs\\Python\\Python313\\Lib\\site-packages\\transformers\\pipelines\\base.py', reloading
2026-07-04 16:03:26,101 - INFO -  * Detected change in 'C:\\Users\\Muiz\\AppData\\Local\\Programs\\Python\\Python313\\Lib\\site-packages\\transformers\\pipelines\\depth_estimation.py', reloading
2026-07-04 16:03:26,113 - INFO -  * Detected change in 'C:\\Users\\Muiz\\AppData\\Local\\Programs\\Python\\Python313\\Lib\\site-packages\\transformers\\pipelines\\document_question_answering.py', reloading
2026-07-04 16:03:26,126 - INFO -  * Detected change in 'C:\\Users\\Muiz\\AppData\\Local\\Programs\\Python\\Python313\\Lib\\site-packages\\transformers\\pipelines\\feature_extraction.py', reloading
2026-07-04 16:03:26,138 - INFO -  * Detected change in 'C:\\Users\\Muiz\\AppData\\Local\\Programs\\Python\\Python313\\Lib\\site-packages\\transformers\\pipelines\\fill_mask.py', reloading
2026-07-04 16:03:26,152 - INFO -  * Detected change in 'C:\\Users\\Muiz\\AppData\\Local\\Programs\\Python\\Python313\\Lib\\site-packages\\transformers\\pipelines\\image_classification.py', reloading
2026-07-04 16:03:26,163 - INFO -  * Detected change in 'C:\\Users\\Muiz\\AppData\\Local\\Programs\\Python\\Python313\\Lib\\site-packages\\transformers\\pipelines\\image_feature_extraction.py', reloading
2026-07-04 16:03:26,203 - INFO -  * Detected change in 'C:\\Users\\Muiz\\AppData\\Local\\Programs\\Python\\Python313\\Lib\\site-packages\\transformers\\pipelines\\image_segmentation.py', reloading
2026-07-04 16:03:26,229 - INFO -  * Detected change in 'C:\\Users\\Muiz\\AppData\\Local\\Programs\\Python\\Python313\\Lib\\site-packages\\transformers\\pipelines\\image_text_to_text.py', reloading
2026-07-04 16:03:26,251 - INFO -  * Detected change in 'C:\\Users\\Muiz\\AppData\\Local\\Programs\\Python\\Python313\\Lib\\site-packages\\transformers\\pipelines\\image_to_image.py', reloading
2026-07-04 16:03:26,265 - INFO -  * Detected change in 'C:\\Users\\Muiz\\AppData\\Local\\Programs\\Python\\Python313\\Lib\\site-packages\\transformers\\pipelines\\image_to_text.py', reloading
2026-07-04 16:03:26,281 - INFO -  * Detected change in 'C:\\Users\\Muiz\\AppData\\Local\\Programs\\Python\\Python313\\Lib\\site-packages\\transformers\\pipelines\\keypoint_matching.py', reloading
2026-07-04 16:03:26,292 - INFO -  * Detected change in 'C:\\Users\\Muiz\\AppData\\Local\\Programs\\Python\\Python313\\Lib\\site-packages\\transformers\\pipelines\\mask_generation.py', reloading
2026-07-04 16:03:26,304 - INFO -  * Detected change in 'C:\\Users\\Muiz\\AppData\\Local\\Programs\\Python\\Python313\\Lib\\site-packages\\transformers\\pipelines\\token_classification.py', reloading
2026-07-04 16:03:26,321 - INFO -  * Detected change in 'C:\\Users\\Muiz\\AppData\\Local\\Programs\\Python\\Python313\\Lib\\site-packages\\transformers\\pipelines\\object_detection.py', reloading
2026-07-04 16:03:26,337 - INFO -  * Detected change in 'C:\\Users\\Muiz\\AppData\\Local\\Programs\\Python\\Python313\\Lib\\site-packages\\transformers\\pipelines\\question_answering.py', reloading
2026-07-04 16:03:26,350 - INFO -  * Detected change in 'C:\\Users\\Muiz\\AppData\\Local\\Programs\\Python\\Python313\\Lib\\site-packages\\transformers\\pipelines\\text2text_generation.py', reloading
2026-07-04 16:03:26,360 - INFO -  * Detected change in 'C:\\Users\\Muiz\\AppData\\Local\\Programs\\Python\\Python313\\Lib\\site-packages\\transformers\\pipelines\\table_question_answering.py', reloading
2026-07-04 16:03:26,374 - INFO -  * Detected change in 'C:\\Users\\Muiz\\AppData\\Local\\Programs\\Python\\Python313\\Lib\\site-packages\\transformers\\pipelines\\text_classification.py', reloading
2026-07-04 16:03:26,398 - INFO -  * Detected change in 'C:\\Users\\Muiz\\AppData\\Local\\Programs\\Python\\Python313\\Lib\\site-packages\\transformers\\pipelines\\text_generation.py', reloading
2026-07-04 16:03:26,425 - INFO -  * Detected change in 'C:\\Users\\Muiz\\AppData\\Local\\Programs\\Python\\Python313\\Lib\\site-packages\\transformers\\pipelines\\text_to_audio.py', reloading
2026-07-04 16:03:26,456 - INFO -  * Detected change in 'C:\\Users\\Muiz\\AppData\\Local\\Programs\\Python\\Python313\\Lib\\site-packages\\transformers\\pipelines\\video_classification.py', reloading
2026-07-04 16:03:26,467 - INFO -  * Detected change in 'C:\\Users\\Muiz\\AppData\\Local\\Programs\\Python\\Python313\\Lib\\site-packages\\transformers\\pipelines\\visual_question_answering.py', reloading
2026-07-04 16:03:26,755 - INFO -  * Restarting with watchdog (windowsapi)
2026-07-04 16:03:29,515 - INFO - Model and TF-IDF vectorizer loaded successfully.
2026-07-04 16:03:29,882 - WARNING -  * Debugger is active!
2026-07-04 16:03:29,884 - INFO -  * Debugger PIN: 603-667-668
2026-07-04 16:03:53,886 - INFO - Model and TF-IDF vectorizer loaded successfully.
2026-07-04 16:03:55,397 - INFO - [31m[1mWARNING: This is a development server. Do not use it in a production deployment. Use a production WSGI server instead.[0m
 * Running on http://127.0.0.1:5000
2026-07-04 16:03:55,397 - INFO - [33mPress CTRL+C to quit[0m
2026-07-04 16:03:55,411 - INFO -  * Restarting with watchdog (windowsapi)
2026-07-04 16:03:57,344 - INFO - Model and TF-IDF vectorizer loaded successfully.
2026-07-04 16:03:58,809 - WARNING -  * Debugger is active!
2026-07-04 16:03:58,811 - INFO -  * Debugger PIN: 603-667-668
2026-07-04 16:03:58,832 - INFO - 127.0.0.1 - - [04/Jul/2026 16:03:58] "GET / HTTP/1.1" 200 -
2026-07-04 16:04:11,556 - INFO - 127.0.0.1 - - [04/Jul/2026 16:04:11] "GET /load_dataset HTTP/1.1" 200 -
2026-07-04 16:04:19,235 - INFO - 127.0.0.1 - - [04/Jul/2026 16:04:19] "GET /model_accuracy HTTP/1.1" 200 -
2026-07-04 16:27:28,698 - INFO - Model and TF-IDF vectorizer loaded successfully.
2026-07-04 16:27:29,022 - INFO - [31m[1mWARNING: This is a development server. Do not use it in a production deployment. Use a production WSGI server instead.[0m
 * Running on http://127.0.0.1:5000
2026-07-04 16:27:29,022 - INFO - [33mPress CTRL+C to quit[0m
2026-07-04 16:27:29,032 - INFO -  * Restarting with watchdog (windowsapi)
2026-07-04 16:27:30,636 - INFO - Model and TF-IDF vectorizer loaded successfully.
2026-07-04 16:27:30,932 - WARNING -  * Debugger is active!
2026-07-04 16:27:30,934 - INFO -  * Debugger PIN: 603-667-668
2026-07-04 16:27:33,608 - INFO - 127.0.0.1 - - [04/Jul/2026 16:27:33] "GET / HTTP/1.1" 200 -
2026-07-04 16:29:05,679 - INFO - 127.0.0.1 - - [04/Jul/2026 16:29:05] "GET /load_dataset HTTP/1.1" 200 -
2026-07-04 16:29:12,049 - INFO - 127.0.0.1 - - [04/Jul/2026 16:29:12] "GET /model_accuracy HTTP/1.1" 200 -
2026-07-04 16:31:07,830 - INFO - 127.0.0.1 - - [04/Jul/2026 16:31:07] "POST /predict HTTP/1.1" 200 -
2026-07-04 16:31:07,838 - INFO - 127.0.0.1 - - [04/Jul/2026 16:31:07] "GET /selected_features HTTP/1.1" 200 -
